inventory_year,category_code,category_label,crf_2023_total_ghg_kt_co2eq_ar4,crt_2025_total_ghg_kt_co2eq_ar5,total_difference_crt_minus_crf_kt_co2eq,total_difference_percent_of_crf,crf_2023_co2_kt,crt_2025_co2_kt,co2_difference_crt_minus_crf_kt,co2_difference_percent_of_crf,interpretation_note
1990,2,Total industrial processes,22737.3994337376,22741.283086653988,3.88365291638911,0.01708046220372314,22705.0464337376,22705.045906653988,-0.0005270836118143052,-2.321438158484044e-06,Total CO2eq comparison combines CRF AR4 and CRT AR5 GWP frameworks; CO2-only difference is less affected by GWP changes.
1990,2.A,Mineral industry,2901.7582337375998,2901.7582241376,-9.59999988481286e-06,-3.3083389833093065e-07,2901.7582337375998,2901.7582241376,-9.59999988481286e-06,-3.3083389833093065e-07,Total CO2eq comparison combines CRF AR4 and CRT AR5 GWP frameworks; CO2-only difference is less affected by GWP changes.
1990,2.A.1,Cement production,1015.078,1015.078,0.0,0.0,1015.078,1015.078,0.0,0.0,Total CO2eq comparison combines CRF AR4 and CRT AR5 GWP frameworks; CO2-only difference is less affected by GWP changes.
1990,2.A.2,Lime production,1489.31,1489.3094999999998,-0.0005000000001018634,-3.357259402688919e-05,1489.31,1489.3094999999998,-0.0005000000001018634,-3.357259402688919e-05,Total CO2eq comparison combines CRF AR4 and CRT AR5 GWP frameworks; CO2-only difference is less affected by GWP changes.
1990,2.A.3,Glass production,0.0,0.0,0.0,,0.0,0.0,0.0,,Total CO2eq comparison combines CRF AR4 and CRT AR5 GWP frameworks; CO2-only difference is less affected by GWP changes.
1990,2.A.4,Other process uses of carbonates,397.3702337375999,397.3707241375999,0.0004903999999896769,0.00012341135755868126,397.3702337375999,397.3707241375999,0.0004903999999896769,0.00012341135755868126,Total CO2eq comparison combines CRF AR4 and CRT AR5 GWP frameworks; CO2-only difference is less affected by GWP changes.
1990,2.B,Chemical industry,1270.4177,1270.4181296497866,0.0004296497866107529,3.3819568682863356e-05,1270.4177,1270.4181296497866,0.0004296497866107529,3.3819568682863356e-05,Total CO2eq comparison combines CRF AR4 and CRT AR5 GWP frameworks; CO2-only difference is less affected by GWP changes.
1990,2.B.1,Ammonia production,995.458,995.4584296497866,0.0004296497866107529,4.316101599572789e-05,995.458,995.4584296497866,0.0004296497866107529,4.316101599572789e-05,Total CO2eq comparison combines CRF AR4 and CRT AR5 GWP frameworks; CO2-only difference is less affected by GWP changes.
1990,2.B.10,Other,0.0,0.0,0.0,,0.0,0.0,0.0,,Total CO2eq comparison combines CRF AR4 and CRT AR5 GWP frameworks; CO2-only difference is less affected by GWP changes.
1990,2.B.2,Nitric acid production,0.0,0.0,0.0,,0.0,0.0,0.0,,Total CO2eq comparison combines CRF AR4 and CRT AR5 GWP frameworks; CO2-only difference is less affected by GWP changes.
1990,2.B.3,Adipic acid production,0.0,0.0,0.0,,0.0,0.0,0.0,,Total CO2eq comparison combines CRF AR4 and CRT AR5 GWP frameworks; CO2-only difference is less affected by GWP changes.
1990,2.B.4,"Caprolactam, glyoxal and glyoxylic acid production",0.0,0.0,0.0,,0.0,0.0,0.0,,Total CO2eq comparison combines CRF AR4 and CRT AR5 GWP frameworks; CO2-only difference is less affected by GWP changes.
1990,2.B.5,Carbide production,274.9597,274.9597,0.0,0.0,274.9597,274.9597,0.0,0.0,Total CO2eq comparison combines CRF AR4 and CRT AR5 GWP frameworks; CO2-only difference is less affected by GWP changes.
1990,2.B.6,Titanium dioxide production,0.0,0.0,0.0,,0.0,0.0,0.0,,Total CO2eq comparison combines CRF AR4 and CRT AR5 GWP frameworks; CO2-only difference is less affected by GWP changes.
1990,2.B.7,Soda ash production,0.0,0.0,0.0,,0.0,0.0,0.0,,Total CO2eq comparison combines CRF AR4 and CRT AR5 GWP frameworks; CO2-only difference is less affected by GWP changes.
1990,2.B.8,Petrochemical and carbon black production,0.0,0.0,0.0,,0.0,0.0,0.0,,Total CO2eq comparison combines CRF AR4 and CRT AR5 GWP frameworks; CO2-only difference is less affected by GWP changes.
1990,2.B.9,Fluorochemical production,0.0,0.0,0.0,,0.0,0.0,0.0,,Total CO2eq comparison combines CRF AR4 and CRT AR5 GWP frameworks; CO2-only difference is less affected by GWP changes.
1990,2.C,Metal industry,18562.8655,18566.748673906604,3.8831739066044975,0.02091904348821844,18530.5125,18530.511493906604,-0.001006093396426877,-5.429387861921666e-06,Total CO2eq comparison combines CRF AR4 and CRT AR5 GWP frameworks; CO2-only difference is less affected by GWP changes.
1990,2.C.1,Iron and steel production,16134.4195,16136.459281906606,2.03978190660564,0.012642425137177324,16117.4165,16117.415921906606,-0.000578093393414747,-3.5867621427711263e-06,Total CO2eq comparison combines CRF AR4 and CRT AR5 GWP frameworks; CO2-only difference is less affected by GWP changes.
1990,2.C.2,Ferroalloys production,2161.299,2163.143032,1.8440319999999701,0.08532054102648315,2145.949,2145.949212,0.0002119999999194988,9.879079135594499e-06,Total CO2eq comparison combines CRF AR4 and CRT AR5 GWP frameworks; CO2-only difference is less affected by GWP changes.
1990,2.C.3,Aluminium production,0.0,0.0,0.0,,0.0,0.0,0.0,,Total CO2eq comparison combines CRF AR4 and CRT AR5 GWP frameworks; CO2-only difference is less affected by GWP changes.
1990,2.C.4,Magnesium production,0.0,0.0,0.0,,0.0,0.0,0.0,,Total CO2eq comparison combines CRF AR4 and CRT AR5 GWP frameworks; CO2-only difference is less affected by GWP changes.
1990,2.C.5,Lead production,150.956,150.95600000000002,2.842170943040401e-14,1.8827810375476302e-14,150.956,150.95600000000002,2.842170943040401e-14,1.8827810375476302e-14,Total CO2eq comparison combines CRF AR4 and CRT AR5 GWP frameworks; CO2-only difference is less affected by GWP changes.
1990,2.C.6,Zinc production,116.191,116.19036,-0.0006400000000041928,-0.0005508171889425108,116.191,116.19036,-0.0006400000000041928,-0.0005508171889425108,Total CO2eq comparison combines CRF AR4 and CRT AR5 GWP frameworks; CO2-only difference is less affected by GWP changes.
1990,2.C.7,Other,0.0,0.0,0.0,,0.0,0.0,0.0,,Total CO2eq comparison combines CRF AR4 and CRT AR5 GWP frameworks; CO2-only difference is less affected by GWP changes.
1991,2,Total industrial processes,21713.79541542616,21717.253075386285,3.457659960124147,0.0159237935790245,21685.02141542616,21685.022219386286,0.0008039601270866115,3.7074444690872894e-06,Total CO2eq comparison combines CRF AR4 and CRT AR5 GWP frameworks; CO2-only difference is less affected by GWP changes.
1991,2.A,Mineral industry,2525.16891542616,2525.16836912616,-0.0005462999997689622,-2.1634196288083403e-05,2525.16891542616,2525.16836912616,-0.0005462999997689622,-2.1634196288083403e-05,Total CO2eq comparison combines CRF AR4 and CRT AR5 GWP frameworks; CO2-only difference is less affected by GWP changes.
1991,2.A.1,Cement production,804.064,804.064,0.0,0.0,804.064,804.064,0.0,0.0,Total CO2eq comparison combines CRF AR4 and CRT AR5 GWP frameworks; CO2-only difference is less affected by GWP changes.
1991,2.A.2,Lime production,1381.31,1381.309,-0.0009999999999763531,-7.239504528138891e-05,1381.31,1381.309,-0.0009999999999763531,-7.239504528138891e-05,Total CO2eq comparison combines CRF AR4 and CRT AR5 GWP frameworks; CO2-only difference is less affected by GWP changes.
1991,2.A.3,Glass production,0.0,0.0,0.0,,0.0,0.0,0.0,,Total CO2eq comparison combines CRF AR4 and CRT AR5 GWP frameworks; CO2-only difference is less affected by GWP changes.
1991,2.A.4,Other process uses of carbonates,339.79491542616006,339.79536912616004,0.0004536999999800173,0.00013352171541796057,339.79491542616006,339.79536912616004,0.0004536999999800173,0.00013352171541796057,Total CO2eq comparison combines CRF AR4 and CRT AR5 GWP frameworks; CO2-only difference is less affected by GWP changes.
1991,2.B,Chemical industry,1203.377,1203.3772746903999,0.0002746903999195638,2.2826628722300975e-05,1203.377,1203.3772746903999,0.0002746903999195638,2.2826628722300975e-05,Total CO2eq comparison combines CRF AR4 and CRT AR5 GWP frameworks; CO2-only difference is less affected by GWP changes.
1991,2.B.1,Ammonia production,989.126,989.1262746903998,0.00027469039980587695,2.7771022074627193e-05,989.126,989.1262746903998,0.00027469039980587695,2.7771022074627193e-05,Total CO2eq comparison combines CRF AR4 and CRT AR5 GWP frameworks; CO2-only difference is less affected by GWP changes.
1991,2.B.10,Other,0.0,0.0,0.0,,0.0,0.0,0.0,,Total CO2eq comparison combines CRF AR4 and CRT AR5 GWP frameworks; CO2-only difference is less affected by GWP changes.
1991,2.B.2,Nitric acid production,0.0,0.0,0.0,,0.0,0.0,0.0,,Total CO2eq comparison combines CRF AR4 and CRT AR5 GWP frameworks; CO2-only difference is less affected by GWP changes.
1991,2.B.3,Adipic acid production,0.0,0.0,0.0,,0.0,0.0,0.0,,Total CO2eq comparison combines CRF AR4 and CRT AR5 GWP frameworks; CO2-only difference is less affected by GWP changes.
1991,2.B.4,"Caprolactam, glyoxal and glyoxylic acid production",0.0,0.0,0.0,,0.0,0.0,0.0,,Total CO2eq comparison combines CRF AR4 and CRT AR5 GWP frameworks; CO2-only difference is less affected by GWP changes.
1991,2.B.5,Carbide production,214.251,214.251,0.0,0.0,214.251,214.251,0.0,0.0,Total CO2eq comparison combines CRF AR4 and CRT AR5 GWP frameworks; CO2-only difference is less affected by GWP changes.
1991,2.B.6,Titanium dioxide production,0.0,0.0,0.0,,0.0,0.0,0.0,,Total CO2eq comparison combines CRF AR4 and CRT AR5 GWP frameworks; CO2-only difference is less affected by GWP changes.
1991,2.B.7,Soda ash production,0.0,0.0,0.0,,0.0,0.0,0.0,,Total CO2eq comparison combines CRF AR4 and CRT AR5 GWP frameworks; CO2-only difference is less affected by GWP changes.
1991,2.B.8,Petrochemical and carbon black production,0.0,0.0,0.0,,0.0,0.0,0.0,,Total CO2eq comparison combines CRF AR4 and CRT AR5 GWP frameworks; CO2-only difference is less affected by GWP changes.
1991,2.B.9,Fluorochemical production,0.0,0.0,0.0,,0.0,0.0,0.0,,Total CO2eq comparison combines CRF AR4 and CRT AR5 GWP frameworks; CO2-only difference is less affected by GWP changes.
1991,2.C,Metal industry,17983.0095,17986.467313649726,3.457813649725722,0.01922822567449415,17954.2355,17954.236457649728,0.0009576497286616359,5.33383740377938e-06,Total CO2eq comparison combines CRF AR4 and CRT AR5 GWP frameworks; CO2-only difference is less affected by GWP changes.
1991,2.C.1,Iron and steel production,15692.4665,15694.342045649726,1.875545649725609,0.011951885637134283,15676.8425,15676.843165649727,0.0006656497262156336,4.246070126784992e-06,Total CO2eq comparison combines CRF AR4 and CRT AR5 GWP frameworks; CO2-only difference is less affected by GWP changes.
1991,2.C.2,Ferroalloys production,2058.038,2059.620008,1.5820079999998597,0.07686971766312671,2044.888,2044.888032,3.200000014658144e-05,1.5648778880105632e-06,Total CO2eq comparison combines CRF AR4 and CRT AR5 GWP frameworks; CO2-only difference is less affected by GWP changes.
1991,2.C.3,Aluminium production,0.0,0.0,0.0,,0.0,0.0,0.0,,Total CO2eq comparison combines CRF AR4 and CRT AR5 GWP frameworks; CO2-only difference is less affected by GWP changes.
1991,2.C.4,Magnesium production,0.0,0.0,0.0,,0.0,0.0,0.0,,Total CO2eq comparison combines CRF AR4 and CRT AR5 GWP frameworks; CO2-only difference is less affected by GWP changes.
1991,2.C.5,Lead production,137.488,137.488,0.0,0.0,137.488,137.488,0.0,0.0,Total CO2eq comparison combines CRF AR4 and CRT AR5 GWP frameworks; CO2-only difference is less affected by GWP changes.
1991,2.C.6,Zinc production,95.017,95.01726000000001,0.0002600000000114733,0.00027363524423153044,95.017,95.01726000000001,0.0002600000000114733,0.00027363524423153044,Total CO2eq comparison combines CRF AR4 and CRT AR5 GWP frameworks; CO2-only difference is less affected by GWP changes.
1991,2.C.7,Other,0.0,0.0,0.0,,0.0,0.0,0.0,,Total CO2eq comparison combines CRF AR4 and CRT AR5 GWP frameworks; CO2-only difference is less affected by GWP changes.
1992,2,Total industrial processes,19795.8528310336,19798.78352403571,2.9306930021084554,0.01480458067213988,19771.3828310336,19771.38320003571,0.0003690021112561226,1.8663444757992786e-06,Total CO2eq comparison combines CRF AR4 and CRT AR5 GWP frameworks; CO2-only difference is less affected by GWP changes.
1992,2.A,Mineral industry,2246.2607310336,2246.2593672335997,-0.0013638000004903006,-6.0714234178093754e-05,2246.2607310336,2246.2593672335997,-0.0013638000004903006,-6.0714234178093754e-05,Total CO2eq comparison combines CRF AR4 and CRT AR5 GWP frameworks; CO2-only difference is less affected by GWP changes.
1992,2.A.1,Cement production,699.188,699.188,0.0,0.0,699.188,699.188,0.0,0.0,Total CO2eq comparison combines CRF AR4 and CRT AR5 GWP frameworks; CO2-only difference is less affected by GWP changes.
1992,2.A.2,Lime production,1252.768,1252.767,-0.0009999999999763531,-7.98232394167438e-05,1252.768,1252.767,-0.0009999999999763531,-7.98232394167438e-05,Total CO2eq comparison combines CRF AR4 and CRT AR5 GWP frameworks; CO2-only difference is less affected by GWP changes.
1992,2.A.3,Glass production,0.0,0.0,0.0,,0.0,0.0,0.0,,Total CO2eq comparison combines CRF AR4 and CRT AR5 GWP frameworks; CO2-only difference is less affected by GWP changes.
1992,2.A.4,Other process uses of carbonates,294.30473103360004,294.30436723360003,-0.0003638000000023567,-0.00012361337132593448,294.30473103360004,294.30436723360003,-0.0003638000000023567,-0.00012361337132593448,Total CO2eq comparison combines CRF AR4 and CRT AR5 GWP frameworks; CO2-only difference is less affected by GWP changes.
1992,2.B,Chemical industry,845.9007999999999,845.9010324286132,0.00023242861334438203,2.7477053260191038e-05,845.9007999999999,845.9010324286132,0.00023242861334438203,2.7477053260191038e-05,Total CO2eq comparison combines CRF AR4 and CRT AR5 GWP frameworks; CO2-only difference is less affected by GWP changes.
1992,2.B.1,Ammonia production,615.9658,615.9658324286132,3.24286132808993e-05,5.264677565036776e-06,615.9658,615.9658324286132,3.24286132808993e-05,5.264677565036776e-06,Total CO2eq comparison combines CRF AR4 and CRT AR5 GWP frameworks; CO2-only difference is less affected by GWP changes.
1992,2.B.10,Other,0.0,0.0,0.0,,0.0,0.0,0.0,,Total CO2eq comparison combines CRF AR4 and CRT AR5 GWP frameworks; CO2-only difference is less affected by GWP changes.
1992,2.B.2,Nitric acid production,0.0,0.0,0.0,,0.0,0.0,0.0,,Total CO2eq comparison combines CRF AR4 and CRT AR5 GWP frameworks; CO2-only difference is less affected by GWP changes.
1992,2.B.3,Adipic acid production,0.0,0.0,0.0,,0.0,0.0,0.0,,Total CO2eq comparison combines CRF AR4 and CRT AR5 GWP frameworks; CO2-only difference is less affected by GWP changes.
1992,2.B.4,"Caprolactam, glyoxal and glyoxylic acid production",0.0,0.0,0.0,,0.0,0.0,0.0,,Total CO2eq comparison combines CRF AR4 and CRT AR5 GWP frameworks; CO2-only difference is less affected by GWP changes.
1992,2.B.5,Carbide production,229.935,229.93519999999998,0.0001999999999782176,8.698110334582278e-05,229.935,229.93519999999998,0.0001999999999782176,8.698110334582278e-05,Total CO2eq comparison combines CRF AR4 and CRT AR5 GWP frameworks; CO2-only difference is less affected by GWP changes.
1992,2.B.6,Titanium dioxide production,0.0,0.0,0.0,,0.0,0.0,0.0,,Total CO2eq comparison combines CRF AR4 and CRT AR5 GWP frameworks; CO2-only difference is less affected by GWP changes.
1992,2.B.7,Soda ash production,0.0,0.0,0.0,,0.0,0.0,0.0,,Total CO2eq comparison combines CRF AR4 and CRT AR5 GWP frameworks; CO2-only difference is less affected by GWP changes.
1992,2.B.8,Petrochemical and carbon black production,0.0,0.0,0.0,,0.0,0.0,0.0,,Total CO2eq comparison combines CRF AR4 and CRT AR5 GWP frameworks; CO2-only difference is less affected by GWP changes.
1992,2.B.9,Fluorochemical production,0.0,0.0,0.0,,0.0,0.0,0.0,,Total CO2eq comparison combines CRF AR4 and CRT AR5 GWP frameworks; CO2-only difference is less affected by GWP changes.
1992,2.C,Metal industry,16701.5613,16704.492947493494,2.931647493493074,0.01755313434973935,16677.0913,16677.092623493496,0.0013234934958745725,7.935997183601032e-06,Total CO2eq comparison combines CRF AR4 and CRT AR5 GWP frameworks; CO2-only difference is less affected by GWP changes.
1992,2.C.1,Iron and steel production,14493.969299999999,14495.657713725499,1.6884137255001406,0.011649077561521679,14479.8993,14479.899313725498,1.3725499229622073e-05,9.479001853018463e-08,Total CO2eq comparison combines CRF AR4 and CRT AR5 GWP frameworks; CO2-only difference is less affected by GWP changes.
1992,2.C.2,Ferroalloys production,1996.169,1997.411653768,1.2426537679998546,0.06225193197569216,1985.769,1985.769729768,0.0007297679999282991,3.6749893866220045e-05,Total CO2eq comparison combines CRF AR4 and CRT AR5 GWP frameworks; CO2-only difference is less affected by GWP changes.
1992,2.C.3,Aluminium production,0.0,0.0,0.0,,0.0,0.0,0.0,,Total CO2eq comparison combines CRF AR4 and CRT AR5 GWP frameworks; CO2-only difference is less affected by GWP changes.
1992,2.C.4,Magnesium production,0.0,0.0,0.0,,0.0,0.0,0.0,,Total CO2eq comparison combines CRF AR4 and CRT AR5 GWP frameworks; CO2-only difference is less affected by GWP changes.
1992,2.C.5,Lead production,126.464,126.464,0.0,0.0,126.464,126.464,0.0,0.0,Total CO2eq comparison combines CRF AR4 and CRT AR5 GWP frameworks; CO2-only difference is less affected by GWP changes.
1992,2.C.6,Zinc production,84.959,84.95958,0.0005799999999993588,0.0006826822349596379,84.959,84.95958,0.0005799999999993588,0.0006826822349596379,Total CO2eq comparison combines CRF AR4 and CRT AR5 GWP frameworks; CO2-only difference is less affected by GWP changes.
1992,2.C.7,Other,0.0,0.0,0.0,,0.0,0.0,0.0,,Total CO2eq comparison combines CRF AR4 and CRT AR5 GWP frameworks; CO2-only difference is less affected by GWP changes.
1993,2,Total industrial processes,16820.649694447013,16822.87243073113,2.2227362841185823,0.013214330745217126,16801.40567891176,16801.403091153632,-0.002587758128356654,-1.5402033483452352e-05,Total CO2eq comparison combines CRF AR4 and CRT AR5 GWP frameworks; CO2-only difference is less affected by GWP changes.
1993,2.A,Mineral industry,1677.11187891176,1677.11288921176,0.0010102999999617168,6.0240465330033775e-05,1677.11187891176,1677.11288921176,0.0010102999999617168,6.0240465330033775e-05,Total CO2eq comparison combines CRF AR4 and CRT AR5 GWP frameworks; CO2-only difference is less affected by GWP changes.
1993,2.A.1,Cement production,352.883,352.883,0.0,0.0,352.883,352.883,0.0,0.0,Total CO2eq comparison combines CRF AR4 and CRT AR5 GWP frameworks; CO2-only difference is less affected by GWP changes.
1993,2.A.2,Lime production,849.435,849.435,0.0,0.0,849.435,849.435,0.0,0.0,Total CO2eq comparison combines CRF AR4 and CRT AR5 GWP frameworks; CO2-only difference is less affected by GWP changes.
1993,2.A.3,Glass production,0.0,0.0,0.0,,0.0,0.0,0.0,,Total CO2eq comparison combines CRF AR4 and CRT AR5 GWP frameworks; CO2-only difference is less affected by GWP changes.
1993,2.A.4,Other process uses of carbonates,474.7938789117599,474.79488921175994,0.0010103000000185602,0.0002127870734842232,474.7938789117599,474.79488921175994,0.0010103000000185602,0.0002127870734842232,Total CO2eq comparison combines CRF AR4 and CRT AR5 GWP frameworks; CO2-only difference is less affected by GWP changes.
1993,2.B,Chemical industry,379.1128,379.11324136392,0.0004413639200038233,0.00011642021055575632,379.1128,379.11324136392,0.0004413639200038233,0.00011642021055575632,Total CO2eq comparison combines CRF AR4 and CRT AR5 GWP frameworks; CO2-only difference is less affected by GWP changes.
1993,2.B.1,Ammonia production,244.3338,244.33384136392002,4.136392001896638e-05,1.6929266445725638e-05,244.3338,244.33384136392002,4.136392001896638e-05,1.6929266445725638e-05,Total CO2eq comparison combines CRF AR4 and CRT AR5 GWP frameworks; CO2-only difference is less affected by GWP changes.
1993,2.B.10,Other,0.0,0.0,0.0,,0.0,0.0,0.0,,Total CO2eq comparison combines CRF AR4 and CRT AR5 GWP frameworks; CO2-only difference is less affected by GWP changes.
1993,2.B.2,Nitric acid production,0.0,0.0,0.0,,0.0,0.0,0.0,,Total CO2eq comparison combines CRF AR4 and CRT AR5 GWP frameworks; CO2-only difference is less affected by GWP changes.
1993,2.B.3,Adipic acid production,0.0,0.0,0.0,,0.0,0.0,0.0,,Total CO2eq comparison combines CRF AR4 and CRT AR5 GWP frameworks; CO2-only difference is less affected by GWP changes.
1993,2.B.4,"Caprolactam, glyoxal and glyoxylic acid production",0.0,0.0,0.0,,0.0,0.0,0.0,,Total CO2eq comparison combines CRF AR4 and CRT AR5 GWP frameworks; CO2-only difference is less affected by GWP changes.
1993,2.B.5,Carbide production,134.779,134.77939999999998,0.0003999999999848569,0.00029678213963960033,134.779,134.77939999999998,0.0003999999999848569,0.00029678213963960033,Total CO2eq comparison combines CRF AR4 and CRT AR5 GWP frameworks; CO2-only difference is less affected by GWP changes.
1993,2.B.6,Titanium dioxide production,0.0,0.0,0.0,,0.0,0.0,0.0,,Total CO2eq comparison combines CRF AR4 and CRT AR5 GWP frameworks; CO2-only difference is less affected by GWP changes.
1993,2.B.7,Soda ash production,0.0,0.0,0.0,,0.0,0.0,0.0,,Total CO2eq comparison combines CRF AR4 and CRT AR5 GWP frameworks; CO2-only difference is less affected by GWP changes.
1993,2.B.8,Petrochemical and carbon black production,0.0,0.0,0.0,,0.0,0.0,0.0,,Total CO2eq comparison combines CRF AR4 and CRT AR5 GWP frameworks; CO2-only difference is less affected by GWP changes.
1993,2.B.9,Fluorochemical production,0.0,0.0,0.0,,0.0,0.0,0.0,,Total CO2eq comparison combines CRF AR4 and CRT AR5 GWP frameworks; CO2-only difference is less affected by GWP changes.
1993,2.C,Metal industry,14762.041500000001,14764.301904737948,2.2604047379463736,0.01531227735639663,14743.171,14743.172124737948,0.0011247379479755182,7.6288740595596295e-06,Total CO2eq comparison combines CRF AR4 and CRT AR5 GWP frameworks; CO2-only difference is less affected by GWP changes.
1993,2.C.1,Iron and steel production,12560.810500000001,12562.159975033948,1.3494750339468737,0.010743534694253,12549.565,12549.565015033948,1.5033947420306504e-05,1.1979656203467215e-07,Total CO2eq comparison combines CRF AR4 and CRT AR5 GWP frameworks; CO2-only difference is less affected by GWP changes.
1993,2.C.2,Ferroalloys production,2026.204,2027.1144497039998,0.9104497039998023,0.04493376303668349,2018.579,2018.5796297039997,0.0006297039997207321,3.119541022277216e-05,Total CO2eq comparison combines CRF AR4 and CRT AR5 GWP frameworks; CO2-only difference is less affected by GWP changes.
1993,2.C.3,Aluminium production,0.0,0.0,0.0,,0.0,0.0,0.0,,Total CO2eq comparison combines CRF AR4 and CRT AR5 GWP frameworks; CO2-only difference is less affected by GWP changes.
1993,2.C.4,Magnesium production,0.0,0.0,0.0,,0.0,0.0,0.0,,Total CO2eq comparison combines CRF AR4 and CRT AR5 GWP frameworks; CO2-only difference is less affected by GWP changes.
1993,2.C.5,Lead production,132.652,132.65200000000002,2.842170943040401e-14,2.142576774598499e-14,132.652,132.65200000000002,2.842170943040401e-14,2.142576774598499e-14,Total CO2eq comparison combines CRF AR4 and CRT AR5 GWP frameworks; CO2-only difference is less affected by GWP changes.
1993,2.C.6,Zinc production,42.375,42.37548,0.0004800000000031446,0.0011327433628392793,42.375,42.37548,0.0004800000000031446,0.0011327433628392793,Total CO2eq comparison combines CRF AR4 and CRT AR5 GWP frameworks; CO2-only difference is less affected by GWP changes.
1993,2.C.7,Other,0.0,0.0,0.0,,0.0,0.0,0.0,,Total CO2eq comparison combines CRF AR4 and CRT AR5 GWP frameworks; CO2-only difference is less affected by GWP changes.
1994,2,Total industrial processes,12685.1683157228,12686.477154501561,1.3088387787611282,0.01031786686770936,12672.0352931904,12672.03157801756,-0.0037151728392927907,-2.93178858276162e-05,Total CO2eq comparison combines CRF AR4 and CRT AR5 GWP frameworks; CO2-only difference is less affected by GWP changes.
1994,2.A,Mineral industry,1194.9044931904,1194.9039167904,-0.0005763999999999214,-4.8238164914831894e-05,1194.9044931904,1194.9039167904,-0.0005763999999999214,-4.8238164914831894e-05,Total CO2eq comparison combines CRF AR4 and CRT AR5 GWP frameworks; CO2-only difference is less affected by GWP changes.
1994,2.A.1,Cement production,168.706,168.706,0.0,0.0,168.706,168.706,0.0,0.0,Total CO2eq comparison combines CRF AR4 and CRT AR5 GWP frameworks; CO2-only difference is less affected by GWP changes.
1994,2.A.2,Lime production,547.818,547.817,-0.0009999999999763531,-0.00018254237720855343,547.818,547.817,-0.0009999999999763531,-0.00018254237720855343,Total CO2eq comparison combines CRF AR4 and CRT AR5 GWP frameworks; CO2-only difference is less affected by GWP changes.
1994,2.A.3,Glass production,0.0,0.0,0.0,,0.0,0.0,0.0,,Total CO2eq comparison combines CRF AR4 and CRT AR5 GWP frameworks; CO2-only difference is less affected by GWP changes.
1994,2.A.4,Other process uses of carbonates,478.38049319040005,478.3809167904,0.0004235999999764317,8.854876108165951e-05,478.38049319040005,478.3809167904,0.0004235999999764317,8.854876108165951e-05,Total CO2eq comparison combines CRF AR4 and CRT AR5 GWP frameworks; CO2-only difference is less affected by GWP changes.
1994,2.B,Chemical industry,171.00449999999998,171.00452165458668,2.1654586703334644e-05,1.2663167754845426e-05,171.00449999999998,171.00452165458668,2.1654586703334644e-05,1.2663167754845426e-05,Total CO2eq comparison combines CRF AR4 and CRT AR5 GWP frameworks; CO2-only difference is less affected by GWP changes.
1994,2.B.1,Ammonia production,91.4887,91.48872165458668,2.165458668912379e-05,2.3669138034668534e-05,91.4887,91.48872165458668,2.165458668912379e-05,2.3669138034668534e-05,Total CO2eq comparison combines CRF AR4 and CRT AR5 GWP frameworks; CO2-only difference is less affected by GWP changes.
1994,2.B.10,Other,0.0,0.0,0.0,,0.0,0.0,0.0,,Total CO2eq comparison combines CRF AR4 and CRT AR5 GWP frameworks; CO2-only difference is less affected by GWP changes.
1994,2.B.2,Nitric acid production,0.0,0.0,0.0,,0.0,0.0,0.0,,Total CO2eq comparison combines CRF AR4 and CRT AR5 GWP frameworks; CO2-only difference is less affected by GWP changes.
1994,2.B.3,Adipic acid production,0.0,0.0,0.0,,0.0,0.0,0.0,,Total CO2eq comparison combines CRF AR4 and CRT AR5 GWP frameworks; CO2-only difference is less affected by GWP changes.
1994,2.B.4,"Caprolactam, glyoxal and glyoxylic acid production",0.0,0.0,0.0,,0.0,0.0,0.0,,Total CO2eq comparison combines CRF AR4 and CRT AR5 GWP frameworks; CO2-only difference is less affected by GWP changes.
1994,2.B.5,Carbide production,79.5158,79.5158,0.0,0.0,79.5158,79.5158,0.0,0.0,Total CO2eq comparison combines CRF AR4 and CRT AR5 GWP frameworks; CO2-only difference is less affected by GWP changes.
1994,2.B.6,Titanium dioxide production,0.0,0.0,0.0,,0.0,0.0,0.0,,Total CO2eq comparison combines CRF AR4 and CRT AR5 GWP frameworks; CO2-only difference is less affected by GWP changes.
1994,2.B.7,Soda ash production,0.0,0.0,0.0,,0.0,0.0,0.0,,Total CO2eq comparison combines CRF AR4 and CRT AR5 GWP frameworks; CO2-only difference is less affected by GWP changes.
1994,2.B.8,Petrochemical and carbon black production,0.0,0.0,0.0,,0.0,0.0,0.0,,Total CO2eq comparison combines CRF AR4 and CRT AR5 GWP frameworks; CO2-only difference is less affected by GWP changes.
1994,2.B.9,Fluorochemical production,0.0,0.0,0.0,,0.0,0.0,0.0,,Total CO2eq comparison combines CRF AR4 and CRT AR5 GWP frameworks; CO2-only difference is less affected by GWP changes.
1994,2.C,Metal industry,11316.1208,11317.547400772573,1.4266007725727832,0.012606800490966684,11304.2363,11304.236844772573,0.0005447725725389319,4.819189532856208e-06,Total CO2eq comparison combines CRF AR4 and CRT AR5 GWP frameworks; CO2-only difference is less affected by GWP changes.
1994,2.C.1,Iron and steel production,9896.871299999999,9897.817684772574,0.9463847725746746,0.00956246417567009,9888.9893,9888.989844772574,0.0005447725743579213,5.508880208394212e-06,Total CO2eq comparison combines CRF AR4 and CRT AR5 GWP frameworks; CO2-only difference is less affected by GWP changes.
1994,2.C.2,Ferroalloys production,1287.1965,1287.677156,0.48065599999995356,0.037341307251841774,1283.194,1283.19444,0.00044000000002597517,3.4289437140913626e-05,Total CO2eq comparison combines CRF AR4 and CRT AR5 GWP frameworks; CO2-only difference is less affected by GWP changes.
1994,2.C.3,Aluminium production,0.0,0.0,0.0,,0.0,0.0,0.0,,Total CO2eq comparison combines CRF AR4 and CRT AR5 GWP frameworks; CO2-only difference is less affected by GWP changes.
1994,2.C.4,Magnesium production,0.0,0.0,0.0,,0.0,0.0,0.0,,Total CO2eq comparison combines CRF AR4 and CRT AR5 GWP frameworks; CO2-only difference is less affected by GWP changes.
1994,2.C.5,Lead production,71.604,71.604,0.0,0.0,71.604,71.604,0.0,0.0,Total CO2eq comparison combines CRF AR4 and CRT AR5 GWP frameworks; CO2-only difference is less affected by GWP changes.
1994,2.C.6,Zinc production,60.449,60.44856000000001,-0.00043999999999044803,-0.0007278863173757184,60.449,60.44856000000001,-0.00043999999999044803,-0.0007278863173757184,Total CO2eq comparison combines CRF AR4 and CRT AR5 GWP frameworks; CO2-only difference is less affected by GWP changes.
1994,2.C.7,Other,0.0,0.0,0.0,,0.0,0.0,0.0,,Total CO2eq comparison combines CRF AR4 and CRT AR5 GWP frameworks; CO2-only difference is less affected by GWP changes.
1995,2,Total industrial processes,13990.0875296897,13991.216058472983,1.1285287832834001,0.008066631326562051,13973.4778316224,13973.480066317663,0.002234695262814057,1.599240568269178e-05,Total CO2eq comparison combines CRF AR4 and CRT AR5 GWP frameworks; CO2-only difference is less affected by GWP changes.
1995,2.A,Mineral industry,1228.0765316224001,1228.0758923224,-0.0006393000001025939,-5.205701628855498e-05,1228.0765316224001,1228.0758923224,-0.0006393000001025939,-5.205701628855498e-05,Total CO2eq comparison combines CRF AR4 and CRT AR5 GWP frameworks; CO2-only difference is less affected by GWP changes.
1995,2.A.1,Cement production,97.929,97.929,0.0,0.0,97.929,97.929,0.0,0.0,Total CO2eq comparison combines CRF AR4 and CRT AR5 GWP frameworks; CO2-only difference is less affected by GWP changes.
1995,2.A.2,Lime production,552.647,552.646,-0.00100000000009004,-0.00018094733167646615,552.647,552.646,-0.00100000000009004,-0.00018094733167646615,Total CO2eq comparison combines CRF AR4 and CRT AR5 GWP frameworks; CO2-only difference is less affected by GWP changes.
1995,2.A.3,Glass production,0.0,0.0,0.0,,0.0,0.0,0.0,,Total CO2eq comparison combines CRF AR4 and CRT AR5 GWP frameworks; CO2-only difference is less affected by GWP changes.
1995,2.A.4,Other process uses of carbonates,577.5005316224001,577.5008923224001,0.00036069999998744606,6.245881695972021e-05,577.5005316224001,577.5008923224001,0.00036069999998744606,6.245881695972021e-05,Total CO2eq comparison combines CRF AR4 and CRT AR5 GWP frameworks; CO2-only difference is less affected by GWP changes.
1995,2.B,Chemical industry,228.27929999999998,228.27980123989335,0.0005012398933672557,0.00021957308146961017,228.27929999999998,228.27980123989335,0.0005012398933672557,0.00021957308146961017,Total CO2eq comparison combines CRF AR4 and CRT AR5 GWP frameworks; CO2-only difference is less affected by GWP changes.
1995,2.B.1,Ammonia production,129.2633,129.26330123989334,1.2398933506574394e-06,9.59199827528339e-07,129.2633,129.26330123989334,1.2398933506574394e-06,9.59199827528339e-07,Total CO2eq comparison combines CRF AR4 and CRT AR5 GWP frameworks; CO2-only difference is less affected by GWP changes.
1995,2.B.10,Other,0.0,0.0,0.0,,0.0,0.0,0.0,,Total CO2eq comparison combines CRF AR4 and CRT AR5 GWP frameworks; CO2-only difference is less affected by GWP changes.
1995,2.B.2,Nitric acid production,0.0,0.0,0.0,,0.0,0.0,0.0,,Total CO2eq comparison combines CRF AR4 and CRT AR5 GWP frameworks; CO2-only difference is less affected by GWP changes.
1995,2.B.3,Adipic acid production,0.0,0.0,0.0,,0.0,0.0,0.0,,Total CO2eq comparison combines CRF AR4 and CRT AR5 GWP frameworks; CO2-only difference is less affected by GWP changes.
1995,2.B.4,"Caprolactam, glyoxal and glyoxylic acid production",0.0,0.0,0.0,,0.0,0.0,0.0,,Total CO2eq comparison combines CRF AR4 and CRT AR5 GWP frameworks; CO2-only difference is less affected by GWP changes.
1995,2.B.5,Carbide production,99.016,99.0165,0.0004999999999881766,0.0005049688939041938,99.016,99.0165,0.0004999999999881766,0.0005049688939041938,Total CO2eq comparison combines CRF AR4 and CRT AR5 GWP frameworks; CO2-only difference is less affected by GWP changes.
1995,2.B.6,Titanium dioxide production,0.0,0.0,0.0,,0.0,0.0,0.0,,Total CO2eq comparison combines CRF AR4 and CRT AR5 GWP frameworks; CO2-only difference is less affected by GWP changes.
1995,2.B.7,Soda ash production,0.0,0.0,0.0,,0.0,0.0,0.0,,Total CO2eq comparison combines CRF AR4 and CRT AR5 GWP frameworks; CO2-only difference is less affected by GWP changes.
1995,2.B.8,Petrochemical and carbon black production,0.0,0.0,0.0,,0.0,0.0,0.0,,Total CO2eq comparison combines CRF AR4 and CRT AR5 GWP frameworks; CO2-only difference is less affected by GWP changes.
1995,2.B.9,Fluorochemical production,0.0,0.0,0.0,,0.0,0.0,0.0,,Total CO2eq comparison combines CRF AR4 and CRT AR5 GWP frameworks; CO2-only difference is less affected by GWP changes.
1995,2.C,Metal industry,12527.5695,12529.02908299537,1.4595829953705106,0.011650967056063912,12515.412,12515.41301899537,0.0010189953700319165,8.141924293278691e-06,Total CO2eq comparison combines CRF AR4 and CRT AR5 GWP frameworks; CO2-only difference is less affected by GWP changes.
1995,2.C.1,Iron and steel production,10811.609999999999,10812.467482995371,0.8574829953722656,0.007931131398304838,10804.47,10804.47068299537,0.000682995370880235,6.321414848486182e-06,Total CO2eq comparison combines CRF AR4 and CRT AR5 GWP frameworks; CO2-only difference is less affected by GWP changes.
1995,2.C.2,Ferroalloys production,1598.7604999999999,1599.36192,0.6014200000001892,0.03761789211080643,1593.743,1593.7426560000001,-0.0003439999998136045,-2.1584408515902786e-05,Total CO2eq comparison combines CRF AR4 and CRT AR5 GWP frameworks; CO2-only difference is less affected by GWP changes.
1995,2.C.3,Aluminium production,0.0,0.0,0.0,,0.0,0.0,0.0,,Total CO2eq comparison combines CRF AR4 and CRT AR5 GWP frameworks; CO2-only difference is less affected by GWP changes.
1995,2.C.4,Magnesium production,0.0,0.0,0.0,,0.0,0.0,0.0,,Total CO2eq comparison combines CRF AR4 and CRT AR5 GWP frameworks; CO2-only difference is less affected by GWP changes.
1995,2.C.5,Lead production,46.02,46.02,0.0,0.0,46.02,46.02,0.0,0.0,Total CO2eq comparison combines CRF AR4 and CRT AR5 GWP frameworks; CO2-only difference is less affected by GWP changes.
1995,2.C.6,Zinc production,71.179,71.17968,0.0006800000000026785,0.0009553379508038585,71.179,71.17968,0.0006800000000026785,0.0009553379508038585,Total CO2eq comparison combines CRF AR4 and CRT AR5 GWP frameworks; CO2-only difference is less affected by GWP changes.
1995,2.C.7,Other,0.0,0.0,0.0,,0.0,0.0,0.0,,Total CO2eq comparison combines CRF AR4 and CRT AR5 GWP frameworks; CO2-only difference is less affected by GWP changes.
1996,2,Total industrial processes,12257.187612233201,12257.786189204246,0.5985769710441673,0.004883477270485456,12243.128616,12243.130328287125,0.0017122871249739546,1.3985699069894951e-05,Total CO2eq comparison combines CRF AR4 and CRT AR5 GWP frameworks; CO2-only difference is less affected by GWP changes.
1996,2.A,Mineral industry,1084.9649160000001,1084.9649060000002,-9.999999974752427e-06,-9.216887871010592e-07,1084.9649160000001,1084.9649060000002,-9.999999974752427e-06,-9.216887871010592e-07,Total CO2eq comparison combines CRF AR4 and CRT AR5 GWP frameworks; CO2-only difference is less affected by GWP changes.
1996,2.A.1,Cement production,15.839,15.839,0.0,0.0,15.839,15.839,0.0,0.0,Total CO2eq comparison combines CRF AR4 and CRT AR5 GWP frameworks; CO2-only difference is less affected by GWP changes.
1996,2.A.2,Lime production,428.55,428.55,0.0,0.0,428.55,428.55,0.0,0.0,Total CO2eq comparison combines CRF AR4 and CRT AR5 GWP frameworks; CO2-only difference is less affected by GWP changes.
1996,2.A.3,Glass production,0.0,0.0,0.0,,0.0,0.0,0.0,,Total CO2eq comparison combines CRF AR4 and CRT AR5 GWP frameworks; CO2-only difference is less affected by GWP changes.
1996,2.A.4,Other process uses of carbonates,640.575916,640.575906,-9.999999974752427e-06,-1.561095215255084e-06,640.575916,640.575906,-9.999999974752427e-06,-1.561095215255084e-06,Total CO2eq comparison combines CRF AR4 and CRT AR5 GWP frameworks; CO2-only difference is less affected by GWP changes.
1996,2.B,Chemical industry,274.9007,274.90115562213333,0.00045562213335870183,0.00016574062319910495,274.9007,274.90115562213333,0.00045562213335870183,0.00016574062319910495,Total CO2eq comparison combines CRF AR4 and CRT AR5 GWP frameworks; CO2-only difference is less affected by GWP changes.
1996,2.B.1,Ammonia production,198.6987,198.69865562213332,-4.437786668631816e-05,-2.23342511482552e-05,198.6987,198.69865562213332,-4.437786668631816e-05,-2.23342511482552e-05,Total CO2eq comparison combines CRF AR4 and CRT AR5 GWP frameworks; CO2-only difference is less affected by GWP changes.
1996,2.B.10,Other,0.0,0.0,0.0,,0.0,0.0,0.0,,Total CO2eq comparison combines CRF AR4 and CRT AR5 GWP frameworks; CO2-only difference is less affected by GWP changes.
1996,2.B.2,Nitric acid production,0.0,0.0,0.0,,0.0,0.0,0.0,,Total CO2eq comparison combines CRF AR4 and CRT AR5 GWP frameworks; CO2-only difference is less affected by GWP changes.
1996,2.B.3,Adipic acid production,0.0,0.0,0.0,,0.0,0.0,0.0,,Total CO2eq comparison combines CRF AR4 and CRT AR5 GWP frameworks; CO2-only difference is less affected by GWP changes.
1996,2.B.4,"Caprolactam, glyoxal and glyoxylic acid production",0.0,0.0,0.0,,0.0,0.0,0.0,,Total CO2eq comparison combines CRF AR4 and CRT AR5 GWP frameworks; CO2-only difference is less affected by GWP changes.
1996,2.B.5,Carbide production,76.202,76.2025,0.0005000000000023874,0.0006561507572011069,76.202,76.2025,0.0005000000000023874,0.0006561507572011069,Total CO2eq comparison combines CRF AR4 and CRT AR5 GWP frameworks; CO2-only difference is less affected by GWP changes.
1996,2.B.6,Titanium dioxide production,0.0,0.0,0.0,,0.0,0.0,0.0,,Total CO2eq comparison combines CRF AR4 and CRT AR5 GWP frameworks; CO2-only difference is less affected by GWP changes.
1996,2.B.7,Soda ash production,0.0,0.0,0.0,,0.0,0.0,0.0,,Total CO2eq comparison combines CRF AR4 and CRT AR5 GWP frameworks; CO2-only difference is less affected by GWP changes.
1996,2.B.8,Petrochemical and carbon black production,0.0,0.0,0.0,,0.0,0.0,0.0,,Total CO2eq comparison combines CRF AR4 and CRT AR5 GWP frameworks; CO2-only difference is less affected by GWP changes.
1996,2.B.9,Fluorochemical production,0.0,0.0,0.0,,0.0,0.0,0.0,,Total CO2eq comparison combines CRF AR4 and CRT AR5 GWP frameworks; CO2-only difference is less affected by GWP changes.
1996,2.C,Metal industry,10890.041000000001,10891.046177944992,1.0051779449913738,0.00923024940853183,10881.671,10881.670853944992,-0.0001460550083720591,-1.3422112134437724e-06,Total CO2eq comparison combines CRF AR4 and CRT AR5 GWP frameworks; CO2-only difference is less affected by GWP changes.
1996,2.C.1,Iron and steel production,9827.452500000001,9828.224348648993,0.7718486489920906,0.007854005389413894,9821.02,9821.019948648993,-5.1351007641642354e-05,-5.228683745847412e-07,Total CO2eq comparison combines CRF AR4 and CRT AR5 GWP frameworks; CO2-only difference is less affected by GWP changes.
1996,2.C.2,Ferroalloys production,944.3895,944.6230492959999,0.23354929599986463,0.024730187703258518,942.452,942.4521252959998,0.00012529599985100504,1.3294682365892908e-05,Total CO2eq comparison combines CRF AR4 and CRT AR5 GWP frameworks; CO2-only difference is less affected by GWP changes.
1996,2.C.3,Aluminium production,0.0,0.0,0.0,,0.0,0.0,0.0,,Total CO2eq comparison combines CRF AR4 and CRT AR5 GWP frameworks; CO2-only difference is less affected by GWP changes.
1996,2.C.4,Magnesium production,0.0,0.0,0.0,,0.0,0.0,0.0,,Total CO2eq comparison combines CRF AR4 and CRT AR5 GWP frameworks; CO2-only difference is less affected by GWP changes.
1996,2.C.5,Lead production,34.996,34.996,0.0,0.0,34.996,34.996,0.0,0.0,Total CO2eq comparison combines CRF AR4 and CRT AR5 GWP frameworks; CO2-only difference is less affected by GWP changes.
1996,2.C.6,Zinc production,83.203,83.20278,-0.00021999999999877673,-0.00026441354277943914,83.203,83.20278,-0.00021999999999877673,-0.00026441354277943914,Total CO2eq comparison combines CRF AR4 and CRT AR5 GWP frameworks; CO2-only difference is less affected by GWP changes.
1996,2.C.7,Other,0.0,0.0,0.0,,0.0,0.0,0.0,,Total CO2eq comparison combines CRF AR4 and CRT AR5 GWP frameworks; CO2-only difference is less affected by GWP changes.
1997,2,Total industrial processes,15771.2791502248,15771.825209539189,0.5460593143889128,0.003462365412390341,15751.8148485184,15751.815392957269,0.0005444388698379043,3.4563564584376364e-06,Total CO2eq comparison combines CRF AR4 and CRT AR5 GWP frameworks; CO2-only difference is less affected by GWP changes.
1997,2.A,Mineral industry,1117.2321485184,1117.2325514184001,0.0004029000001537497,3.6062335002447726e-05,1117.2321485184,1117.2325514184001,0.0004029000001537497,3.6062335002447726e-05,Total CO2eq comparison combines CRF AR4 and CRT AR5 GWP frameworks; CO2-only difference is less affected by GWP changes.
1997,2.A.1,Cement production,46.938,46.939,0.0009999999999976694,0.0021304699816729927,46.938,46.939,0.0009999999999976694,0.0021304699816729927,Total CO2eq comparison combines CRF AR4 and CRT AR5 GWP frameworks; CO2-only difference is less affected by GWP changes.
1997,2.A.2,Lime production,428.627,428.6268,-0.0002000000000066393,-4.66606163416302e-05,428.627,428.6268,-0.0002000000000066393,-4.66606163416302e-05,Total CO2eq comparison combines CRF AR4 and CRT AR5 GWP frameworks; CO2-only difference is less affected by GWP changes.
1997,2.A.3,Glass production,0.0,0.0,0.0,,0.0,0.0,0.0,,Total CO2eq comparison combines CRF AR4 and CRT AR5 GWP frameworks; CO2-only difference is less affected by GWP changes.
1997,2.A.4,Other process uses of carbonates,641.6671485184,641.6667514184,-0.00039709999998649437,-6.188566781132437e-05,641.6671485184,641.6667514184,-0.00039709999998649437,-6.188566781132437e-05,Total CO2eq comparison combines CRF AR4 and CRT AR5 GWP frameworks; CO2-only difference is less affected by GWP changes.
1997,2.B,Chemical industry,176.9017,176.90166851224004,-3.1487759969195395e-05,-1.77995802014313e-05,176.9017,176.90166851224004,-3.1487759969195395e-05,-1.77995802014313e-05,Total CO2eq comparison combines CRF AR4 and CRT AR5 GWP frameworks; CO2-only difference is less affected by GWP changes.
1997,2.B.1,Ammonia production,151.3167,151.31666851224003,-3.1487759969195395e-05,-2.0809177023550868e-05,151.3167,151.31666851224003,-3.1487759969195395e-05,-2.0809177023550868e-05,Total CO2eq comparison combines CRF AR4 and CRT AR5 GWP frameworks; CO2-only difference is less affected by GWP changes.
1997,2.B.10,Other,0.0,0.0,0.0,,0.0,0.0,0.0,,Total CO2eq comparison combines CRF AR4 and CRT AR5 GWP frameworks; CO2-only difference is less affected by GWP changes.
1997,2.B.2,Nitric acid production,0.0,0.0,0.0,,0.0,0.0,0.0,,Total CO2eq comparison combines CRF AR4 and CRT AR5 GWP frameworks; CO2-only difference is less affected by GWP changes.
1997,2.B.3,Adipic acid production,0.0,0.0,0.0,,0.0,0.0,0.0,,Total CO2eq comparison combines CRF AR4 and CRT AR5 GWP frameworks; CO2-only difference is less affected by GWP changes.
1997,2.B.4,"Caprolactam, glyoxal and glyoxylic acid production",0.0,0.0,0.0,,0.0,0.0,0.0,,Total CO2eq comparison combines CRF AR4 and CRT AR5 GWP frameworks; CO2-only difference is less affected by GWP changes.
1997,2.B.5,Carbide production,25.585,25.585,0.0,0.0,25.585,25.585,0.0,0.0,Total CO2eq comparison combines CRF AR4 and CRT AR5 GWP frameworks; CO2-only difference is less affected by GWP changes.
1997,2.B.6,Titanium dioxide production,0.0,0.0,0.0,,0.0,0.0,0.0,,Total CO2eq comparison combines CRF AR4 and CRT AR5 GWP frameworks; CO2-only difference is less affected by GWP changes.
1997,2.B.7,Soda ash production,0.0,0.0,0.0,,0.0,0.0,0.0,,Total CO2eq comparison combines CRF AR4 and CRT AR5 GWP frameworks; CO2-only difference is less affected by GWP changes.
1997,2.B.8,Petrochemical and carbon black production,0.0,0.0,0.0,,0.0,0.0,0.0,,Total CO2eq comparison combines CRF AR4 and CRT AR5 GWP frameworks; CO2-only difference is less affected by GWP changes.
1997,2.B.9,Fluorochemical production,0.0,0.0,0.0,,0.0,0.0,0.0,,Total CO2eq comparison combines CRF AR4 and CRT AR5 GWP frameworks; CO2-only difference is less affected by GWP changes.
1997,2.C,Metal industry,14466.3595,14467.577697346629,1.2181973466285854,0.008420897784467373,14456.207,14456.20670134663,-0.0002986533709190553,-2.0659179196801436e-06,Total CO2eq comparison combines CRF AR4 and CRT AR5 GWP frameworks; CO2-only difference is less affected by GWP changes.
1997,2.C.1,Iron and steel production,12408.9255,12409.89927182663,0.9737718266314914,0.007847350091927713,12400.813,12400.813271826632,0.00027182663143321406,2.1920065356458004e-06,Total CO2eq comparison combines CRF AR4 and CRT AR5 GWP frameworks; CO2-only difference is less affected by GWP changes.
1997,2.C.2,Ferroalloys production,1918.843,1919.08786552,0.2448655199998484,0.012761102393465666,1916.803,1916.8028695199998,-0.00013048000027993112,-6.807167991699257e-06,Total CO2eq comparison combines CRF AR4 and CRT AR5 GWP frameworks; CO2-only difference is less affected by GWP changes.
1997,2.C.3,Aluminium production,0.0,0.0,0.0,,0.0,0.0,0.0,,Total CO2eq comparison combines CRF AR4 and CRT AR5 GWP frameworks; CO2-only difference is less affected by GWP changes.
1997,2.C.4,Magnesium production,0.0,0.0,0.0,,0.0,0.0,0.0,,Total CO2eq comparison combines CRF AR4 and CRT AR5 GWP frameworks; CO2-only difference is less affected by GWP changes.
1997,2.C.5,Lead production,42.64,42.64,0.0,0.0,42.64,42.64,0.0,0.0,Total CO2eq comparison combines CRF AR4 and CRT AR5 GWP frameworks; CO2-only difference is less affected by GWP changes.
1997,2.C.6,Zinc production,95.951,95.95056,-0.00043999999999755346,-0.00045856739377135564,95.951,95.95056,-0.00043999999999755346,-0.00045856739377135564,Total CO2eq comparison combines CRF AR4 and CRT AR5 GWP frameworks; CO2-only difference is less affected by GWP changes.
1997,2.C.7,Other,0.0,0.0,0.0,,0.0,0.0,0.0,,Total CO2eq comparison combines CRF AR4 and CRT AR5 GWP frameworks; CO2-only difference is less affected by GWP changes.
1998,2,Total industrial processes,16338.771181481181,16335.101079357979,-3.670102123202014,-0.02246253455928075,16229.595,16229.601473248806,0.006473248806287302,3.9885461136197805e-05,Total CO2eq comparison combines CRF AR4 and CRT AR5 GWP frameworks; CO2-only difference is less affected by GWP changes.
1998,2.A,Mineral industry,1628.5609,1628.5659901,0.0050900999999612395,0.00031255202061901643,1628.5609,1628.5659901,0.0050900999999612395,0.00031255202061901643,Total CO2eq comparison combines CRF AR4 and CRT AR5 GWP frameworks; CO2-only difference is less affected by GWP changes.
1998,2.A.1,Cement production,10.261,10.261,0.0,0.0,10.261,10.261,0.0,0.0,Total CO2eq comparison combines CRF AR4 and CRT AR5 GWP frameworks; CO2-only difference is less affected by GWP changes.
1998,2.A.2,Lime production,435.065,435.065,0.0,0.0,435.065,435.065,0.0,0.0,Total CO2eq comparison combines CRF AR4 and CRT AR5 GWP frameworks; CO2-only difference is less affected by GWP changes.
1998,2.A.3,Glass production,0.533,0.53327,0.00026999999999999247,0.05065666041275655,0.533,0.53327,0.00026999999999999247,0.05065666041275655,Total CO2eq comparison combines CRF AR4 and CRT AR5 GWP frameworks; CO2-only difference is less affected by GWP changes.
1998,2.A.4,Other process uses of carbonates,1182.7019,1182.7067201,0.004820099999960803,0.0004075498652670468,1182.7019,1182.7067201,0.004820099999960803,0.0004075498652670468,Total CO2eq comparison combines CRF AR4 and CRT AR5 GWP frameworks; CO2-only difference is less affected by GWP changes.
1998,2.B,Chemical industry,28.6551,28.655411286879996,0.00031128687999526505,0.001086322783711329,28.6551,28.655411286879996,0.00031128687999526505,0.001086322783711329,Total CO2eq comparison combines CRF AR4 and CRT AR5 GWP frameworks; CO2-only difference is less affected by GWP changes.
1998,2.B.1,Ammonia production,14.4111,14.411111286879999,1.1286879999516941e-05,7.832073887154306e-05,14.4111,14.411111286879999,1.1286879999516941e-05,7.832073887154306e-05,Total CO2eq comparison combines CRF AR4 and CRT AR5 GWP frameworks; CO2-only difference is less affected by GWP changes.
1998,2.B.10,Other,0.0,0.0,0.0,,0.0,0.0,0.0,,Total CO2eq comparison combines CRF AR4 and CRT AR5 GWP frameworks; CO2-only difference is less affected by GWP changes.
1998,2.B.2,Nitric acid production,0.0,0.0,0.0,,0.0,0.0,0.0,,Total CO2eq comparison combines CRF AR4 and CRT AR5 GWP frameworks; CO2-only difference is less affected by GWP changes.
1998,2.B.3,Adipic acid production,0.0,0.0,0.0,,0.0,0.0,0.0,,Total CO2eq comparison combines CRF AR4 and CRT AR5 GWP frameworks; CO2-only difference is less affected by GWP changes.
1998,2.B.4,"Caprolactam, glyoxal and glyoxylic acid production",0.0,0.0,0.0,,0.0,0.0,0.0,,Total CO2eq comparison combines CRF AR4 and CRT AR5 GWP frameworks; CO2-only difference is less affected by GWP changes.
1998,2.B.5,Carbide production,14.244,14.244299999999999,0.0002999999999993008,0.0021061499578720923,14.244,14.244299999999999,0.0002999999999993008,0.0021061499578720923,Total CO2eq comparison combines CRF AR4 and CRT AR5 GWP frameworks; CO2-only difference is less affected by GWP changes.
1998,2.B.6,Titanium dioxide production,0.0,0.0,0.0,,0.0,0.0,0.0,,Total CO2eq comparison combines CRF AR4 and CRT AR5 GWP frameworks; CO2-only difference is less affected by GWP changes.
1998,2.B.7,Soda ash production,0.0,0.0,0.0,,0.0,0.0,0.0,,Total CO2eq comparison combines CRF AR4 and CRT AR5 GWP frameworks; CO2-only difference is less affected by GWP changes.
1998,2.B.8,Petrochemical and carbon black production,0.0,0.0,0.0,,0.0,0.0,0.0,,Total CO2eq comparison combines CRF AR4 and CRT AR5 GWP frameworks; CO2-only difference is less affected by GWP changes.
1998,2.B.9,Fluorochemical production,0.0,0.0,0.0,,0.0,0.0,0.0,,Total CO2eq comparison combines CRF AR4 and CRT AR5 GWP frameworks; CO2-only difference is less affected by GWP changes.
1998,2.C,Metal industry,14580.728,14581.893169221927,1.1651692219274992,0.00799115943955267,14571.023,14571.023541221926,0.0005412219270510832,3.7143715101615255e-06,Total CO2eq comparison combines CRF AR4 and CRT AR5 GWP frameworks; CO2-only difference is less affected by GWP changes.
1998,2.C.1,Iron and steel production,13208.1045,13209.105525221927,1.0010252219271933,0.007578871153897922,13199.777,13199.777885221927,0.0008852219270920614,6.706340016896205e-06,Total CO2eq comparison combines CRF AR4 and CRT AR5 GWP frameworks; CO2-only difference is less affected by GWP changes.
1998,2.C.2,Ferroalloys production,1209.8255000000001,1209.9898439999997,0.1643439999995735,0.013584107790716386,1208.448,1208.4478559999998,-0.00014400000031855598,-1.1916110607866947e-05,Total CO2eq comparison combines CRF AR4 and CRT AR5 GWP frameworks; CO2-only difference is less affected by GWP changes.
1998,2.C.3,Aluminium production,0.0,0.0,0.0,,0.0,0.0,0.0,,Total CO2eq comparison combines CRF AR4 and CRT AR5 GWP frameworks; CO2-only difference is less affected by GWP changes.
1998,2.C.4,Magnesium production,0.0,0.0,0.0,,0.0,0.0,0.0,,Total CO2eq comparison combines CRF AR4 and CRT AR5 GWP frameworks; CO2-only difference is less affected by GWP changes.
1998,2.C.5,Lead production,61.672,61.672,0.0,0.0,61.672,61.672,0.0,0.0,Total CO2eq comparison combines CRF AR4 and CRT AR5 GWP frameworks; CO2-only difference is less affected by GWP changes.
1998,2.C.6,Zinc production,101.126,101.1258,-0.0002000000000066393,-0.00019777307518011123,101.126,101.1258,-0.0002000000000066393,-0.00019777307518011123,Total CO2eq comparison combines CRF AR4 and CRT AR5 GWP frameworks; CO2-only difference is less affected by GWP changes.
1998,2.C.7,Other,0.0,0.0,0.0,,0.0,0.0,0.0,,Total CO2eq comparison combines CRF AR4 and CRT AR5 GWP frameworks; CO2-only difference is less affected by GWP changes.
1999,2,Total industrial processes,16797.095001783266,16792.82805740674,-4.266944376526226,-0.025402871008785896,16654.57631,16654.60436755909,0.02805755909139407,0.00016846756452487663,Total CO2eq comparison combines CRF AR4 and CRT AR5 GWP frameworks; CO2-only difference is less affected by GWP changes.
1999,2.A,Mineral industry,1863.46891,1863.4961366999999,0.027226699999800985,0.0014610761603637908,1863.46891,1863.4961366999999,0.027226699999800985,0.0014610761603637908,Total CO2eq comparison combines CRF AR4 and CRT AR5 GWP frameworks; CO2-only difference is less affected by GWP changes.
1999,2.A.1,Cement production,7.472,7.472,0.0,0.0,7.472,7.472,0.0,0.0,Total CO2eq comparison combines CRF AR4 and CRT AR5 GWP frameworks; CO2-only difference is less affected by GWP changes.
1999,2.A.2,Lime production,429.547,429.546,-0.0010000000000331966,-0.00023280339521244392,429.547,429.546,-0.0010000000000331966,-0.00023280339521244392,Total CO2eq comparison combines CRF AR4 and CRT AR5 GWP frameworks; CO2-only difference is less affected by GWP changes.
1999,2.A.3,Glass production,0.427,0.4269,-9.999999999998899e-05,-0.023419203747070023,0.427,0.4269,-9.999999999998899e-05,-0.023419203747070023,Total CO2eq comparison combines CRF AR4 and CRT AR5 GWP frameworks; CO2-only difference is less affected by GWP changes.
1999,2.A.4,Other process uses of carbonates,1426.02291,1426.0512367,0.02832669999997961,0.001986412686734438,1426.02291,1426.0512367,0.02832669999997961,0.001986412686734438,Total CO2eq comparison combines CRF AR4 and CRT AR5 GWP frameworks; CO2-only difference is less affected by GWP changes.
1999,2.B,Chemical industry,33.3224,33.322346327710136,-5.367228986585815e-05,-0.00016106970045932508,33.3224,33.322346327710136,-5.367228986585815e-05,-0.00016106970045932508,Total CO2eq comparison combines CRF AR4 and CRT AR5 GWP frameworks; CO2-only difference is less affected by GWP changes.
1999,2.B.1,Ammonia production,16.3784,16.378446327710133,4.6327710133908795e-05,0.00028285858285246907,16.3784,16.378446327710133,4.6327710133908795e-05,0.00028285858285246907,Total CO2eq comparison combines CRF AR4 and CRT AR5 GWP frameworks; CO2-only difference is less affected by GWP changes.
1999,2.B.10,Other,0.0,0.0,0.0,,0.0,0.0,0.0,,Total CO2eq comparison combines CRF AR4 and CRT AR5 GWP frameworks; CO2-only difference is less affected by GWP changes.
1999,2.B.2,Nitric acid production,0.0,0.0,0.0,,0.0,0.0,0.0,,Total CO2eq comparison combines CRF AR4 and CRT AR5 GWP frameworks; CO2-only difference is less affected by GWP changes.
1999,2.B.3,Adipic acid production,0.0,0.0,0.0,,0.0,0.0,0.0,,Total CO2eq comparison combines CRF AR4 and CRT AR5 GWP frameworks; CO2-only difference is less affected by GWP changes.
1999,2.B.4,"Caprolactam, glyoxal and glyoxylic acid production",0.0,0.0,0.0,,0.0,0.0,0.0,,Total CO2eq comparison combines CRF AR4 and CRT AR5 GWP frameworks; CO2-only difference is less affected by GWP changes.
1999,2.B.5,Carbide production,16.944,16.9439,-9.999999999976694e-05,-0.0005901794145406453,16.944,16.9439,-9.999999999976694e-05,-0.0005901794145406453,Total CO2eq comparison combines CRF AR4 and CRT AR5 GWP frameworks; CO2-only difference is less affected by GWP changes.
1999,2.B.6,Titanium dioxide production,0.0,0.0,0.0,,0.0,0.0,0.0,,Total CO2eq comparison combines CRF AR4 and CRT AR5 GWP frameworks; CO2-only difference is less affected by GWP changes.
1999,2.B.7,Soda ash production,0.0,0.0,0.0,,0.0,0.0,0.0,,Total CO2eq comparison combines CRF AR4 and CRT AR5 GWP frameworks; CO2-only difference is less affected by GWP changes.
1999,2.B.8,Petrochemical and carbon black production,0.0,0.0,0.0,,0.0,0.0,0.0,,Total CO2eq comparison combines CRF AR4 and CRT AR5 GWP frameworks; CO2-only difference is less affected by GWP changes.
1999,2.B.9,Fluorochemical production,0.0,0.0,0.0,,0.0,0.0,0.0,,Total CO2eq comparison combines CRF AR4 and CRT AR5 GWP frameworks; CO2-only difference is less affected by GWP changes.
1999,2.C,Metal industry,14768.4295,14769.85628293138,1.426782931379421,0.009661033567444804,14756.547,14756.547294931379,0.000294931378448382,1.99864764059222e-06,Total CO2eq comparison combines CRF AR4 and CRT AR5 GWP frameworks; CO2-only difference is less affected by GWP changes.
1999,2.C.1,Iron and steel production,12897.914999999999,12899.08899093138,1.1739909313801036,0.009102176060084934,12888.13,12888.130630931379,0.000630931379419053,4.895445494567893e-06,Total CO2eq comparison combines CRF AR4 and CRT AR5 GWP frameworks; CO2-only difference is less affected by GWP changes.
1999,2.C.2,Ferroalloys production,1675.9235,1676.176232,0.2527319999999236,0.015080163265204142,1673.826,1673.825604,-0.0003959999999096908,-2.3658373087148296e-05,Total CO2eq comparison combines CRF AR4 and CRT AR5 GWP frameworks; CO2-only difference is less affected by GWP changes.
1999,2.C.3,Aluminium production,0.0,0.0,0.0,,0.0,0.0,0.0,,Total CO2eq comparison combines CRF AR4 and CRT AR5 GWP frameworks; CO2-only difference is less affected by GWP changes.
1999,2.C.4,Magnesium production,0.0,0.0,0.0,,0.0,0.0,0.0,,Total CO2eq comparison combines CRF AR4 and CRT AR5 GWP frameworks; CO2-only difference is less affected by GWP changes.
1999,2.C.5,Lead production,82.628,82.628,0.0,0.0,82.628,82.628,0.0,0.0,Total CO2eq comparison combines CRF AR4 and CRT AR5 GWP frameworks; CO2-only difference is less affected by GWP changes.
1999,2.C.6,Zinc production,111.963,111.96306,6.0000000004833964e-05,5.358913212832272e-05,111.963,111.96306,6.0000000004833964e-05,5.358913212832272e-05,Total CO2eq comparison combines CRF AR4 and CRT AR5 GWP frameworks; CO2-only difference is less affected by GWP changes.
1999,2.C.7,Other,0.0,0.0,0.0,,0.0,0.0,0.0,,Total CO2eq comparison combines CRF AR4 and CRT AR5 GWP frameworks; CO2-only difference is less affected by GWP changes.
2000,2,Total industrial processes,17341.3192186344,17329.50679487074,-11.812423763658444,-0.06811721539019482,17056.0138,17056.47004162112,0.45624162111926125,0.0026749604360619197,Total CO2eq comparison combines CRF AR4 and CRT AR5 GWP frameworks; CO2-only difference is less affected by GWP changes.
2000,2.A,Mineral industry,1689.1702,1689.62514206,0.4549420599998939,0.026932872720575693,1689.1702,1689.62514206,0.4549420599998939,0.026932872720575693,Total CO2eq comparison combines CRF AR4 and CRT AR5 GWP frameworks; CO2-only difference is less affected by GWP changes.
2000,2.A.1,Cement production,1.999,1.999,0.0,0.0,1.999,1.999,0.0,0.0,Total CO2eq comparison combines CRF AR4 and CRT AR5 GWP frameworks; CO2-only difference is less affected by GWP changes.
2000,2.A.2,Lime production,477.456,477.455,-0.0010000000000331966,-0.0002094433832715887,477.456,477.455,-0.0010000000000331966,-0.0002094433832715887,Total CO2eq comparison combines CRF AR4 and CRT AR5 GWP frameworks; CO2-only difference is less affected by GWP changes.
2000,2.A.3,Glass production,1.345,1.344,-0.0009999999999998899,-0.07434944237917397,1.345,1.344,-0.0009999999999998899,-0.07434944237917397,Total CO2eq comparison combines CRF AR4 and CRT AR5 GWP frameworks; CO2-only difference is less affected by GWP changes.
2000,2.A.4,Other process uses of carbonates,1208.3702,1208.82714206,0.4569420599998466,0.037814740879893144,1208.3702,1208.82714206,0.4569420599998466,0.037814740879893144,Total CO2eq comparison combines CRF AR4 and CRT AR5 GWP frameworks; CO2-only difference is less affected by GWP changes.
2000,2.B,Chemical industry,27.5586,27.558366898681598,-0.00023310131840048598,-0.0008458387523331591,27.5586,27.558366898681598,-0.00023310131840048598,-0.0008458387523331591,Total CO2eq comparison combines CRF AR4 and CRT AR5 GWP frameworks; CO2-only difference is less affected by GWP changes.
2000,2.B.1,Ammonia production,19.0226,19.022666898681596,6.689868159526213e-05,0.000351680010068351,19.0226,19.022666898681596,6.689868159526213e-05,0.000351680010068351,Total CO2eq comparison combines CRF AR4 and CRT AR5 GWP frameworks; CO2-only difference is less affected by GWP changes.
2000,2.B.10,Other,0.0,0.0,0.0,,0.0,0.0,0.0,,Total CO2eq comparison combines CRF AR4 and CRT AR5 GWP frameworks; CO2-only difference is less affected by GWP changes.
2000,2.B.2,Nitric acid production,0.0,0.0,0.0,,0.0,0.0,0.0,,Total CO2eq comparison combines CRF AR4 and CRT AR5 GWP frameworks; CO2-only difference is less affected by GWP changes.
2000,2.B.3,Adipic acid production,0.0,0.0,0.0,,0.0,0.0,0.0,,Total CO2eq comparison combines CRF AR4 and CRT AR5 GWP frameworks; CO2-only difference is less affected by GWP changes.
2000,2.B.4,"Caprolactam, glyoxal and glyoxylic acid production",0.0,0.0,0.0,,0.0,0.0,0.0,,Total CO2eq comparison combines CRF AR4 and CRT AR5 GWP frameworks; CO2-only difference is less affected by GWP changes.
2000,2.B.5,Carbide production,8.536,8.5357,-0.0002999999999993008,-0.0035145267103948085,8.536,8.5357,-0.0002999999999993008,-0.0035145267103948085,Total CO2eq comparison combines CRF AR4 and CRT AR5 GWP frameworks; CO2-only difference is less affected by GWP changes.
2000,2.B.6,Titanium dioxide production,0.0,0.0,0.0,,0.0,0.0,0.0,,Total CO2eq comparison combines CRF AR4 and CRT AR5 GWP frameworks; CO2-only difference is less affected by GWP changes.
2000,2.B.7,Soda ash production,0.0,0.0,0.0,,0.0,0.0,0.0,,Total CO2eq comparison combines CRF AR4 and CRT AR5 GWP frameworks; CO2-only difference is less affected by GWP changes.
2000,2.B.8,Petrochemical and carbon black production,0.0,0.0,0.0,,0.0,0.0,0.0,,Total CO2eq comparison combines CRF AR4 and CRT AR5 GWP frameworks; CO2-only difference is less affected by GWP changes.
2000,2.B.9,Fluorochemical production,0.0,0.0,0.0,,0.0,0.0,0.0,,Total CO2eq comparison combines CRF AR4 and CRT AR5 GWP frameworks; CO2-only difference is less affected by GWP changes.
2000,2.C,Metal industry,15350.462500000001,15351.940008102438,1.4775081024363317,0.009625169941533236,15338.165,15338.165884102438,0.0008841024373396067,5.764069152598154e-06,Total CO2eq comparison combines CRF AR4 and CRT AR5 GWP frameworks; CO2-only difference is less affected by GWP changes.
2000,2.C.1,Iron and steel production,13314.402499999998,13315.641732302438,1.239232302439632,0.009307457112248426,13304.085,13304.086132302438,0.0011323024391458603,8.510938100183968e-06,Total CO2eq comparison combines CRF AR4 and CRT AR5 GWP frameworks; CO2-only difference is less affected by GWP changes.
2000,2.C.2,Ferroalloys production,1843.109,1843.3474157999997,0.23841579999975693,0.012935523617960574,1841.129,1841.1288917999998,-0.00010820000011335651,-5.87682884324545e-06,Total CO2eq comparison combines CRF AR4 and CRT AR5 GWP frameworks; CO2-only difference is less affected by GWP changes.
2000,2.C.3,Aluminium production,0.0,0.0,0.0,,0.0,0.0,0.0,,Total CO2eq comparison combines CRF AR4 and CRT AR5 GWP frameworks; CO2-only difference is less affected by GWP changes.
2000,2.C.4,Magnesium production,0.0,0.0,0.0,,0.0,0.0,0.0,,Total CO2eq comparison combines CRF AR4 and CRT AR5 GWP frameworks; CO2-only difference is less affected by GWP changes.
2000,2.C.5,Lead production,96.616,96.61600000000001,1.4210854715202004e-14,1.470859351991596e-14,96.616,96.61600000000001,1.4210854715202004e-14,1.470859351991596e-14,Total CO2eq comparison combines CRF AR4 and CRT AR5 GWP frameworks; CO2-only difference is less affected by GWP changes.
2000,2.C.6,Zinc production,96.335,96.33486,-0.0001399999999875945,-0.00014532620541609436,96.335,96.33486,-0.0001399999999875945,-0.00014532620541609436,Total CO2eq comparison combines CRF AR4 and CRT AR5 GWP frameworks; CO2-only difference is less affected by GWP changes.
2000,2.C.7,Other,0.0,0.0,0.0,,0.0,0.0,0.0,,Total CO2eq comparison combines CRF AR4 and CRT AR5 GWP frameworks; CO2-only difference is less affected by GWP changes.
2001,2,Total industrial processes,18159.778136515906,18148.100494483006,-11.677642032900621,-0.06430498184016398,17851.311617,17851.94487018023,0.633253180229076,0.003547376203023771,Total CO2eq comparison combines CRF AR4 and CRT AR5 GWP frameworks; CO2-only difference is less affected by GWP changes.
2001,2.A,Mineral industry,2387.2774869999994,2387.9090535999994,0.6315666000000419,0.026455516940919493,2387.2774869999994,2387.9090535999994,0.6315666000000419,0.026455516940919493,Total CO2eq comparison combines CRF AR4 and CRT AR5 GWP frameworks; CO2-only difference is less affected by GWP changes.
2001,2.A.1,Cement production,158.182,158.181,-0.0009999999999763531,-0.000632183181383693,158.182,158.181,-0.0009999999999763531,-0.000632183181383693,Total CO2eq comparison combines CRF AR4 and CRT AR5 GWP frameworks; CO2-only difference is less affected by GWP changes.
2001,2.A.2,Lime production,528.341,528.3407,-0.0003000000000383807,-5.6781510433296044e-05,528.341,528.3407,-0.0003000000000383807,-5.6781510433296044e-05,Total CO2eq comparison combines CRF AR4 and CRT AR5 GWP frameworks; CO2-only difference is less affected by GWP changes.
2001,2.A.3,Glass production,6.605,6.605,0.0,0.0,6.605,6.605,0.0,0.0,Total CO2eq comparison combines CRF AR4 and CRT AR5 GWP frameworks; CO2-only difference is less affected by GWP changes.
2001,2.A.4,Other process uses of carbonates,1694.1494869999997,1694.7823535999996,0.632866599999943,0.03735600694367434,1694.1494869999997,1694.7823535999996,0.632866599999943,0.03735600694367434,Total CO2eq comparison combines CRF AR4 and CRT AR5 GWP frameworks; CO2-only difference is less affected by GWP changes.
2001,2.B,Chemical industry,51.46113,51.461133933740264,3.933740266859331e-06,7.644100055438603e-06,51.46113,51.461133933740264,3.933740266859331e-06,7.644100055438603e-06,Total CO2eq comparison combines CRF AR4 and CRT AR5 GWP frameworks; CO2-only difference is less affected by GWP changes.
2001,2.B.1,Ammonia production,21.62103,21.621033933740264,3.933740263306618e-06,1.8194046552391898e-05,21.62103,21.621033933740264,3.933740263306618e-06,1.8194046552391898e-05,Total CO2eq comparison combines CRF AR4 and CRT AR5 GWP frameworks; CO2-only difference is less affected by GWP changes.
2001,2.B.10,Other,0.0,0.0,0.0,,0.0,0.0,0.0,,Total CO2eq comparison combines CRF AR4 and CRT AR5 GWP frameworks; CO2-only difference is less affected by GWP changes.
2001,2.B.2,Nitric acid production,0.0,0.0,0.0,,0.0,0.0,0.0,,Total CO2eq comparison combines CRF AR4 and CRT AR5 GWP frameworks; CO2-only difference is less affected by GWP changes.
2001,2.B.3,Adipic acid production,0.0,0.0,0.0,,0.0,0.0,0.0,,Total CO2eq comparison combines CRF AR4 and CRT AR5 GWP frameworks; CO2-only difference is less affected by GWP changes.
2001,2.B.4,"Caprolactam, glyoxal and glyoxylic acid production",0.0,0.0,0.0,,0.0,0.0,0.0,,Total CO2eq comparison combines CRF AR4 and CRT AR5 GWP frameworks; CO2-only difference is less affected by GWP changes.
2001,2.B.5,Carbide production,29.8401,29.8401,0.0,0.0,29.8401,29.8401,0.0,0.0,Total CO2eq comparison combines CRF AR4 and CRT AR5 GWP frameworks; CO2-only difference is less affected by GWP changes.
2001,2.B.6,Titanium dioxide production,0.0,0.0,0.0,,0.0,0.0,0.0,,Total CO2eq comparison combines CRF AR4 and CRT AR5 GWP frameworks; CO2-only difference is less affected by GWP changes.
2001,2.B.7,Soda ash production,0.0,0.0,0.0,,0.0,0.0,0.0,,Total CO2eq comparison combines CRF AR4 and CRT AR5 GWP frameworks; CO2-only difference is less affected by GWP changes.
2001,2.B.8,Petrochemical and carbon black production,0.0,0.0,0.0,,0.0,0.0,0.0,,Total CO2eq comparison combines CRF AR4 and CRT AR5 GWP frameworks; CO2-only difference is less affected by GWP changes.
2001,2.B.9,Fluorochemical production,0.0,0.0,0.0,,0.0,0.0,0.0,,Total CO2eq comparison combines CRF AR4 and CRT AR5 GWP frameworks; CO2-only difference is less affected by GWP changes.
2001,2.C,Metal industry,15424.861,15426.394687126489,1.5336871264880756,0.009942955897547961,15412.101,15412.101975126488,0.0009751264879014343,6.327018541478766e-06,Total CO2eq comparison combines CRF AR4 and CRT AR5 GWP frameworks; CO2-only difference is less affected by GWP changes.
2001,2.C.1,Iron and steel production,13344.9755,13346.24750911449,1.272009114489265,0.009531745595855646,13334.378,13334.37830911449,0.00030911448993720114,2.318177045357505e-06,Total CO2eq comparison combines CRF AR4 and CRT AR5 GWP frameworks; CO2-only difference is less affected by GWP changes.
2001,2.C.2,Ferroalloys production,1879.3445,1879.606018012,0.26151801200012414,0.013915384433249155,1877.182,1877.182506012,0.0005060119999598101,2.6955937141939888e-05,Total CO2eq comparison combines CRF AR4 and CRT AR5 GWP frameworks; CO2-only difference is less affected by GWP changes.
2001,2.C.3,Aluminium production,0.0,0.0,0.0,,0.0,0.0,0.0,,Total CO2eq comparison combines CRF AR4 and CRT AR5 GWP frameworks; CO2-only difference is less affected by GWP changes.
2001,2.C.4,Magnesium production,0.0,0.0,0.0,,0.0,0.0,0.0,,Total CO2eq comparison combines CRF AR4 and CRT AR5 GWP frameworks; CO2-only difference is less affected by GWP changes.
2001,2.C.5,Lead production,82.535,82.53544000000001,0.0004400000000117643,0.0005331071666708237,82.535,82.53544000000001,0.0004400000000117643,0.0005331071666708237,Total CO2eq comparison combines CRF AR4 and CRT AR5 GWP frameworks; CO2-only difference is less affected by GWP changes.
2001,2.C.6,Zinc production,118.006,118.00572,-0.0002800000000036107,-0.00023727607071132885,118.006,118.00572,-0.0002800000000036107,-0.00023727607071132885,Total CO2eq comparison combines CRF AR4 and CRT AR5 GWP frameworks; CO2-only difference is less affected by GWP changes.
2001,2.C.7,Other,0.0,0.0,0.0,,0.0,0.0,0.0,,Total CO2eq comparison combines CRF AR4 and CRT AR5 GWP frameworks; CO2-only difference is less affected by GWP changes.
2002,2,Total industrial processes,18413.38495495422,18401.68102173776,-11.703933216460428,-0.06356209488419684,18063.260832,18063.9940409496,0.7332089496012486,0.004059117323392303,Total CO2eq comparison combines CRF AR4 and CRT AR5 GWP frameworks; CO2-only difference is less affected by GWP changes.
2002,2.A,Mineral industry,3057.762132,3058.49385462,0.7317226200002551,0.023930004637792247,3057.762132,3058.49385462,0.7317226200002551,0.023930004637792247,Total CO2eq comparison combines CRF AR4 and CRT AR5 GWP frameworks; CO2-only difference is less affected by GWP changes.
2002,2.A.1,Cement production,26.942,26.942,0.0,0.0,26.942,26.942,0.0,0.0,Total CO2eq comparison combines CRF AR4 and CRT AR5 GWP frameworks; CO2-only difference is less affected by GWP changes.
2002,2.A.2,Lime production,544.75,544.75,0.0,0.0,544.75,544.75,0.0,0.0,Total CO2eq comparison combines CRF AR4 and CRT AR5 GWP frameworks; CO2-only difference is less affected by GWP changes.
2002,2.A.3,Glass production,8.296,8.296,0.0,0.0,8.296,8.296,0.0,0.0,Total CO2eq comparison combines CRF AR4 and CRT AR5 GWP frameworks; CO2-only difference is less affected by GWP changes.
2002,2.A.4,Other process uses of carbonates,2477.774132,2478.50585462,0.7317226199998004,0.02953144964061641,2477.774132,2478.50585462,0.7317226199998004,0.02953144964061641,Total CO2eq comparison combines CRF AR4 and CRT AR5 GWP frameworks; CO2-only difference is less affected by GWP changes.
2002,2.B,Chemical industry,55.9377,55.93771881146667,1.8811466667045806e-05,3.362931737816501e-05,55.9377,55.93771881146667,1.8811466667045806e-05,3.362931737816501e-05,Total CO2eq comparison combines CRF AR4 and CRT AR5 GWP frameworks; CO2-only difference is less affected by GWP changes.
2002,2.B.1,Ammonia production,24.0185,24.018518811466663,1.8811466663493093e-05,7.832073886168201e-05,24.0185,24.018518811466663,1.8811466663493093e-05,7.832073886168201e-05,Total CO2eq comparison combines CRF AR4 and CRT AR5 GWP frameworks; CO2-only difference is less affected by GWP changes.
2002,2.B.10,Other,0.0,0.0,0.0,,0.0,0.0,0.0,,Total CO2eq comparison combines CRF AR4 and CRT AR5 GWP frameworks; CO2-only difference is less affected by GWP changes.
2002,2.B.2,Nitric acid production,0.0,0.0,0.0,,0.0,0.0,0.0,,Total CO2eq comparison combines CRF AR4 and CRT AR5 GWP frameworks; CO2-only difference is less affected by GWP changes.
2002,2.B.3,Adipic acid production,0.0,0.0,0.0,,0.0,0.0,0.0,,Total CO2eq comparison combines CRF AR4 and CRT AR5 GWP frameworks; CO2-only difference is less affected by GWP changes.
2002,2.B.4,"Caprolactam, glyoxal and glyoxylic acid production",0.0,0.0,0.0,,0.0,0.0,0.0,,Total CO2eq comparison combines CRF AR4 and CRT AR5 GWP frameworks; CO2-only difference is less affected by GWP changes.
2002,2.B.5,Carbide production,31.9192,31.9192,0.0,0.0,31.9192,31.9192,0.0,0.0,Total CO2eq comparison combines CRF AR4 and CRT AR5 GWP frameworks; CO2-only difference is less affected by GWP changes.
2002,2.B.6,Titanium dioxide production,0.0,0.0,0.0,,0.0,0.0,0.0,,Total CO2eq comparison combines CRF AR4 and CRT AR5 GWP frameworks; CO2-only difference is less affected by GWP changes.
2002,2.B.7,Soda ash production,0.0,0.0,0.0,,0.0,0.0,0.0,,Total CO2eq comparison combines CRF AR4 and CRT AR5 GWP frameworks; CO2-only difference is less affected by GWP changes.
2002,2.B.8,Petrochemical and carbon black production,0.0,0.0,0.0,,0.0,0.0,0.0,,Total CO2eq comparison combines CRF AR4 and CRT AR5 GWP frameworks; CO2-only difference is less affected by GWP changes.
2002,2.B.9,Fluorochemical production,0.0,0.0,0.0,,0.0,0.0,0.0,,Total CO2eq comparison combines CRF AR4 and CRT AR5 GWP frameworks; CO2-only difference is less affected by GWP changes.
2002,2.C,Metal industry,14961.35975,14962.848137038134,1.4883870381345332,0.00994820700126894,14948.971,14948.971701038134,0.0007010381341387983,4.689541066999182e-06,Total CO2eq comparison combines CRF AR4 and CRT AR5 GWP frameworks; CO2-only difference is less affected by GWP changes.
2002,2.C.1,Iron and steel production,12574.556750000002,12575.818223574133,1.2614735741317418,0.010031952610430914,12564.048,12564.048423574133,0.00042357413258287124,3.3713189617141804e-06,Total CO2eq comparison combines CRF AR4 and CRT AR5 GWP frameworks; CO2-only difference is less affected by GWP changes.
2002,2.C.2,Ferroalloys production,2198.967,2199.194113464,0.22711346400001275,0.010328188826845185,2197.087,2197.087477464,0.00047746400014148094,2.1731683822328426e-05,Total CO2eq comparison combines CRF AR4 and CRT AR5 GWP frameworks; CO2-only difference is less affected by GWP changes.
2002,2.C.3,Aluminium production,0.0,0.0,0.0,,0.0,0.0,0.0,,Total CO2eq comparison combines CRF AR4 and CRT AR5 GWP frameworks; CO2-only difference is less affected by GWP changes.
2002,2.C.4,Magnesium production,0.0,0.0,0.0,,0.0,0.0,0.0,,Total CO2eq comparison combines CRF AR4 and CRT AR5 GWP frameworks; CO2-only difference is less affected by GWP changes.
2002,2.C.5,Lead production,84.331,84.331,0.0,0.0,84.331,84.331,0.0,0.0,Total CO2eq comparison combines CRF AR4 and CRT AR5 GWP frameworks; CO2-only difference is less affected by GWP changes.
2002,2.C.6,Zinc production,103.505,103.5048,-0.00019999999999242846,-0.00019322738031247617,103.505,103.5048,-0.00019999999999242846,-0.00019322738031247617,Total CO2eq comparison combines CRF AR4 and CRT AR5 GWP frameworks; CO2-only difference is less affected by GWP changes.
2002,2.C.7,Other,0.0,0.0,0.0,,0.0,0.0,0.0,,Total CO2eq comparison combines CRF AR4 and CRT AR5 GWP frameworks; CO2-only difference is less affected by GWP changes.
2003,2,Total industrial processes,20194.539903860394,20188.65450453328,-5.88539932711501,-0.02914351777823844,19718.909021,19731.234858365806,12.325837365806365,0.06250770442056276,Total CO2eq comparison combines CRF AR4 and CRT AR5 GWP frameworks; CO2-only difference is less affected by GWP changes.
2003,2.A,Mineral industry,3622.944021,3635.2698947,12.325873700000102,0.34021706183022754,3622.944021,3635.2698947,12.325873700000102,0.34021706183022754,Total CO2eq comparison combines CRF AR4 and CRT AR5 GWP frameworks; CO2-only difference is less affected by GWP changes.
2003,2.A.1,Cement production,0.52,0.526,0.006000000000000005,1.1538461538461549,0.52,0.526,0.006000000000000005,1.1538461538461549,Total CO2eq comparison combines CRF AR4 and CRT AR5 GWP frameworks; CO2-only difference is less affected by GWP changes.
2003,2.A.2,Lime production,602.525,602.524,-0.0009999999999763531,-0.00016596821708250332,602.525,602.524,-0.0009999999999763531,-0.00016596821708250332,Total CO2eq comparison combines CRF AR4 and CRT AR5 GWP frameworks; CO2-only difference is less affected by GWP changes.
2003,2.A.3,Glass production,10.333,10.333,0.0,0.0,10.333,10.333,0.0,0.0,Total CO2eq comparison combines CRF AR4 and CRT AR5 GWP frameworks; CO2-only difference is less affected by GWP changes.
2003,2.A.4,Other process uses of carbonates,3009.566021,3021.8868947,12.320873699999993,0.4093903776832943,3009.566021,3021.8868947,12.320873699999993,0.4093903776832943,Total CO2eq comparison combines CRF AR4 and CRT AR5 GWP frameworks; CO2-only difference is less affected by GWP changes.
2003,2.B,Chemical industry,114.651,114.65175472426668,0.0007547242666845477,0.0006582797068360048,114.651,114.65175472426668,0.0007547242666845477,0.0006582797068360048,Total CO2eq comparison combines CRF AR4 and CRT AR5 GWP frameworks; CO2-only difference is less affected by GWP changes.
2003,2.B.1,Ammonia production,69.872,69.87205472426668,5.4724266675520994e-05,7.832073888756726e-05,69.872,69.87205472426668,5.4724266675520994e-05,7.832073888756726e-05,Total CO2eq comparison combines CRF AR4 and CRT AR5 GWP frameworks; CO2-only difference is less affected by GWP changes.
2003,2.B.10,Other,0.0,0.0,0.0,,0.0,0.0,0.0,,Total CO2eq comparison combines CRF AR4 and CRT AR5 GWP frameworks; CO2-only difference is less affected by GWP changes.
2003,2.B.2,Nitric acid production,0.0,0.0,0.0,,0.0,0.0,0.0,,Total CO2eq comparison combines CRF AR4 and CRT AR5 GWP frameworks; CO2-only difference is less affected by GWP changes.
2003,2.B.3,Adipic acid production,0.0,0.0,0.0,,0.0,0.0,0.0,,Total CO2eq comparison combines CRF AR4 and CRT AR5 GWP frameworks; CO2-only difference is less affected by GWP changes.
2003,2.B.4,"Caprolactam, glyoxal and glyoxylic acid production",0.0,0.0,0.0,,0.0,0.0,0.0,,Total CO2eq comparison combines CRF AR4 and CRT AR5 GWP frameworks; CO2-only difference is less affected by GWP changes.
2003,2.B.5,Carbide production,44.779,44.7797,0.0006999999999948159,0.0015632327653471848,44.779,44.7797,0.0006999999999948159,0.0015632327653471848,Total CO2eq comparison combines CRF AR4 and CRT AR5 GWP frameworks; CO2-only difference is less affected by GWP changes.
2003,2.B.6,Titanium dioxide production,0.0,0.0,0.0,,0.0,0.0,0.0,,Total CO2eq comparison combines CRF AR4 and CRT AR5 GWP frameworks; CO2-only difference is less affected by GWP changes.
2003,2.B.7,Soda ash production,0.0,0.0,0.0,,0.0,0.0,0.0,,Total CO2eq comparison combines CRF AR4 and CRT AR5 GWP frameworks; CO2-only difference is less affected by GWP changes.
2003,2.B.8,Petrochemical and carbon black production,0.0,0.0,0.0,,0.0,0.0,0.0,,Total CO2eq comparison combines CRF AR4 and CRT AR5 GWP frameworks; CO2-only difference is less affected by GWP changes.
2003,2.B.9,Fluorochemical production,0.0,0.0,0.0,,0.0,0.0,0.0,,Total CO2eq comparison combines CRF AR4 and CRT AR5 GWP frameworks; CO2-only difference is less affected by GWP changes.
2003,2.C,Metal industry,15993.9435,15995.506443501537,1.5629435015380295,0.009772095928299545,15980.901,15980.899683501537,-0.0013164984629838727,-8.237948930312958e-06,Total CO2eq comparison combines CRF AR4 and CRT AR5 GWP frameworks; CO2-only difference is less affected by GWP changes.
2003,2.C.1,Iron and steel production,13363.7665,13365.105878213535,1.339378213535383,0.010022460460794367,13352.604,13352.603878213535,-0.00012178646466054488,-9.120802553610134e-07,Total CO2eq comparison combines CRF AR4 and CRT AR5 GWP frameworks; CO2-only difference is less affected by GWP changes.
2003,2.C.2,Ferroalloys production,2456.943,2457.167405288,0.22440528799961612,0.009133516243543954,2455.063,2455.0626452879997,-0.000354712000444124,-1.4448183221535415e-05,Total CO2eq comparison combines CRF AR4 and CRT AR5 GWP frameworks; CO2-only difference is less affected by GWP changes.
2003,2.C.3,Aluminium production,0.0,0.0,0.0,,0.0,0.0,0.0,,Total CO2eq comparison combines CRF AR4 and CRT AR5 GWP frameworks; CO2-only difference is less affected by GWP changes.
2003,2.C.4,Magnesium production,0.0,0.0,0.0,,0.0,0.0,0.0,,Total CO2eq comparison combines CRF AR4 and CRT AR5 GWP frameworks; CO2-only difference is less affected by GWP changes.
2003,2.C.5,Lead production,69.253,69.25256,-0.00043999999999755346,-0.0006353515371139929,69.253,69.25256,-0.00043999999999755346,-0.0006353515371139929,Total CO2eq comparison combines CRF AR4 and CRT AR5 GWP frameworks; CO2-only difference is less affected by GWP changes.
2003,2.C.6,Zinc production,103.981,103.98060000000001,-0.0003999999999848569,-0.00038468566371246374,103.981,103.98060000000001,-0.0003999999999848569,-0.00038468566371246374,Total CO2eq comparison combines CRF AR4 and CRT AR5 GWP frameworks; CO2-only difference is less affected by GWP changes.
2003,2.C.7,Other,0.0,0.0,0.0,,0.0,0.0,0.0,,Total CO2eq comparison combines CRF AR4 and CRT AR5 GWP frameworks; CO2-only difference is less affected by GWP changes.
2004,2,Total industrial processes,20326.220923775436,20310.169592705417,-16.051331070018932,-0.07896859495039633,19725.332123,19735.023403917316,9.691280917315453,0.04913114190870982,Total CO2eq comparison combines CRF AR4 and CRT AR5 GWP frameworks; CO2-only difference is less affected by GWP changes.
2004,2.A,Mineral industry,3387.6958230000005,3396.3832749000007,8.68745190000027,0.2564413204107277,3387.6958230000005,3396.3832749000007,8.68745190000027,0.2564413204107277,Total CO2eq comparison combines CRF AR4 and CRT AR5 GWP frameworks; CO2-only difference is less affected by GWP changes.
2004,2.A.1,Cement production,345.937,345.937,0.0,0.0,345.937,345.937,0.0,0.0,Total CO2eq comparison combines CRF AR4 and CRT AR5 GWP frameworks; CO2-only difference is less affected by GWP changes.
2004,2.A.2,Lime production,658.416,658.415,-0.00100000000009004,-0.00015187966271932029,658.416,658.415,-0.00100000000009004,-0.00015187966271932029,Total CO2eq comparison combines CRF AR4 and CRT AR5 GWP frameworks; CO2-only difference is less affected by GWP changes.
2004,2.A.3,Glass production,10.104,10.104,0.0,0.0,10.104,10.104,0.0,0.0,Total CO2eq comparison combines CRF AR4 and CRT AR5 GWP frameworks; CO2-only difference is less affected by GWP changes.
2004,2.A.4,Other process uses of carbonates,2373.2388230000006,2381.9272749000006,8.688451900000018,0.366101035251774,2373.2388230000006,2381.9272749000006,8.688451900000018,0.366101035251774,Total CO2eq comparison combines CRF AR4 and CRT AR5 GWP frameworks; CO2-only difference is less affected by GWP changes.
2004,2.B,Chemical industry,117.1723,117.17225788160266,-4.2118397345802805e-05,-3.594569479800499e-05,117.1723,117.17225788160266,-4.2118397345802805e-05,-3.594569479800499e-05,Total CO2eq comparison combines CRF AR4 and CRT AR5 GWP frameworks; CO2-only difference is less affected by GWP changes.
2004,2.B.1,Ammonia production,80.2873,80.28735788160267,5.7881602671727705e-05,7.209309899788347e-05,80.2873,80.28735788160267,5.7881602671727705e-05,7.209309899788347e-05,Total CO2eq comparison combines CRF AR4 and CRT AR5 GWP frameworks; CO2-only difference is less affected by GWP changes.
2004,2.B.10,Other,0.0,0.0,0.0,,0.0,0.0,0.0,,Total CO2eq comparison combines CRF AR4 and CRT AR5 GWP frameworks; CO2-only difference is less affected by GWP changes.
2004,2.B.2,Nitric acid production,0.0,0.0,0.0,,0.0,0.0,0.0,,Total CO2eq comparison combines CRF AR4 and CRT AR5 GWP frameworks; CO2-only difference is less affected by GWP changes.
2004,2.B.3,Adipic acid production,0.0,0.0,0.0,,0.0,0.0,0.0,,Total CO2eq comparison combines CRF AR4 and CRT AR5 GWP frameworks; CO2-only difference is less affected by GWP changes.
2004,2.B.4,"Caprolactam, glyoxal and glyoxylic acid production",0.0,0.0,0.0,,0.0,0.0,0.0,,Total CO2eq comparison combines CRF AR4 and CRT AR5 GWP frameworks; CO2-only difference is less affected by GWP changes.
2004,2.B.5,Carbide production,36.885,36.884899999999995,-0.00010000000000331966,-0.00027111291853956803,36.885,36.884899999999995,-0.00010000000000331966,-0.00027111291853956803,Total CO2eq comparison combines CRF AR4 and CRT AR5 GWP frameworks; CO2-only difference is less affected by GWP changes.
2004,2.B.6,Titanium dioxide production,0.0,0.0,0.0,,0.0,0.0,0.0,,Total CO2eq comparison combines CRF AR4 and CRT AR5 GWP frameworks; CO2-only difference is less affected by GWP changes.
2004,2.B.7,Soda ash production,0.0,0.0,0.0,,0.0,0.0,0.0,,Total CO2eq comparison combines CRF AR4 and CRT AR5 GWP frameworks; CO2-only difference is less affected by GWP changes.
2004,2.B.8,Petrochemical and carbon black production,0.0,0.0,0.0,,0.0,0.0,0.0,,Total CO2eq comparison combines CRF AR4 and CRT AR5 GWP frameworks; CO2-only difference is less affected by GWP changes.
2004,2.B.9,Fluorochemical production,0.0,0.0,0.0,,0.0,0.0,0.0,,Total CO2eq comparison combines CRF AR4 and CRT AR5 GWP frameworks; CO2-only difference is less affected by GWP changes.
2004,2.C,Metal industry,16232.9925,16234.539946735713,1.5474467357125832,0.0095327262407876,16220.11,16220.110986735714,0.0009867357130133314,6.083409502237231e-06,Total CO2eq comparison combines CRF AR4 and CRT AR5 GWP frameworks; CO2-only difference is less affected by GWP changes.
2004,2.C.1,Iron and steel production,13390.3595,13391.724126735711,1.3646267357107718,0.010191113507525856,13378.992,13378.992526735712,0.000526735711900983,3.93703585368003e-06,Total CO2eq comparison combines CRF AR4 and CRT AR5 GWP frameworks; CO2-only difference is less affected by GWP changes.
2004,2.C.2,Ferroalloys production,2652.093,2652.27518,0.18218000000024404,0.0068692915369198615,2650.578,2650.57782,-0.00018000000000029104,-6.790971629595169e-06,Total CO2eq comparison combines CRF AR4 and CRT AR5 GWP frameworks; CO2-only difference is less affected by GWP changes.
2004,2.C.3,Aluminium production,0.0,0.0,0.0,,0.0,0.0,0.0,,Total CO2eq comparison combines CRF AR4 and CRT AR5 GWP frameworks; CO2-only difference is less affected by GWP changes.
2004,2.C.4,Magnesium production,0.0,0.0,0.0,,0.0,0.0,0.0,,Total CO2eq comparison combines CRF AR4 and CRT AR5 GWP frameworks; CO2-only difference is less affected by GWP changes.
2004,2.C.5,Lead production,81.648,81.64832,0.0003200000000020964,0.0003919263178548114,81.648,81.64832,0.0003200000000020964,0.0003919263178548114,Total CO2eq comparison combines CRF AR4 and CRT AR5 GWP frameworks; CO2-only difference is less affected by GWP changes.
2004,2.C.6,Zinc production,108.892,108.89232000000001,0.00032000000001630724,0.00029386915477381924,108.892,108.89232000000001,0.00032000000001630724,0.00029386915477381924,Total CO2eq comparison combines CRF AR4 and CRT AR5 GWP frameworks; CO2-only difference is less affected by GWP changes.
2004,2.C.7,Other,0.0,0.0,0.0,,0.0,0.0,0.0,,Total CO2eq comparison combines CRF AR4 and CRT AR5 GWP frameworks; CO2-only difference is less affected by GWP changes.
2005,2,Total industrial processes,20853.667869088484,20823.642113463007,-30.02575562547645,-0.14398309119511685,20196.228939,20198.65775540358,2.4288164035788213,0.012026088686728277,Total CO2eq comparison combines CRF AR4 and CRT AR5 GWP frameworks; CO2-only difference is less affected by GWP changes.
2005,2.A,Mineral industry,4458.851239,4462.53059232,3.6793533200007005,0.08251796534090876,4458.851239,4462.53059232,3.6793533200007005,0.08251796534090876,Total CO2eq comparison combines CRF AR4 and CRT AR5 GWP frameworks; CO2-only difference is less affected by GWP changes.
2005,2.A.1,Cement production,355.198,355.198,0.0,0.0,355.198,355.198,0.0,0.0,Total CO2eq comparison combines CRF AR4 and CRT AR5 GWP frameworks; CO2-only difference is less affected by GWP changes.
2005,2.A.2,Lime production,761.551,761.551,0.0,0.0,761.551,761.551,0.0,0.0,Total CO2eq comparison combines CRF AR4 and CRT AR5 GWP frameworks; CO2-only difference is less affected by GWP changes.
2005,2.A.3,Glass production,11.355,11.721,0.36599999999999966,3.2232496697490056,11.355,11.721,0.36599999999999966,3.2232496697490056,Total CO2eq comparison combines CRF AR4 and CRT AR5 GWP frameworks; CO2-only difference is less affected by GWP changes.
2005,2.A.4,Other process uses of carbonates,3330.747239,3334.06059232,3.3133533200002603,0.09947777727483872,3330.747239,3334.06059232,3.3133533200002603,0.09947777727483872,Total CO2eq comparison combines CRF AR4 and CRT AR5 GWP frameworks; CO2-only difference is less affected by GWP changes.
2005,2.B,Chemical industry,54.9487,54.94832067379626,-0.0003793262037419254,-0.0006903278944577859,54.9487,54.94832067379626,-0.0003793262037419254,-0.0006903278944577859,Total CO2eq comparison combines CRF AR4 and CRT AR5 GWP frameworks; CO2-only difference is less affected by GWP changes.
2005,2.B.1,Ammonia production,11.0747,11.074720673796266,2.067379626602417e-05,0.00018667590332942808,11.0747,11.074720673796266,2.067379626602417e-05,0.00018667590332942808,Total CO2eq comparison combines CRF AR4 and CRT AR5 GWP frameworks; CO2-only difference is less affected by GWP changes.
2005,2.B.10,Other,0.0,0.0,0.0,,0.0,0.0,0.0,,Total CO2eq comparison combines CRF AR4 and CRT AR5 GWP frameworks; CO2-only difference is less affected by GWP changes.
2005,2.B.2,Nitric acid production,0.0,0.0,0.0,,0.0,0.0,0.0,,Total CO2eq comparison combines CRF AR4 and CRT AR5 GWP frameworks; CO2-only difference is less affected by GWP changes.
2005,2.B.3,Adipic acid production,0.0,0.0,0.0,,0.0,0.0,0.0,,Total CO2eq comparison combines CRF AR4 and CRT AR5 GWP frameworks; CO2-only difference is less affected by GWP changes.
2005,2.B.4,"Caprolactam, glyoxal and glyoxylic acid production",0.0,0.0,0.0,,0.0,0.0,0.0,,Total CO2eq comparison combines CRF AR4 and CRT AR5 GWP frameworks; CO2-only difference is less affected by GWP changes.
2005,2.B.5,Carbide production,43.874,43.873599999999996,-0.0004000000000061732,-0.0009117016912207074,43.874,43.873599999999996,-0.0004000000000061732,-0.0009117016912207074,Total CO2eq comparison combines CRF AR4 and CRT AR5 GWP frameworks; CO2-only difference is less affected by GWP changes.
2005,2.B.6,Titanium dioxide production,0.0,0.0,0.0,,0.0,0.0,0.0,,Total CO2eq comparison combines CRF AR4 and CRT AR5 GWP frameworks; CO2-only difference is less affected by GWP changes.
2005,2.B.7,Soda ash production,0.0,0.0,0.0,,0.0,0.0,0.0,,Total CO2eq comparison combines CRF AR4 and CRT AR5 GWP frameworks; CO2-only difference is less affected by GWP changes.
2005,2.B.8,Petrochemical and carbon black production,0.0,0.0,0.0,,0.0,0.0,0.0,,Total CO2eq comparison combines CRF AR4 and CRT AR5 GWP frameworks; CO2-only difference is less affected by GWP changes.
2005,2.B.9,Fluorochemical production,0.0,0.0,0.0,,0.0,0.0,0.0,,Total CO2eq comparison combines CRF AR4 and CRT AR5 GWP frameworks; CO2-only difference is less affected by GWP changes.
2005,2.C,Metal industry,15694.279,15693.130475049782,-1.148524950218416,-0.007318112225597723,15682.134,15679.526899049783,-2.6071009502175,-0.01662465676047342,Total CO2eq comparison combines CRF AR4 and CRT AR5 GWP frameworks; CO2-only difference is less affected by GWP changes.
2005,2.C.1,Iron and steel production,12786.0265,12786.919379049783,0.892879049783005,0.0069832410388247276,12775.414,12775.033379049783,-0.38062095021814457,-0.0029793238028775,Total CO2eq comparison combines CRF AR4 and CRT AR5 GWP frameworks; CO2-only difference is less affected by GWP changes.
2005,2.C.2,Ferroalloys production,2734.6564999999996,2732.6147559999995,-2.041744000000108,-0.07466180853061831,2733.124,2730.8971799999995,-2.226820000000316,-0.08147526420317251,Total CO2eq comparison combines CRF AR4 and CRT AR5 GWP frameworks; CO2-only difference is less affected by GWP changes.
2005,2.C.3,Aluminium production,0.0,0.0,0.0,,0.0,0.0,0.0,,Total CO2eq comparison combines CRF AR4 and CRT AR5 GWP frameworks; CO2-only difference is less affected by GWP changes.
2005,2.C.4,Magnesium production,0.0,0.0,0.0,,0.0,0.0,0.0,,Total CO2eq comparison combines CRF AR4 and CRT AR5 GWP frameworks; CO2-only difference is less affected by GWP changes.
2005,2.C.5,Lead production,70.432,70.43192,-7.999999999697138e-05,-0.0001135847342074219,70.432,70.43192,-7.999999999697138e-05,-0.0001135847342074219,Total CO2eq comparison combines CRF AR4 and CRT AR5 GWP frameworks; CO2-only difference is less affected by GWP changes.
2005,2.C.6,Zinc production,103.164,103.16441999999999,0.0004199999999912052,0.0004071187623504373,103.164,103.16441999999999,0.0004199999999912052,0.0004071187623504373,Total CO2eq comparison combines CRF AR4 and CRT AR5 GWP frameworks; CO2-only difference is less affected by GWP changes.
2005,2.C.7,Other,0.0,0.0,0.0,,0.0,0.0,0.0,,Total CO2eq comparison combines CRF AR4 and CRT AR5 GWP frameworks; CO2-only difference is less affected by GWP changes.
2006,2,Total industrial processes,22444.70432178409,22384.087023837237,-60.617297946853796,-0.2700739429568722,21520.208652,21529.57300809889,9.364356098889402,0.04351424398489332,Total CO2eq comparison combines CRF AR4 and CRT AR5 GWP frameworks; CO2-only difference is less affected by GWP changes.
2006,2.A,Mineral industry,5342.588852,5353.94189998,11.353047980000156,0.21250087353718297,5342.588852,5353.94189998,11.353047980000156,0.21250087353718297,Total CO2eq comparison combines CRF AR4 and CRT AR5 GWP frameworks; CO2-only difference is less affected by GWP changes.
2006,2.A.1,Cement production,475.598,475.597,-0.0010000000000331966,-0.00021026160749902154,475.598,475.597,-0.0010000000000331966,-0.00021026160749902154,Total CO2eq comparison combines CRF AR4 and CRT AR5 GWP frameworks; CO2-only difference is less affected by GWP changes.
2006,2.A.2,Lime production,757.374,757.374,0.0,0.0,757.374,757.374,0.0,0.0,Total CO2eq comparison combines CRF AR4 and CRT AR5 GWP frameworks; CO2-only difference is less affected by GWP changes.
2006,2.A.3,Glass production,12.605,12.605,0.0,0.0,12.605,12.605,0.0,0.0,Total CO2eq comparison combines CRF AR4 and CRT AR5 GWP frameworks; CO2-only difference is less affected by GWP changes.
2006,2.A.4,Other process uses of carbonates,4097.011852,4108.36589998,11.35404798000036,0.27712997643533205,4097.011852,4108.36589998,11.35404798000036,0.27712997643533205,Total CO2eq comparison combines CRF AR4 and CRT AR5 GWP frameworks; CO2-only difference is less affected by GWP changes.
2006,2.B,Chemical industry,123.47040000000001,121.09128442421334,-2.3791155757866704,-1.9268711981063236,101.8952,101.89569142421334,0.0004914242133366997,0.00048228396758306544,Total CO2eq comparison combines CRF AR4 and CRT AR5 GWP frameworks; CO2-only difference is less affected by GWP changes.
2006,2.B.1,Ammonia production,68.4482,68.44819142421333,-8.575786665687701e-06,-1.2528870979350372e-05,68.4482,68.44819142421333,-8.575786665687701e-06,-1.2528870979350372e-05,Total CO2eq comparison combines CRF AR4 and CRT AR5 GWP frameworks; CO2-only difference is less affected by GWP changes.
2006,2.B.10,Other,0.0,0.0,0.0,,0.0,0.0,0.0,,Total CO2eq comparison combines CRF AR4 and CRT AR5 GWP frameworks; CO2-only difference is less affected by GWP changes.
2006,2.B.2,Nitric acid production,21.575200000000002,19.195593000000002,-2.379607,-11.029362416107382,0.0,0.0,0.0,,Total CO2eq comparison combines CRF AR4 and CRT AR5 GWP frameworks; CO2-only difference is less affected by GWP changes.
2006,2.B.3,Adipic acid production,0.0,0.0,0.0,,0.0,0.0,0.0,,Total CO2eq comparison combines CRF AR4 and CRT AR5 GWP frameworks; CO2-only difference is less affected by GWP changes.
2006,2.B.4,"Caprolactam, glyoxal and glyoxylic acid production",0.0,0.0,0.0,,0.0,0.0,0.0,,Total CO2eq comparison combines CRF AR4 and CRT AR5 GWP frameworks; CO2-only difference is less affected by GWP changes.
2006,2.B.5,Carbide production,33.447,33.4475,0.000499999999995282,0.0014949023828602923,33.447,33.4475,0.000499999999995282,0.0014949023828602923,Total CO2eq comparison combines CRF AR4 and CRT AR5 GWP frameworks; CO2-only difference is less affected by GWP changes.
2006,2.B.6,Titanium dioxide production,0.0,0.0,0.0,,0.0,0.0,0.0,,Total CO2eq comparison combines CRF AR4 and CRT AR5 GWP frameworks; CO2-only difference is less affected by GWP changes.
2006,2.B.7,Soda ash production,0.0,0.0,0.0,,0.0,0.0,0.0,,Total CO2eq comparison combines CRF AR4 and CRT AR5 GWP frameworks; CO2-only difference is less affected by GWP changes.
2006,2.B.8,Petrochemical and carbon black production,0.0,0.0,0.0,,0.0,0.0,0.0,,Total CO2eq comparison combines CRF AR4 and CRT AR5 GWP frameworks; CO2-only difference is less affected by GWP changes.
2006,2.B.9,Fluorochemical production,0.0,0.0,0.0,,0.0,0.0,0.0,,Total CO2eq comparison combines CRF AR4 and CRT AR5 GWP frameworks; CO2-only difference is less affected by GWP changes.
2006,2.C,Metal industry,16087.1911,16085.900458374677,-1.290641625322678,-0.008022790413192009,16075.4886,16072.794414374677,-2.694185625323371,-0.016759587794571734,Total CO2eq comparison combines CRF AR4 and CRT AR5 GWP frameworks; CO2-only difference is less affected by GWP changes.
2006,2.C.1,Iron and steel production,12656.8346,12658.08723037468,1.2526303746799385,0.009896869274723228,12646.3946,12646.39443037468,-0.0001696253202680964,-1.3412939073409619e-06,Total CO2eq comparison combines CRF AR4 and CRT AR5 GWP frameworks; CO2-only difference is less affected by GWP changes.
2006,2.C.2,Ferroalloys production,3253.3145,3250.771048,-2.5434519999998884,-0.07818032962997855,3252.052,3249.357804,-2.69419599999992,-0.08284603075227333,Total CO2eq comparison combines CRF AR4 and CRT AR5 GWP frameworks; CO2-only difference is less affected by GWP changes.
2006,2.C.3,Aluminium production,0.0,0.0,0.0,,0.0,0.0,0.0,,Total CO2eq comparison combines CRF AR4 and CRT AR5 GWP frameworks; CO2-only difference is less affected by GWP changes.
2006,2.C.4,Magnesium production,0.0,0.0,0.0,,0.0,0.0,0.0,,Total CO2eq comparison combines CRF AR4 and CRT AR5 GWP frameworks; CO2-only difference is less affected by GWP changes.
2006,2.C.5,Lead production,60.306,60.30648,0.0004800000000031446,0.0007959407024228844,60.306,60.30648,0.0004800000000031446,0.0007959407024228844,Total CO2eq comparison combines CRF AR4 and CRT AR5 GWP frameworks; CO2-only difference is less affected by GWP changes.
2006,2.C.6,Zinc production,116.736,116.73570000000001,-0.0002999999999957481,-0.00025699013157530503,116.736,116.73570000000001,-0.0002999999999957481,-0.00025699013157530503,Total CO2eq comparison combines CRF AR4 and CRT AR5 GWP frameworks; CO2-only difference is less affected by GWP changes.
2006,2.C.7,Other,0.0,0.0,0.0,,0.0,0.0,0.0,,Total CO2eq comparison combines CRF AR4 and CRT AR5 GWP frameworks; CO2-only difference is less affected by GWP changes.
2007,2,Total industrial processes,23387.307217846042,23316.620609139765,-70.68660870627718,-0.3022434692795188,22276.254011,22289.36083898128,13.106827981278911,0.05883766621985352,Total CO2eq comparison combines CRF AR4 and CRT AR5 GWP frameworks; CO2-only difference is less affected by GWP changes.
2007,2.A,Mineral industry,4853.595211,4868.60213685,15.006925849999789,0.3091919535438117,4853.595211,4868.60213685,15.006925849999789,0.3091919535438117,Total CO2eq comparison combines CRF AR4 and CRT AR5 GWP frameworks; CO2-only difference is less affected by GWP changes.
2007,2.A.1,Cement production,596.891,596.891,0.0,0.0,596.891,596.891,0.0,0.0,Total CO2eq comparison combines CRF AR4 and CRT AR5 GWP frameworks; CO2-only difference is less affected by GWP changes.
2007,2.A.2,Lime production,784.283,784.2828,-0.00020000000006348273,-2.5500999009730256e-05,784.283,784.2828,-0.00020000000006348273,-2.5500999009730256e-05,Total CO2eq comparison combines CRF AR4 and CRT AR5 GWP frameworks; CO2-only difference is less affected by GWP changes.
2007,2.A.3,Glass production,12.194,12.193,-0.0010000000000012221,-0.008200754469421208,12.194,12.193,-0.0010000000000012221,-0.008200754469421208,Total CO2eq comparison combines CRF AR4 and CRT AR5 GWP frameworks; CO2-only difference is less affected by GWP changes.
2007,2.A.4,Other process uses of carbonates,3460.227211,3475.23533685,15.008125849999942,0.43373238041390405,3460.227211,3475.23533685,15.008125849999942,0.43373238041390405,Total CO2eq comparison combines CRF AR4 and CRT AR5 GWP frameworks; CO2-only difference is less affected by GWP changes.
2007,2.B,Chemical industry,416.4102,403.08493562743996,-13.325264372560014,-3.2000331338089256,296.07779999999997,296.07793562743996,0.00013562743998818405,4.580804099063965e-05,Total CO2eq comparison combines CRF AR4 and CRT AR5 GWP frameworks; CO2-only difference is less affected by GWP changes.
2007,2.B.1,Ammonia production,268.1248,268.12483562743995,3.5627439956442686e-05,1.328763320529943e-05,268.1248,268.12483562743995,3.5627439956442686e-05,1.328763320529943e-05,Total CO2eq comparison combines CRF AR4 and CRT AR5 GWP frameworks; CO2-only difference is less affected by GWP changes.
2007,2.B.10,Other,0.0,0.0,0.0,,0.0,0.0,0.0,,Total CO2eq comparison combines CRF AR4 and CRT AR5 GWP frameworks; CO2-only difference is less affected by GWP changes.
2007,2.B.2,Nitric acid production,120.33239999999999,107.007,-13.325399999999988,-11.073825503355696,0.0,0.0,0.0,,Total CO2eq comparison combines CRF AR4 and CRT AR5 GWP frameworks; CO2-only difference is less affected by GWP changes.
2007,2.B.3,Adipic acid production,0.0,0.0,0.0,,0.0,0.0,0.0,,Total CO2eq comparison combines CRF AR4 and CRT AR5 GWP frameworks; CO2-only difference is less affected by GWP changes.
2007,2.B.4,"Caprolactam, glyoxal and glyoxylic acid production",0.0,0.0,0.0,,0.0,0.0,0.0,,Total CO2eq comparison combines CRF AR4 and CRT AR5 GWP frameworks; CO2-only difference is less affected by GWP changes.
2007,2.B.5,Carbide production,27.953,27.953100000000003,0.00010000000000331966,0.00035774335492905825,27.953,27.953100000000003,0.00010000000000331966,0.00035774335492905825,Total CO2eq comparison combines CRF AR4 and CRT AR5 GWP frameworks; CO2-only difference is less affected by GWP changes.
2007,2.B.6,Titanium dioxide production,0.0,0.0,0.0,,0.0,0.0,0.0,,Total CO2eq comparison combines CRF AR4 and CRT AR5 GWP frameworks; CO2-only difference is less affected by GWP changes.
2007,2.B.7,Soda ash production,0.0,0.0,0.0,,0.0,0.0,0.0,,Total CO2eq comparison combines CRF AR4 and CRT AR5 GWP frameworks; CO2-only difference is less affected by GWP changes.
2007,2.B.8,Petrochemical and carbon black production,0.0,0.0,0.0,,0.0,0.0,0.0,,Total CO2eq comparison combines CRF AR4 and CRT AR5 GWP frameworks; CO2-only difference is less affected by GWP changes.
2007,2.B.9,Fluorochemical production,0.0,0.0,0.0,,0.0,0.0,0.0,,Total CO2eq comparison combines CRF AR4 and CRT AR5 GWP frameworks; CO2-only difference is less affected by GWP changes.
2007,2.C,Metal industry,17168.4842,17164.539643833796,-3.944556166203256,-0.022975564530054764,17126.297,17123.865034903796,-2.4319650962024753,-0.014200180553931041,Total CO2eq comparison combines CRF AR4 and CRT AR5 GWP frameworks; CO2-only difference is less affected by GWP changes.
2007,2.C.1,Iron and steel production,13583.442,13584.824386227414,1.3823862274148269,0.010176995104884512,13571.927,13571.927586227413,0.0005862274138053181,4.319411781431761e-06,Total CO2eq comparison combines CRF AR4 and CRT AR5 GWP frameworks; CO2-only difference is less affected by GWP changes.
2007,2.C.2,Ferroalloys production,3238.8325,3236.5044040000002,-2.328095999999732,-0.07188071627661301,3237.95,3235.5162840000003,-2.4337159999995492,-0.07516224771844993,Total CO2eq comparison combines CRF AR4 and CRT AR5 GWP frameworks; CO2-only difference is less affected by GWP changes.
2007,2.C.3,Aluminium production,47.2907,44.291253606383336,-2.9994463936166653,-6.342571358885923,17.501,17.501564676383335,0.0005646763833340174,0.0032265378168905624,Total CO2eq comparison combines CRF AR4 and CRT AR5 GWP frameworks; CO2-only difference is less affected by GWP changes.
2007,2.C.4,Magnesium production,0.0,0.0,0.0,,0.0,0.0,0.0,,Total CO2eq comparison combines CRF AR4 and CRT AR5 GWP frameworks; CO2-only difference is less affected by GWP changes.
2007,2.C.5,Lead production,61.173,61.173320000000004,0.0003200000000020964,0.0005231065993201189,61.173,61.173320000000004,0.0003200000000020964,0.0005231065993201189,Total CO2eq comparison combines CRF AR4 and CRT AR5 GWP frameworks; CO2-only difference is less affected by GWP changes.
2007,2.C.6,Zinc production,237.746,237.74628,0.0002800000000036107,0.00011777274906985215,237.746,237.74628,0.0002800000000036107,0.00011777274906985215,Total CO2eq comparison combines CRF AR4 and CRT AR5 GWP frameworks; CO2-only difference is less affected by GWP changes.
2007,2.C.7,Other,0.0,0.0,0.0,,0.0,0.0,0.0,,Total CO2eq comparison combines CRF AR4 and CRT AR5 GWP frameworks; CO2-only difference is less affected by GWP changes.
2008,2,Total industrial processes,21813.78275233552,21662.437363080782,-151.3453892547368,-0.6938062553067869,20216.49436,20242.110131063408,25.61577106340701,0.12670728469170164,Total CO2eq comparison combines CRF AR4 and CRT AR5 GWP frameworks; CO2-only difference is less affected by GWP changes.
2008,2.A,Mineral industry,5406.29846,5433.572541009999,27.274081009999463,0.5044871497900888,5406.29846,5433.572541009999,27.274081009999463,0.5044871497900888,Total CO2eq comparison combines CRF AR4 and CRT AR5 GWP frameworks; CO2-only difference is less affected by GWP changes.
2008,2.A.1,Cement production,984.189,984.189,0.0,0.0,984.189,984.189,0.0,0.0,Total CO2eq comparison combines CRF AR4 and CRT AR5 GWP frameworks; CO2-only difference is less affected by GWP changes.
2008,2.A.2,Lime production,694.385,694.3853805,0.00038050000000566797,5.479669059753133e-05,694.385,694.3853805,0.00038050000000566797,5.479669059753133e-05,Total CO2eq comparison combines CRF AR4 and CRT AR5 GWP frameworks; CO2-only difference is less affected by GWP changes.
2008,2.A.3,Glass production,9.565,9.565,0.0,0.0,9.565,9.565,0.0,0.0,Total CO2eq comparison combines CRF AR4 and CRT AR5 GWP frameworks; CO2-only difference is less affected by GWP changes.
2008,2.A.4,Other process uses of carbonates,3718.1594599999994,3745.4331605099997,27.273700510000253,0.7335269184501371,3718.1594599999994,3745.4331605099997,27.273700510000253,0.7335269184501371,Total CO2eq comparison combines CRF AR4 and CRT AR5 GWP frameworks; CO2-only difference is less affected by GWP changes.
2008,2.B,Chemical industry,423.36096,410.309,-13.051959999999951,-3.0829389653689256,305.6599,305.6605,0.0006000000000199179,0.0001962966028647912,Total CO2eq comparison combines CRF AR4 and CRT AR5 GWP frameworks; CO2-only difference is less affected by GWP changes.
2008,2.B.1,Ammonia production,275.3139,275.3138,-9.999999997489795e-05,-3.632217624133687e-05,275.3139,275.3138,-9.999999997489795e-05,-3.632217624133687e-05,Total CO2eq comparison combines CRF AR4 and CRT AR5 GWP frameworks; CO2-only difference is less affected by GWP changes.
2008,2.B.10,Other,0.0,0.0,0.0,,0.0,0.0,0.0,,Total CO2eq comparison combines CRF AR4 and CRT AR5 GWP frameworks; CO2-only difference is less affected by GWP changes.
2008,2.B.2,Nitric acid production,117.70106,104.6485,-13.05256,-11.089585769236063,0.0,0.0,0.0,,Total CO2eq comparison combines CRF AR4 and CRT AR5 GWP frameworks; CO2-only difference is less affected by GWP changes.
2008,2.B.3,Adipic acid production,0.0,0.0,0.0,,0.0,0.0,0.0,,Total CO2eq comparison combines CRF AR4 and CRT AR5 GWP frameworks; CO2-only difference is less affected by GWP changes.
2008,2.B.4,"Caprolactam, glyoxal and glyoxylic acid production",0.0,0.0,0.0,,0.0,0.0,0.0,,Total CO2eq comparison combines CRF AR4 and CRT AR5 GWP frameworks; CO2-only difference is less affected by GWP changes.
2008,2.B.5,Carbide production,30.346,30.3467,0.0006999999999983686,0.002306729058190103,30.346,30.3467,0.0006999999999983686,0.002306729058190103,Total CO2eq comparison combines CRF AR4 and CRT AR5 GWP frameworks; CO2-only difference is less affected by GWP changes.
2008,2.B.6,Titanium dioxide production,0.0,0.0,0.0,,0.0,0.0,0.0,,Total CO2eq comparison combines CRF AR4 and CRT AR5 GWP frameworks; CO2-only difference is less affected by GWP changes.
2008,2.B.7,Soda ash production,0.0,0.0,0.0,,0.0,0.0,0.0,,Total CO2eq comparison combines CRF AR4 and CRT AR5 GWP frameworks; CO2-only difference is less affected by GWP changes.
2008,2.B.8,Petrochemical and carbon black production,0.0,0.0,0.0,,0.0,0.0,0.0,,Total CO2eq comparison combines CRF AR4 and CRT AR5 GWP frameworks; CO2-only difference is less affected by GWP changes.
2008,2.B.9,Fluorochemical production,0.0,0.0,0.0,,0.0,0.0,0.0,,Total CO2eq comparison combines CRF AR4 and CRT AR5 GWP frameworks; CO2-only difference is less affected by GWP changes.
2008,2.C,Metal industry,14962.64202,14916.393891453397,-46.24812854660195,-0.30909065714987916,14504.344,14502.095760453396,-2.248239546603145,-0.01550045659840352,Total CO2eq comparison combines CRF AR4 and CRT AR5 GWP frameworks; CO2-only difference is less affected by GWP changes.
2008,2.C.1,Iron and steel production,11172.3375,11173.41574478688,1.078244786880532,0.009651022329754467,11163.355,11163.35534478688,0.0003447868803050369,3.0885596696068242e-06,Total CO2eq comparison combines CRF AR4 and CRT AR5 GWP frameworks; CO2-only difference is less affected by GWP changes.
2008,2.C.2,Ferroalloys production,2859.848,2857.6977159999997,-2.1502840000002834,-0.07518875129028828,2859.038,2856.789144,-2.24885600000016,-0.0786577862903592,Total CO2eq comparison combines CRF AR4 and CRT AR5 GWP frameworks; CO2-only difference is less affected by GWP changes.
2008,2.C.3,Aluminium production,606.75952,561.5832106665166,-45.176309333483346,-7.445504824297335,158.254,158.25405166651666,5.166651666854705e-05,3.264784249911348e-05,Total CO2eq comparison combines CRF AR4 and CRT AR5 GWP frameworks; CO2-only difference is less affected by GWP changes.
2008,2.C.4,Magnesium production,0.0,0.0,0.0,,0.0,0.0,0.0,,Total CO2eq comparison combines CRF AR4 and CRT AR5 GWP frameworks; CO2-only difference is less affected by GWP changes.
2008,2.C.5,Lead production,54.998,54.99832000000001,0.0003200000000092018,0.0005818393396290807,54.998,54.99832000000001,0.0003200000000092018,0.0005818393396290807,Total CO2eq comparison combines CRF AR4 and CRT AR5 GWP frameworks; CO2-only difference is less affected by GWP changes.
2008,2.C.6,Zinc production,268.699,268.69890000000004,-9.999999997489795e-05,-3.7216364770578954e-05,268.699,268.69890000000004,-9.999999997489795e-05,-3.7216364770578954e-05,Total CO2eq comparison combines CRF AR4 and CRT AR5 GWP frameworks; CO2-only difference is less affected by GWP changes.
2008,2.C.7,Other,0.0,0.0,0.0,,0.0,0.0,0.0,,Total CO2eq comparison combines CRF AR4 and CRT AR5 GWP frameworks; CO2-only difference is less affected by GWP changes.
2009,2,Total industrial processes,21299.45065541538,21250.494472695736,-48.95618271964486,-0.22984716137360922,19783.686788,19922.22985844689,138.54307044689267,0.7002894451954598,Total CO2eq comparison combines CRF AR4 and CRT AR5 GWP frameworks; CO2-only difference is less affected by GWP changes.
2009,2.A,Mineral industry,4506.296588,4513.6056950600005,7.309107060000315,0.16219764760854916,4506.296588,4513.6056950600005,7.309107060000315,0.16219764760854916,Total CO2eq comparison combines CRF AR4 and CRT AR5 GWP frameworks; CO2-only difference is less affected by GWP changes.
2009,2.A.1,Cement production,932.672,932.672,0.0,0.0,932.672,932.672,0.0,0.0,Total CO2eq comparison combines CRF AR4 and CRT AR5 GWP frameworks; CO2-only difference is less affected by GWP changes.
2009,2.A.2,Lime production,611.82,611.8203,0.00029999999992469384,4.903402960424534e-05,611.82,611.8203,0.00029999999992469384,4.903402960424534e-05,Total CO2eq comparison combines CRF AR4 and CRT AR5 GWP frameworks; CO2-only difference is less affected by GWP changes.
2009,2.A.3,Glass production,7.045,7.044,-0.001000000000000334,-0.01419446415898274,7.045,7.044,-0.001000000000000334,-0.01419446415898274,Total CO2eq comparison combines CRF AR4 and CRT AR5 GWP frameworks; CO2-only difference is less affected by GWP changes.
2009,2.A.4,Other process uses of carbonates,2954.759588,2962.0693950600003,7.309807060000367,0.24739092444905764,2954.759588,2962.0693950600003,7.309807060000367,0.24739092444905764,Total CO2eq comparison combines CRF AR4 and CRT AR5 GWP frameworks; CO2-only difference is less affected by GWP changes.
2009,2.B,Chemical industry,315.2866,305.72210968,-9.564490320000004,-3.0335860515480215,228.9262,228.92632868000004,0.00012868000004573332,5.621025467846551e-05,Total CO2eq comparison combines CRF AR4 and CRT AR5 GWP frameworks; CO2-only difference is less affected by GWP changes.
2009,2.B.1,Ammonia production,195.4142,195.41422868000004,2.8680000042413667e-05,1.4676517900139124e-05,195.4142,195.41422868000004,2.8680000042413667e-05,1.4676517900139124e-05,Total CO2eq comparison combines CRF AR4 and CRT AR5 GWP frameworks; CO2-only difference is less affected by GWP changes.
2009,2.B.10,Other,0.0,0.0,0.0,,0.0,0.0,0.0,,Total CO2eq comparison combines CRF AR4 and CRT AR5 GWP frameworks; CO2-only difference is less affected by GWP changes.
2009,2.B.2,Nitric acid production,86.3604,76.79578099999999,-9.564619000000008,-11.075237029935025,0.0,0.0,0.0,,Total CO2eq comparison combines CRF AR4 and CRT AR5 GWP frameworks; CO2-only difference is less affected by GWP changes.
2009,2.B.3,Adipic acid production,0.0,0.0,0.0,,0.0,0.0,0.0,,Total CO2eq comparison combines CRF AR4 and CRT AR5 GWP frameworks; CO2-only difference is less affected by GWP changes.
2009,2.B.4,"Caprolactam, glyoxal and glyoxylic acid production",0.0,0.0,0.0,,0.0,0.0,0.0,,Total CO2eq comparison combines CRF AR4 and CRT AR5 GWP frameworks; CO2-only difference is less affected by GWP changes.
2009,2.B.5,Carbide production,33.512,33.512100000000004,0.00010000000000331966,0.00029840057293900585,33.512,33.512100000000004,0.00010000000000331966,0.00029840057293900585,Total CO2eq comparison combines CRF AR4 and CRT AR5 GWP frameworks; CO2-only difference is less affected by GWP changes.
2009,2.B.6,Titanium dioxide production,0.0,0.0,0.0,,0.0,0.0,0.0,,Total CO2eq comparison combines CRF AR4 and CRT AR5 GWP frameworks; CO2-only difference is less affected by GWP changes.
2009,2.B.7,Soda ash production,0.0,0.0,0.0,,0.0,0.0,0.0,,Total CO2eq comparison combines CRF AR4 and CRT AR5 GWP frameworks; CO2-only difference is less affected by GWP changes.
2009,2.B.8,Petrochemical and carbon black production,0.0,0.0,0.0,,0.0,0.0,0.0,,Total CO2eq comparison combines CRF AR4 and CRT AR5 GWP frameworks; CO2-only difference is less affected by GWP changes.
2009,2.B.9,Fluorochemical production,0.0,0.0,0.0,,0.0,0.0,0.0,,Total CO2eq comparison combines CRF AR4 and CRT AR5 GWP frameworks; CO2-only difference is less affected by GWP changes.
2009,2.C,Metal industry,15289.484929999999,15255.683159406854,-33.80177059314519,-0.2210785435081703,14930.714,14930.714041906853,4.190685285720974e-05,2.806754777916832e-07,Total CO2eq comparison combines CRF AR4 and CRT AR5 GWP frameworks; CO2-only difference is less affected by GWP changes.
2009,2.C.1,Iron and steel production,12059.587,12060.793852847219,1.2068528472191247,0.010007414409955537,12049.527,12049.526652847218,-0.0003471527816145681,-2.881049037149492e-06,Total CO2eq comparison combines CRF AR4 and CRT AR5 GWP frameworks; CO2-only difference is less affected by GWP changes.
2009,2.C.2,Ferroalloys production,2474.3875000000003,2474.4501351999997,0.06263519999947675,0.0025313415946159098,2473.86,2473.8602591999997,0.0002591999996184313,1.0477553281852301e-05,Total CO2eq comparison combines CRF AR4 and CRT AR5 GWP frameworks; CO2-only difference is less affected by GWP changes.
2009,2.C.3,Aluminium production,537.58543,502.5141913596334,-35.07123864036657,-6.5238447106660935,189.402,189.4021498596334,0.0001498596334101876,7.912251898617101e-05,Total CO2eq comparison combines CRF AR4 and CRT AR5 GWP frameworks; CO2-only difference is less affected by GWP changes.
2009,2.C.4,Magnesium production,0.0,0.0,0.0,,0.0,0.0,0.0,,Total CO2eq comparison combines CRF AR4 and CRT AR5 GWP frameworks; CO2-only difference is less affected by GWP changes.
2009,2.C.5,Lead production,42.117,42.11688,-0.00011999999999545707,-0.0002849205783779877,42.117,42.11688,-0.00011999999999545707,-0.0002849205783779877,Total CO2eq comparison combines CRF AR4 and CRT AR5 GWP frameworks; CO2-only difference is less affected by GWP changes.
2009,2.C.6,Zinc production,175.808,175.8081,0.00010000000000331966,5.688023298332252e-05,175.808,175.8081,0.00010000000000331966,5.688023298332252e-05,Total CO2eq comparison combines CRF AR4 and CRT AR5 GWP frameworks; CO2-only difference is less affected by GWP changes.
2009,2.C.7,Other,0.0,0.0,0.0,,0.0,0.0,0.0,,Total CO2eq comparison combines CRF AR4 and CRT AR5 GWP frameworks; CO2-only difference is less affected by GWP changes.
2010,2,Total industrial processes,20182.937911989484,20107.659619177353,-75.27829281213053,-0.37297985625478325,18381.89753,18532.087885167464,150.1903551674659,0.8170557741514398,Total CO2eq comparison combines CRF AR4 and CRT AR5 GWP frameworks; CO2-only difference is less affected by GWP changes.
2010,2.A,Mineral industry,4135.18733,4145.274046279999,10.086716279999564,0.24392404684601227,4135.18733,4145.274046279999,10.086716279999564,0.24392404684601227,Total CO2eq comparison combines CRF AR4 and CRT AR5 GWP frameworks; CO2-only difference is less affected by GWP changes.
2010,2.A.1,Cement production,1025.235,1025.234,-0.0009999999999763531,-9.753861309615388e-05,1025.235,1025.234,-0.0009999999999763531,-9.753861309615388e-05,Total CO2eq comparison combines CRF AR4 and CRT AR5 GWP frameworks; CO2-only difference is less affected by GWP changes.
2010,2.A.2,Lime production,679.579,679.5789,-9.999999997489795e-05,-1.4714992660882392e-05,679.579,679.5789,-9.999999997489795e-05,-1.4714992660882392e-05,Total CO2eq comparison combines CRF AR4 and CRT AR5 GWP frameworks; CO2-only difference is less affected by GWP changes.
2010,2.A.3,Glass production,7.591,7.591,0.0,0.0,7.591,7.591,0.0,0.0,Total CO2eq comparison combines CRF AR4 and CRT AR5 GWP frameworks; CO2-only difference is less affected by GWP changes.
2010,2.A.4,Other process uses of carbonates,2422.78233,2432.87014628,10.08781627999997,0.4163731984953007,2422.78233,2432.87014628,10.08781627999997,0.4163731984953007,Total CO2eq comparison combines CRF AR4 and CRT AR5 GWP frameworks; CO2-only difference is less affected by GWP changes.
2010,2.B,Chemical industry,358.83892000000003,348.37406112146664,-10.464858878533391,-2.916310995065248,264.3312,264.33193462146664,0.0007346214666199558,0.00027791704748435133,Total CO2eq comparison combines CRF AR4 and CRT AR5 GWP frameworks; CO2-only difference is less affected by GWP changes.
2010,2.B.1,Ammonia production,232.5062,232.50623462146666,3.462146665356158e-05,1.4890556317879516e-05,232.5062,232.50623462146666,3.462146665356158e-05,1.4890556317879516e-05,Total CO2eq comparison combines CRF AR4 and CRT AR5 GWP frameworks; CO2-only difference is less affected by GWP changes.
2010,2.B.10,Other,0.0,0.0,0.0,,0.0,0.0,0.0,,Total CO2eq comparison combines CRF AR4 and CRT AR5 GWP frameworks; CO2-only difference is less affected by GWP changes.
2010,2.B.2,Nitric acid production,94.50771999999999,84.04212650000001,-10.465593499999983,-11.073797463318323,0.0,0.0,0.0,,Total CO2eq comparison combines CRF AR4 and CRT AR5 GWP frameworks; CO2-only difference is less affected by GWP changes.
2010,2.B.3,Adipic acid production,0.0,0.0,0.0,,0.0,0.0,0.0,,Total CO2eq comparison combines CRF AR4 and CRT AR5 GWP frameworks; CO2-only difference is less affected by GWP changes.
2010,2.B.4,"Caprolactam, glyoxal and glyoxylic acid production",0.0,0.0,0.0,,0.0,0.0,0.0,,Total CO2eq comparison combines CRF AR4 and CRT AR5 GWP frameworks; CO2-only difference is less affected by GWP changes.
2010,2.B.5,Carbide production,31.825,31.825699999999998,0.0006999999999983686,0.002199528672422211,31.825,31.825699999999998,0.0006999999999983686,0.002199528672422211,Total CO2eq comparison combines CRF AR4 and CRT AR5 GWP frameworks; CO2-only difference is less affected by GWP changes.
2010,2.B.6,Titanium dioxide production,0.0,0.0,0.0,,0.0,0.0,0.0,,Total CO2eq comparison combines CRF AR4 and CRT AR5 GWP frameworks; CO2-only difference is less affected by GWP changes.
2010,2.B.7,Soda ash production,0.0,0.0,0.0,,0.0,0.0,0.0,,Total CO2eq comparison combines CRF AR4 and CRT AR5 GWP frameworks; CO2-only difference is less affected by GWP changes.
2010,2.B.8,Petrochemical and carbon black production,0.0,0.0,0.0,,0.0,0.0,0.0,,Total CO2eq comparison combines CRF AR4 and CRT AR5 GWP frameworks; CO2-only difference is less affected by GWP changes.
2010,2.B.9,Fluorochemical production,0.0,0.0,0.0,,0.0,0.0,0.0,,Total CO2eq comparison combines CRF AR4 and CRT AR5 GWP frameworks; CO2-only difference is less affected by GWP changes.
2010,2.C,Metal industry,14497.69614,14437.587432712433,-60.108707287567086,-0.41460868476697904,13865.892,13867.370852512433,1.47885251243315,0.010665397598893385,Total CO2eq comparison combines CRF AR4 and CRT AR5 GWP frameworks; CO2-only difference is less affected by GWP changes.
2010,2.C.1,Iron and steel production,10373.79175,10376.375352388452,2.5836023884512542,0.024905092088929336,10364.592,10366.071632388452,1.4796323884511366,0.01427583824284773,Total CO2eq comparison combines CRF AR4 and CRT AR5 GWP frameworks; CO2-only difference is less affected by GWP changes.
2010,2.C.2,Ferroalloys production,2823.4939999999997,2823.5066503999997,0.012650399999984074,0.00044804061917553487,2823.394,2823.3936983999997,-0.00030160000005707843,-1.0682178968187879e-05,Total CO2eq comparison combines CRF AR4 and CRT AR5 GWP frameworks; CO2-only difference is less affected by GWP changes.
2010,2.C.3,Aluminium production,961.12939,898.4244899239818,-62.704900076018134,-6.52408517816921,338.625,338.62458172398163,-0.0004182760183653045,-0.000123521895419802,Total CO2eq comparison combines CRF AR4 and CRT AR5 GWP frameworks; CO2-only difference is less affected by GWP changes.
2010,2.C.4,Magnesium production,0.0,0.0,0.0,,0.0,0.0,0.0,,Total CO2eq comparison combines CRF AR4 and CRT AR5 GWP frameworks; CO2-only difference is less affected by GWP changes.
2010,2.C.5,Lead production,53.768,53.76800000000001,7.105427357601002e-15,1.3214974255321014e-14,53.768,53.76800000000001,7.105427357601002e-15,1.3214974255321014e-14,Total CO2eq comparison combines CRF AR4 and CRT AR5 GWP frameworks; CO2-only difference is less affected by GWP changes.
2010,2.C.6,Zinc production,285.513,285.51294,-5.99999999622014e-05,-2.1014804916834403e-05,285.513,285.51294,-5.99999999622014e-05,-2.1014804916834403e-05,Total CO2eq comparison combines CRF AR4 and CRT AR5 GWP frameworks; CO2-only difference is less affected by GWP changes.
2010,2.C.7,Other,0.0,0.0,0.0,,0.0,0.0,0.0,,Total CO2eq comparison combines CRF AR4 and CRT AR5 GWP frameworks; CO2-only difference is less affected by GWP changes.
2011,2,Total industrial processes,21131.871145785153,21089.247746167486,-42.62339961766702,-0.2017019663030098,19316.297643,19506.918817482878,190.62117448287609,0.9868411535476361,Total CO2eq comparison combines CRF AR4 and CRT AR5 GWP frameworks; CO2-only difference is less affected by GWP changes.
2011,2.A,Mineral industry,4345.026143,4370.027177517,25.001034517000335,0.5753943404294112,4345.026143,4370.027177517,25.001034517000335,0.5753943404294112,Total CO2eq comparison combines CRF AR4 and CRT AR5 GWP frameworks; CO2-only difference is less affected by GWP changes.
2011,2.A.1,Cement production,1066.332,1066.332,0.0,0.0,1066.332,1066.332,0.0,0.0,Total CO2eq comparison combines CRF AR4 and CRT AR5 GWP frameworks; CO2-only difference is less affected by GWP changes.
2011,2.A.2,Lime production,735.687,735.6867,-0.0003000000000383807,-4.077821139130917e-05,735.687,735.6867,-0.0003000000000383807,-4.077821139130917e-05,Total CO2eq comparison combines CRF AR4 and CRT AR5 GWP frameworks; CO2-only difference is less affected by GWP changes.
2011,2.A.3,Glass production,11.178,11.178,0.0,0.0,11.178,11.178,0.0,0.0,Total CO2eq comparison combines CRF AR4 and CRT AR5 GWP frameworks; CO2-only difference is less affected by GWP changes.
2011,2.A.4,Other process uses of carbonates,2531.829143,2556.830477517,25.001334517000032,0.9874811096998275,2531.829143,2556.830477517,25.001334517000032,0.9874811096998275,Total CO2eq comparison combines CRF AR4 and CRT AR5 GWP frameworks; CO2-only difference is less affected by GWP changes.
2011,2.B,Chemical industry,442.8057,428.5116849476133,-14.294015052386726,-3.228055793407069,313.8015,313.8014871326133,-1.2867386658399482e-05,-4.1004860264847306e-06,Total CO2eq comparison combines CRF AR4 and CRT AR5 GWP frameworks; CO2-only difference is less affected by GWP changes.
2011,2.B.1,Ammonia production,282.3855,282.3854871326133,-1.2867386658399482e-05,-4.556674000045853e-06,282.3855,282.3854871326133,-1.2867386658399482e-05,-4.556674000045853e-06,Total CO2eq comparison combines CRF AR4 and CRT AR5 GWP frameworks; CO2-only difference is less affected by GWP changes.
2011,2.B.10,Other,0.0,0.0,0.0,,0.0,0.0,0.0,,Total CO2eq comparison combines CRF AR4 and CRT AR5 GWP frameworks; CO2-only difference is less affected by GWP changes.
2011,2.B.2,Nitric acid production,129.0042,114.71019781499999,-14.29400218500001,-11.080261096150366,0.0,0.0,0.0,,Total CO2eq comparison combines CRF AR4 and CRT AR5 GWP frameworks; CO2-only difference is less affected by GWP changes.
2011,2.B.3,Adipic acid production,0.0,0.0,0.0,,0.0,0.0,0.0,,Total CO2eq comparison combines CRF AR4 and CRT AR5 GWP frameworks; CO2-only difference is less affected by GWP changes.
2011,2.B.4,"Caprolactam, glyoxal and glyoxylic acid production",0.0,0.0,0.0,,0.0,0.0,0.0,,Total CO2eq comparison combines CRF AR4 and CRT AR5 GWP frameworks; CO2-only difference is less affected by GWP changes.
2011,2.B.5,Carbide production,31.416,31.416,0.0,0.0,31.416,31.416,0.0,0.0,Total CO2eq comparison combines CRF AR4 and CRT AR5 GWP frameworks; CO2-only difference is less affected by GWP changes.
2011,2.B.6,Titanium dioxide production,0.0,0.0,0.0,,0.0,0.0,0.0,,Total CO2eq comparison combines CRF AR4 and CRT AR5 GWP frameworks; CO2-only difference is less affected by GWP changes.
2011,2.B.7,Soda ash production,0.0,0.0,0.0,,0.0,0.0,0.0,,Total CO2eq comparison combines CRF AR4 and CRT AR5 GWP frameworks; CO2-only difference is less affected by GWP changes.
2011,2.B.8,Petrochemical and carbon black production,0.0,0.0,0.0,,0.0,0.0,0.0,,Total CO2eq comparison combines CRF AR4 and CRT AR5 GWP frameworks; CO2-only difference is less affected by GWP changes.
2011,2.B.9,Fluorochemical production,0.0,0.0,0.0,,0.0,0.0,0.0,,Total CO2eq comparison combines CRF AR4 and CRT AR5 GWP frameworks; CO2-only difference is less affected by GWP changes.
2011,2.C,Metal industry,15064.64993,15012.51705149388,-52.132878506119596,-0.3460610020701596,14524.479,14524.47929769388,0.0002976938812935259,2.049601099588673e-06,Total CO2eq comparison combines CRF AR4 and CRT AR5 GWP frameworks; CO2-only difference is less affected by GWP changes.
2011,2.C.1,Iron and steel production,11107.293,11108.522694190133,1.2296941901331593,0.011071052056816718,11097.045,11097.044934190133,-6.580986701010261e-05,-5.930395615238345e-07,Total CO2eq comparison combines CRF AR4 and CRT AR5 GWP frameworks; CO2-only difference is less affected by GWP changes.
2011,2.C.2,Ferroalloys production,2696.7814999999996,2696.787794,0.0062940000002527086,0.00023338931983376144,2696.729,2696.7286104,-0.0003895999998348998,-1.4447132056461727e-05,Total CO2eq comparison combines CRF AR4 and CRT AR5 GWP frameworks; CO2-only difference is less affected by GWP changes.
2011,2.C.3,Aluminium production,900.4594300000001,847.0904033037482,-53.36902669625192,-5.9268663215900705,370.589,370.5895931037483,0.0005931037483151158,0.00016004353834439655,Total CO2eq comparison combines CRF AR4 and CRT AR5 GWP frameworks; CO2-only difference is less affected by GWP changes.
2011,2.C.4,Magnesium production,0.0,0.0,0.0,,0.0,0.0,0.0,,Total CO2eq comparison combines CRF AR4 and CRT AR5 GWP frameworks; CO2-only difference is less affected by GWP changes.
2011,2.C.5,Lead production,60.069,60.06936,0.0003600000000005821,0.0005993107925894922,60.069,60.06936,0.0003600000000005821,0.0005993107925894922,Total CO2eq comparison combines CRF AR4 and CRT AR5 GWP frameworks; CO2-only difference is less affected by GWP changes.
2011,2.C.6,Zinc production,300.047,300.04679999999996,-0.00020000000006348273,-6.66562238794198e-05,300.047,300.04679999999996,-0.00020000000006348273,-6.66562238794198e-05,Total CO2eq comparison combines CRF AR4 and CRT AR5 GWP frameworks; CO2-only difference is less affected by GWP changes.
2011,2.C.7,Other,0.0,0.0,0.0,,0.0,0.0,0.0,,Total CO2eq comparison combines CRF AR4 and CRT AR5 GWP frameworks; CO2-only difference is less affected by GWP changes.
2012,2,Total industrial processes,21364.767219098652,21033.20541148471,-331.56180761394353,-1.5519092916563573,19468.382122,19370.15867457854,-98.22344742146015,-0.5045280435011803,Total CO2eq comparison combines CRF AR4 and CRT AR5 GWP frameworks; CO2-only difference is less affected by GWP changes.
2012,2.A,Mineral industry,4789.1319220000005,4815.229281737,26.09735973699935,0.5449288130300819,4789.1319220000005,4815.229281737,26.09735973699935,0.5449288130300819,Total CO2eq comparison combines CRF AR4 and CRT AR5 GWP frameworks; CO2-only difference is less affected by GWP changes.
2012,2.A.1,Cement production,2321.314,2321.314,0.0,0.0,2321.314,2321.314,0.0,0.0,Total CO2eq comparison combines CRF AR4 and CRT AR5 GWP frameworks; CO2-only difference is less affected by GWP changes.
2012,2.A.2,Lime production,696.135,696.1352999999999,0.00029999999992469384,4.3095089303754855e-05,696.135,696.1352999999999,0.00029999999992469384,4.3095089303754855e-05,Total CO2eq comparison combines CRF AR4 and CRT AR5 GWP frameworks; CO2-only difference is less affected by GWP changes.
2012,2.A.3,Glass production,11.272,11.271,-0.0009999999999994458,-0.008871540099356333,11.272,11.271,-0.0009999999999994458,-0.008871540099356333,Total CO2eq comparison combines CRF AR4 and CRT AR5 GWP frameworks; CO2-only difference is less affected by GWP changes.
2012,2.A.4,Other process uses of carbonates,1760.4109220000003,1786.508981737,26.098059736999858,1.4824981719239672,1760.4109220000003,1786.508981737,26.098059736999858,1.4824981719239672,Total CO2eq comparison combines CRF AR4 and CRT AR5 GWP frameworks; CO2-only difference is less affected by GWP changes.
2012,2.B,Chemical industry,333.4824,322.8723981076266,-10.610001892373361,-3.181577766134993,237.7052,237.70513460762663,-6.539237335800863e-05,-2.7509862366497927e-05,Total CO2eq comparison combines CRF AR4 and CRT AR5 GWP frameworks; CO2-only difference is less affected by GWP changes.
2012,2.B.1,Ammonia production,210.4932,210.49323460762665,3.460762664531103e-05,1.644120885867621e-05,210.4932,210.49323460762665,3.460762664531103e-05,1.644120885867621e-05,Total CO2eq comparison combines CRF AR4 and CRT AR5 GWP frameworks; CO2-only difference is less affected by GWP changes.
2012,2.B.10,Other,0.0,0.0,0.0,,0.0,0.0,0.0,,Total CO2eq comparison combines CRF AR4 and CRT AR5 GWP frameworks; CO2-only difference is less affected by GWP changes.
2012,2.B.2,Nitric acid production,95.77720000000001,85.1672635,-10.609936500000003,-11.077726744987327,0.0,0.0,0.0,,Total CO2eq comparison combines CRF AR4 and CRT AR5 GWP frameworks; CO2-only difference is less affected by GWP changes.
2012,2.B.3,Adipic acid production,0.0,0.0,0.0,,0.0,0.0,0.0,,Total CO2eq comparison combines CRF AR4 and CRT AR5 GWP frameworks; CO2-only difference is less affected by GWP changes.
2012,2.B.4,"Caprolactam, glyoxal and glyoxylic acid production",0.0,0.0,0.0,,0.0,0.0,0.0,,Total CO2eq comparison combines CRF AR4 and CRT AR5 GWP frameworks; CO2-only difference is less affected by GWP changes.
2012,2.B.5,Carbide production,27.212,27.2119,-9.999999999976694e-05,-0.0003674849331168857,27.212,27.2119,-9.999999999976694e-05,-0.0003674849331168857,Total CO2eq comparison combines CRF AR4 and CRT AR5 GWP frameworks; CO2-only difference is less affected by GWP changes.
2012,2.B.6,Titanium dioxide production,0.0,0.0,0.0,,0.0,0.0,0.0,,Total CO2eq comparison combines CRF AR4 and CRT AR5 GWP frameworks; CO2-only difference is less affected by GWP changes.
2012,2.B.7,Soda ash production,0.0,0.0,0.0,,0.0,0.0,0.0,,Total CO2eq comparison combines CRF AR4 and CRT AR5 GWP frameworks; CO2-only difference is less affected by GWP changes.
2012,2.B.8,Petrochemical and carbon black production,0.0,0.0,0.0,,0.0,0.0,0.0,,Total CO2eq comparison combines CRF AR4 and CRT AR5 GWP frameworks; CO2-only difference is less affected by GWP changes.
2012,2.B.9,Fluorochemical production,0.0,0.0,0.0,,0.0,0.0,0.0,,Total CO2eq comparison combines CRF AR4 and CRT AR5 GWP frameworks; CO2-only difference is less affected by GWP changes.
2012,2.C,Metal industry,14814.88575,14522.281916679654,-292.6038333203451,-1.9750664180474367,14275.677,14035.411019879655,-240.26598012034447,-1.6830443846575154,Total CO2eq comparison combines CRF AR4 and CRT AR5 GWP frameworks; CO2-only difference is less affected by GWP changes.
2012,2.C.1,Iron and steel production,10397.868,10398.963304679655,1.0953046796548733,0.010533935222632884,10388.957,10388.982984679655,0.025984679654357024,0.00025011827129862047,Total CO2eq comparison combines CRF AR4 and CRT AR5 GWP frameworks; CO2-only difference is less affected by GWP changes.
2012,2.C.2,Ferroalloys production,3081.9535,2841.666005999999,-240.28749400000106,-7.796596996028689,3081.916,2841.624535199999,-240.291464800001,-7.796820705041959,Total CO2eq comparison combines CRF AR4 and CRT AR5 GWP frameworks; CO2-only difference is less affected by GWP changes.
2012,2.C.3,Aluminium production,901.12025,847.709106,-53.411144000000036,-5.9271938456604465,370.86,370.86,0.0,0.0,Total CO2eq comparison combines CRF AR4 and CRT AR5 GWP frameworks; CO2-only difference is less affected by GWP changes.
2012,2.C.4,Magnesium production,0.0,0.0,0.0,,0.0,0.0,0.0,,Total CO2eq comparison combines CRF AR4 and CRT AR5 GWP frameworks; CO2-only difference is less affected by GWP changes.
2012,2.C.5,Lead production,45.812,45.81148,-0.0005199999999945248,-0.0011350737797837353,45.812,45.81148,-0.0005199999999945248,-0.0011350737797837353,Total CO2eq comparison combines CRF AR4 and CRT AR5 GWP frameworks; CO2-only difference is less affected by GWP changes.
2012,2.C.6,Zinc production,388.132,388.13202,2.0000000006348273e-05,5.152886133157862e-06,388.132,388.13202,2.0000000006348273e-05,5.152886133157862e-06,Total CO2eq comparison combines CRF AR4 and CRT AR5 GWP frameworks; CO2-only difference is less affected by GWP changes.
2012,2.C.7,Other,0.0,0.0,0.0,,0.0,0.0,0.0,,Total CO2eq comparison combines CRF AR4 and CRT AR5 GWP frameworks; CO2-only difference is less affected by GWP changes.
2013,2,Total industrial processes,23654.62395987938,23247.825248953723,-406.79871092565736,-1.7197428782449846,21977.734927,21793.296817622646,-184.43810937735543,-0.8392043583652938,Total CO2eq comparison combines CRF AR4 and CRT AR5 GWP frameworks; CO2-only difference is less affected by GWP changes.
2013,2.A,Mineral industry,7517.013527,7530.922270613999,13.908743613998922,0.1850301793929301,7517.013527,7530.922270613999,13.908743613998922,0.1850301793929301,Total CO2eq comparison combines CRF AR4 and CRT AR5 GWP frameworks; CO2-only difference is less affected by GWP changes.
2013,2.A.1,Cement production,3030.554,3030.553,-0.0010000000002037268,-3.299726717305571e-05,3030.554,3030.553,-0.0010000000002037268,-3.299726717305571e-05,Total CO2eq comparison combines CRF AR4 and CRT AR5 GWP frameworks; CO2-only difference is less affected by GWP changes.
2013,2.A.2,Lime production,666.242,666.2418,-0.0001999999999497959,-3.0019122173293775e-05,666.242,666.2418,-0.0001999999999497959,-3.0019122173293775e-05,Total CO2eq comparison combines CRF AR4 and CRT AR5 GWP frameworks; CO2-only difference is less affected by GWP changes.
2013,2.A.3,Glass production,10.283,10.283,0.0,0.0,10.283,10.283,0.0,0.0,Total CO2eq comparison combines CRF AR4 and CRT AR5 GWP frameworks; CO2-only difference is less affected by GWP changes.
2013,2.A.4,Other process uses of carbonates,3809.934527,3823.844470614,13.909943613999985,0.365096657578336,3809.934527,3823.844470614,13.909943613999985,0.365096657578336,Total CO2eq comparison combines CRF AR4 and CRT AR5 GWP frameworks; CO2-only difference is less affected by GWP changes.
2013,2.B,Chemical industry,361.49739999999997,350.1790023351733,-11.318397664826648,-3.1309762296566035,259.2834,259.28400233517334,0.0006023351733688287,0.0002323076499956529,Total CO2eq comparison combines CRF AR4 and CRT AR5 GWP frameworks; CO2-only difference is less affected by GWP changes.
2013,2.B.1,Ammonia production,240.6384,240.63840233517337,2.3351733773324668e-06,9.70407622944828e-07,240.6384,240.63840233517337,2.3351733773324668e-06,9.70407622944828e-07,Total CO2eq comparison combines CRF AR4 and CRT AR5 GWP frameworks; CO2-only difference is less affected by GWP changes.
2013,2.B.10,Other,0.0,0.0,0.0,,0.0,0.0,0.0,,Total CO2eq comparison combines CRF AR4 and CRT AR5 GWP frameworks; CO2-only difference is less affected by GWP changes.
2013,2.B.2,Nitric acid production,102.21400000000001,90.89500000000001,-11.319000000000003,-11.073825503355705,0.0,0.0,0.0,,Total CO2eq comparison combines CRF AR4 and CRT AR5 GWP frameworks; CO2-only difference is less affected by GWP changes.
2013,2.B.3,Adipic acid production,0.0,0.0,0.0,,0.0,0.0,0.0,,Total CO2eq comparison combines CRF AR4 and CRT AR5 GWP frameworks; CO2-only difference is less affected by GWP changes.
2013,2.B.4,"Caprolactam, glyoxal and glyoxylic acid production",0.0,0.0,0.0,,0.0,0.0,0.0,,Total CO2eq comparison combines CRF AR4 and CRT AR5 GWP frameworks; CO2-only difference is less affected by GWP changes.
2013,2.B.5,Carbide production,18.645,18.645599999999998,0.0005999999999986017,0.0032180209171284615,18.645,18.645599999999998,0.0005999999999986017,0.0032180209171284615,Total CO2eq comparison combines CRF AR4 and CRT AR5 GWP frameworks; CO2-only difference is less affected by GWP changes.
2013,2.B.6,Titanium dioxide production,0.0,0.0,0.0,,0.0,0.0,0.0,,Total CO2eq comparison combines CRF AR4 and CRT AR5 GWP frameworks; CO2-only difference is less affected by GWP changes.
2013,2.B.7,Soda ash production,0.0,0.0,0.0,,0.0,0.0,0.0,,Total CO2eq comparison combines CRF AR4 and CRT AR5 GWP frameworks; CO2-only difference is less affected by GWP changes.
2013,2.B.8,Petrochemical and carbon black production,0.0,0.0,0.0,,0.0,0.0,0.0,,Total CO2eq comparison combines CRF AR4 and CRT AR5 GWP frameworks; CO2-only difference is less affected by GWP changes.
2013,2.B.9,Fluorochemical production,0.0,0.0,0.0,,0.0,0.0,0.0,,Total CO2eq comparison combines CRF AR4 and CRT AR5 GWP frameworks; CO2-only difference is less affected by GWP changes.
2013,2.C,Metal industry,14305.88509,14013.459824688463,-292.42526531153635,-2.044090690452599,14061.355,13791.775825488465,-269.5791745115348,-1.9171635629107922,Total CO2eq comparison combines CRF AR4 and CRT AR5 GWP frameworks; CO2-only difference is less affected by GWP changes.
2013,2.C.1,Iron and steel production,10236.815,10237.780232688465,0.9652326884643117,0.00942903323410955,10228.772,10228.772632688464,0.000632688463156228,6.185380446022533e-06,Total CO2eq comparison combines CRF AR4 and CRT AR5 GWP frameworks; CO2-only difference is less affected by GWP changes.
2013,2.C.2,Ferroalloys production,3101.718,2832.14198,-269.57601999999997,-8.691184047034579,3101.683,2832.1022927999998,-269.58070720000023,-8.691433238019496,Total CO2eq comparison combines CRF AR4 and CRT AR5 GWP frameworks; CO2-only difference is less affected by GWP changes.
2013,2.C.3,Aluminium production,609.88009,586.064712,-23.81537800000001,-3.9049279342763934,373.428,373.428,0.0,0.0,Total CO2eq comparison combines CRF AR4 and CRT AR5 GWP frameworks; CO2-only difference is less affected by GWP changes.
2013,2.C.4,Magnesium production,0.0,0.0,0.0,,0.0,0.0,0.0,,Total CO2eq comparison combines CRF AR4 and CRT AR5 GWP frameworks; CO2-only difference is less affected by GWP changes.
2013,2.C.5,Lead production,47.357,47.357440000000004,0.0004400000000046589,0.0009291129083444029,47.357,47.357440000000004,0.0004400000000046589,0.0009291129083444029,Total CO2eq comparison combines CRF AR4 and CRT AR5 GWP frameworks; CO2-only difference is less affected by GWP changes.
2013,2.C.6,Zinc production,310.115,310.11546000000004,0.00046000000003232344,0.00014833207037141815,310.115,310.11546000000004,0.00046000000003232344,0.00014833207037141815,Total CO2eq comparison combines CRF AR4 and CRT AR5 GWP frameworks; CO2-only difference is less affected by GWP changes.
2013,2.C.7,Other,0.0,0.0,0.0,,0.0,0.0,0.0,,Total CO2eq comparison combines CRF AR4 and CRT AR5 GWP frameworks; CO2-only difference is less affected by GWP changes.
2014,2,Total industrial processes,24135.948044489156,23933.900702003815,-202.04734248534078,-0.8371220476316582,22142.406557000002,22184.720328701344,42.313771701341466,0.19109834151231667,Total CO2eq comparison combines CRF AR4 and CRT AR5 GWP frameworks; CO2-only difference is less affected by GWP changes.
2014,2.A,Mineral industry,6926.702057,6959.113314460001,32.41125746000034,0.4679175918537756,6926.702057,6959.113314460001,32.41125746000034,0.4679175918537756,Total CO2eq comparison combines CRF AR4 and CRT AR5 GWP frameworks; CO2-only difference is less affected by GWP changes.
2014,2.A.1,Cement production,3237.937,3237.937,0.0,0.0,3237.937,3237.937,0.0,0.0,Total CO2eq comparison combines CRF AR4 and CRT AR5 GWP frameworks; CO2-only difference is less affected by GWP changes.
2014,2.A.2,Lime production,707.725,707.72478,-0.00022000000001298758,-3.108552050768131e-05,707.725,707.72478,-0.00022000000001298758,-3.108552050768131e-05,Total CO2eq comparison combines CRF AR4 and CRT AR5 GWP frameworks; CO2-only difference is less affected by GWP changes.
2014,2.A.3,Glass production,9.617,9.617,0.0,0.0,9.617,9.617,0.0,0.0,Total CO2eq comparison combines CRF AR4 and CRT AR5 GWP frameworks; CO2-only difference is less affected by GWP changes.
2014,2.A.4,Other process uses of carbonates,2971.4230570000004,3003.83453446,32.41147745999979,1.090772900332912,2971.4230570000004,3003.83453446,32.41147745999979,1.090772900332912,Total CO2eq comparison combines CRF AR4 and CRT AR5 GWP frameworks; CO2-only difference is less affected by GWP changes.
2014,2.B,Chemical industry,510.25829999999996,492.30295023274664,-17.955349767253324,-3.5188746106145308,348.1165,348.1164502327467,-4.976725330152476e-05,-1.4296148933338342e-05,Total CO2eq comparison combines CRF AR4 and CRT AR5 GWP frameworks; CO2-only difference is less affected by GWP changes.
2014,2.B.1,Ammonia production,323.7895,323.7894502327467,-4.976725330152476e-05,-1.5370249282797858e-05,323.7895,323.7894502327467,-4.976725330152476e-05,-1.5370249282797858e-05,Total CO2eq comparison combines CRF AR4 and CRT AR5 GWP frameworks; CO2-only difference is less affected by GWP changes.
2014,2.B.10,Other,0.0,0.0,0.0,,0.0,0.0,0.0,,Total CO2eq comparison combines CRF AR4 and CRT AR5 GWP frameworks; CO2-only difference is less affected by GWP changes.
2014,2.B.2,Nitric acid production,162.14180000000002,144.1865,-17.955300000000022,-11.073825503355717,0.0,0.0,0.0,,Total CO2eq comparison combines CRF AR4 and CRT AR5 GWP frameworks; CO2-only difference is less affected by GWP changes.
2014,2.B.3,Adipic acid production,0.0,0.0,0.0,,0.0,0.0,0.0,,Total CO2eq comparison combines CRF AR4 and CRT AR5 GWP frameworks; CO2-only difference is less affected by GWP changes.
2014,2.B.4,"Caprolactam, glyoxal and glyoxylic acid production",0.0,0.0,0.0,,0.0,0.0,0.0,,Total CO2eq comparison combines CRF AR4 and CRT AR5 GWP frameworks; CO2-only difference is less affected by GWP changes.
2014,2.B.5,Carbide production,24.327,24.327,0.0,0.0,24.327,24.327,0.0,0.0,Total CO2eq comparison combines CRF AR4 and CRT AR5 GWP frameworks; CO2-only difference is less affected by GWP changes.
2014,2.B.6,Titanium dioxide production,0.0,0.0,0.0,,0.0,0.0,0.0,,Total CO2eq comparison combines CRF AR4 and CRT AR5 GWP frameworks; CO2-only difference is less affected by GWP changes.
2014,2.B.7,Soda ash production,0.0,0.0,0.0,,0.0,0.0,0.0,,Total CO2eq comparison combines CRF AR4 and CRT AR5 GWP frameworks; CO2-only difference is less affected by GWP changes.
2014,2.B.8,Petrochemical and carbon black production,0.0,0.0,0.0,,0.0,0.0,0.0,,Total CO2eq comparison combines CRF AR4 and CRT AR5 GWP frameworks; CO2-only difference is less affected by GWP changes.
2014,2.B.9,Fluorochemical production,0.0,0.0,0.0,,0.0,0.0,0.0,,Total CO2eq comparison combines CRF AR4 and CRT AR5 GWP frameworks; CO2-only difference is less affected by GWP changes.
2014,2.C,Metal industry,14978.25323,14797.81297495043,-180.44025504957062,-1.2046815625213636,14768.731,14607.24176555043,-161.48923444956927,-1.0934536924639584,Total CO2eq comparison combines CRF AR4 and CRT AR5 GWP frameworks; CO2-only difference is less affected by GWP changes.
2014,2.C.1,Iron and steel production,11183.808500000001,11184.97668498243,1.1681849824290111,0.010445323544560075,11174.075,11174.07516498243,0.00016498242985107936,1.476475053649446e-06,Total CO2eq comparison combines CRF AR4 and CRT AR5 GWP frameworks; CO2-only difference is less affected by GWP changes.
2014,2.C.2,Ferroalloys production,2985.472,2823.9864429679997,-161.48555703200054,-5.409046108354073,2985.447,2823.9574405679996,-161.48955943200053,-5.409225467141119,Total CO2eq comparison combines CRF AR4 and CRT AR5 GWP frameworks; CO2-only difference is less affected by GWP changes.
2014,2.C.3,Aluminium production,511.88773000000003,491.76468700000004,-20.123042999999996,-3.9311438467181063,312.124,312.124,0.0,0.0,Total CO2eq comparison combines CRF AR4 and CRT AR5 GWP frameworks; CO2-only difference is less affected by GWP changes.
2014,2.C.4,Magnesium production,0.0,0.0,0.0,,0.0,0.0,0.0,,Total CO2eq comparison combines CRF AR4 and CRT AR5 GWP frameworks; CO2-only difference is less affected by GWP changes.
2014,2.C.5,Lead production,66.073,66.07328,0.0002800000000036107,0.00042377370484707937,66.073,66.07328,0.0002800000000036107,0.00042377370484707937,Total CO2eq comparison combines CRF AR4 and CRT AR5 GWP frameworks; CO2-only difference is less affected by GWP changes.
2014,2.C.6,Zinc production,231.012,231.01188,-0.00012000000000966793,-5.194535349231552e-05,231.012,231.01188,-0.00012000000000966793,-5.194535349231552e-05,Total CO2eq comparison combines CRF AR4 and CRT AR5 GWP frameworks; CO2-only difference is less affected by GWP changes.
2014,2.C.7,Other,0.0,0.0,0.0,,0.0,0.0,0.0,,Total CO2eq comparison combines CRF AR4 and CRT AR5 GWP frameworks; CO2-only difference is less affected by GWP changes.
2015,2,Total industrial processes,25774.753876220144,24772.261188125893,-1002.4926880942512,-3.8894365118231202,23688.604432,22953.816082567486,-734.7883494325142,-3.101864238316706,Total CO2eq comparison combines CRF AR4 and CRT AR5 GWP frameworks; CO2-only difference is less affected by GWP changes.
2015,2.A,Mineral industry,8579.290032,7883.854276029999,-695.435755970002,-8.105982585692843,8579.290032,7883.854276029999,-695.435755970002,-8.105982585692843,Total CO2eq comparison combines CRF AR4 and CRT AR5 GWP frameworks; CO2-only difference is less affected by GWP changes.
2015,2.A.1,Cement production,3456.792,3456.792,0.0,0.0,3456.792,3456.792,0.0,0.0,Total CO2eq comparison combines CRF AR4 and CRT AR5 GWP frameworks; CO2-only difference is less affected by GWP changes.
2015,2.A.2,Lime production,667.356,667.3562909999999,0.00029099999994741665,4.360491251257449e-05,667.356,667.3562909999999,0.00029099999994741665,4.360491251257449e-05,Total CO2eq comparison combines CRF AR4 and CRT AR5 GWP frameworks; CO2-only difference is less affected by GWP changes.
2015,2.A.3,Glass production,7.749,7.749,0.0,0.0,7.749,7.749,0.0,0.0,Total CO2eq comparison combines CRF AR4 and CRT AR5 GWP frameworks; CO2-only difference is less affected by GWP changes.
2015,2.A.4,Other process uses of carbonates,4447.393032000001,3751.95698503,-695.4360469700009,-15.636937009303672,4447.393032000001,3751.95698503,-695.4360469700009,-15.636937009303672,Total CO2eq comparison combines CRF AR4 and CRT AR5 GWP frameworks; CO2-only difference is less affected by GWP changes.
2015,2.B,Chemical industry,572.5645999999999,552.7022870748001,-19.86231292519983,-3.4690082001576474,393.1984,393.19878707480007,0.00038707480007360573,9.84426182999742e-05,Total CO2eq comparison combines CRF AR4 and CRT AR5 GWP frameworks; CO2-only difference is less affected by GWP changes.
2015,2.B.1,Ammonia production,362.7824,362.78238707480006,-1.2925199939672893e-05,-3.5627968555456092e-06,362.7824,362.78238707480006,-1.2925199939672893e-05,-3.5627968555456092e-06,Total CO2eq comparison combines CRF AR4 and CRT AR5 GWP frameworks; CO2-only difference is less affected by GWP changes.
2015,2.B.10,Other,0.0,0.0,0.0,,0.0,0.0,0.0,,Total CO2eq comparison combines CRF AR4 and CRT AR5 GWP frameworks; CO2-only difference is less affected by GWP changes.
2015,2.B.2,Nitric acid production,179.3662,159.5035,-19.86269999999999,-11.0738255033557,0.0,0.0,0.0,,Total CO2eq comparison combines CRF AR4 and CRT AR5 GWP frameworks; CO2-only difference is less affected by GWP changes.
2015,2.B.3,Adipic acid production,0.0,0.0,0.0,,0.0,0.0,0.0,,Total CO2eq comparison combines CRF AR4 and CRT AR5 GWP frameworks; CO2-only difference is less affected by GWP changes.
2015,2.B.4,"Caprolactam, glyoxal and glyoxylic acid production",0.0,0.0,0.0,,0.0,0.0,0.0,,Total CO2eq comparison combines CRF AR4 and CRT AR5 GWP frameworks; CO2-only difference is less affected by GWP changes.
2015,2.B.5,Carbide production,30.416,30.4164,0.00039999999999906777,0.001315097317198408,30.416,30.4164,0.00039999999999906777,0.001315097317198408,Total CO2eq comparison combines CRF AR4 and CRT AR5 GWP frameworks; CO2-only difference is less affected by GWP changes.
2015,2.B.6,Titanium dioxide production,0.0,0.0,0.0,,0.0,0.0,0.0,,Total CO2eq comparison combines CRF AR4 and CRT AR5 GWP frameworks; CO2-only difference is less affected by GWP changes.
2015,2.B.7,Soda ash production,0.0,0.0,0.0,,0.0,0.0,0.0,,Total CO2eq comparison combines CRF AR4 and CRT AR5 GWP frameworks; CO2-only difference is less affected by GWP changes.
2015,2.B.8,Petrochemical and carbon black production,0.0,0.0,0.0,,0.0,0.0,0.0,,Total CO2eq comparison combines CRF AR4 and CRT AR5 GWP frameworks; CO2-only difference is less affected by GWP changes.
2015,2.B.9,Fluorochemical production,0.0,0.0,0.0,,0.0,0.0,0.0,,Total CO2eq comparison combines CRF AR4 and CRT AR5 GWP frameworks; CO2-only difference is less affected by GWP changes.
2015,2.C,Metal industry,14771.57742,14572.54835936377,-199.0290606362305,-1.3473785160327887,14565.343,14384.97139876377,-180.37160123623107,-1.2383615081102524,Total CO2eq comparison combines CRF AR4 and CRT AR5 GWP frameworks; CO2-only difference is less affected by GWP changes.
2015,2.C.1,Iron and steel production,10740.17575,10741.164442277772,0.9886922777714062,0.009205550270175106,10731.93,10731.930042277772,4.2277772081433795e-05,3.9394379278875087e-07,Total CO2eq comparison combines CRF AR4 and CRT AR5 GWP frameworks; CO2-only difference is less affected by GWP changes.
2015,2.C.2,Ferroalloys production,3167.7385,2987.52714,-180.2113599999998,-5.6889594895538185,3166.411,2986.0392144,-180.37178559999984,-5.696411034448777,Total CO2eq comparison combines CRF AR4 and CRT AR5 GWP frameworks; CO2-only difference is less affected by GWP changes.
2015,2.C.3,Aluminium production,548.30117,528.4946170859963,-19.806552914003646,-3.6123491974317052,351.64,351.63998208599634,-1.791400364936635e-05,-5.094415780163335e-06,Total CO2eq comparison combines CRF AR4 and CRT AR5 GWP frameworks; CO2-only difference is less affected by GWP changes.
2015,2.C.4,Magnesium production,0.0,0.0,0.0,,0.0,0.0,0.0,,Total CO2eq comparison combines CRF AR4 and CRT AR5 GWP frameworks; CO2-only difference is less affected by GWP changes.
2015,2.C.5,Lead production,62.456,62.456160000000004,0.0001600000000010482,0.0002561803509687591,62.456,62.456160000000004,0.0001600000000010482,0.0002561803509687591,Total CO2eq comparison combines CRF AR4 and CRT AR5 GWP frameworks; CO2-only difference is less affected by GWP changes.
2015,2.C.6,Zinc production,252.906,252.906,0.0,0.0,252.906,252.906,0.0,0.0,Total CO2eq comparison combines CRF AR4 and CRT AR5 GWP frameworks; CO2-only difference is less affected by GWP changes.
2015,2.C.7,Other,0.0,0.0,0.0,,0.0,0.0,0.0,,Total CO2eq comparison combines CRF AR4 and CRT AR5 GWP frameworks; CO2-only difference is less affected by GWP changes.
2016,2,Total industrial processes,24840.586086499654,24701.909312966516,-138.67677353313775,-0.558266914678417,22682.060488,22821.715923705055,139.65543570505542,0.6157087702809914,Total CO2eq comparison combines CRF AR4 and CRT AR5 GWP frameworks; CO2-only difference is less affected by GWP changes.
2016,2.A,Mineral industry,7142.045088,7155.68771767,13.642629670000133,0.19101853183372305,7142.045088,7155.68771767,13.642629670000133,0.19101853183372305,Total CO2eq comparison combines CRF AR4 and CRT AR5 GWP frameworks; CO2-only difference is less affected by GWP changes.
2016,2.A.1,Cement production,3524.569,3524.569,0.0,0.0,3524.569,3524.569,0.0,0.0,Total CO2eq comparison combines CRF AR4 and CRT AR5 GWP frameworks; CO2-only difference is less affected by GWP changes.
2016,2.A.2,Lime production,711.271,711.2713755,0.00037550000001829176,5.27928173675423e-05,711.271,711.2713755,0.00037550000001829176,5.27928173675423e-05,Total CO2eq comparison combines CRF AR4 and CRT AR5 GWP frameworks; CO2-only difference is less affected by GWP changes.
2016,2.A.3,Glass production,13.743,13.743,0.0,0.0,13.743,13.743,0.0,0.0,Total CO2eq comparison combines CRF AR4 and CRT AR5 GWP frameworks; CO2-only difference is less affected by GWP changes.
2016,2.A.4,Other process uses of carbonates,2892.4620879999998,2906.1043421699997,13.642254169999887,0.47164850410996606,2892.4620879999998,2906.1043421699997,13.642254169999887,0.47164850410996606,Total CO2eq comparison combines CRF AR4 and CRT AR5 GWP frameworks; CO2-only difference is less affected by GWP changes.
2016,2.B,Chemical industry,602.4432,580.6468305088266,-21.796369491173436,-3.617995769754465,405.5844,405.5850215088266,0.0006215088266117164,0.00015323785298737238,Total CO2eq comparison combines CRF AR4 and CRT AR5 GWP frameworks; CO2-only difference is less affected by GWP changes.
2016,2.B.1,Ammonia production,376.7054,376.70542150882665,2.1508826648641843e-05,5.709720818613655e-06,376.7054,376.70542150882665,2.1508826648641843e-05,5.709720818613655e-06,Total CO2eq comparison combines CRF AR4 and CRT AR5 GWP frameworks; CO2-only difference is less affected by GWP changes.
2016,2.B.10,Other,0.0,0.0,0.0,,0.0,0.0,0.0,,Total CO2eq comparison combines CRF AR4 and CRT AR5 GWP frameworks; CO2-only difference is less affected by GWP changes.
2016,2.B.2,Nitric acid production,196.8588,175.06180899999998,-21.79699100000002,-11.072398592290526,0.0,0.0,0.0,,Total CO2eq comparison combines CRF AR4 and CRT AR5 GWP frameworks; CO2-only difference is less affected by GWP changes.
2016,2.B.3,Adipic acid production,0.0,0.0,0.0,,0.0,0.0,0.0,,Total CO2eq comparison combines CRF AR4 and CRT AR5 GWP frameworks; CO2-only difference is less affected by GWP changes.
2016,2.B.4,"Caprolactam, glyoxal and glyoxylic acid production",0.0,0.0,0.0,,0.0,0.0,0.0,,Total CO2eq comparison combines CRF AR4 and CRT AR5 GWP frameworks; CO2-only difference is less affected by GWP changes.
2016,2.B.5,Carbide production,28.879,28.8796,0.0005999999999986017,0.00207763426710967,28.879,28.8796,0.0005999999999986017,0.00207763426710967,Total CO2eq comparison combines CRF AR4 and CRT AR5 GWP frameworks; CO2-only difference is less affected by GWP changes.
2016,2.B.6,Titanium dioxide production,0.0,0.0,0.0,,0.0,0.0,0.0,,Total CO2eq comparison combines CRF AR4 and CRT AR5 GWP frameworks; CO2-only difference is less affected by GWP changes.
2016,2.B.7,Soda ash production,0.0,0.0,0.0,,0.0,0.0,0.0,,Total CO2eq comparison combines CRF AR4 and CRT AR5 GWP frameworks; CO2-only difference is less affected by GWP changes.
2016,2.B.8,Petrochemical and carbon black production,0.0,0.0,0.0,,0.0,0.0,0.0,,Total CO2eq comparison combines CRF AR4 and CRT AR5 GWP frameworks; CO2-only difference is less affected by GWP changes.
2016,2.B.9,Fluorochemical production,0.0,0.0,0.0,,0.0,0.0,0.0,,Total CO2eq comparison combines CRF AR4 and CRT AR5 GWP frameworks; CO2-only difference is less affected by GWP changes.
2016,2.C,Metal industry,15167.89149,15148.060590210249,-19.83089978975113,-0.13074262696845762,14948.601,14948.60215621025,0.0011562102499738103,7.734571616259008e-06,Total CO2eq comparison combines CRF AR4 and CRT AR5 GWP frameworks; CO2-only difference is less affected by GWP changes.
2016,2.C.1,Iron and steel production,11165.252750000001,11166.35995633825,1.1072063382489432,0.00991653626693711,11156.03,11156.03047633825,0.00047633824942749925,4.269782793946406e-06,Total CO2eq comparison combines CRF AR4 and CRT AR5 GWP frameworks; CO2-only difference is less affected by GWP changes.
2016,2.C.2,Ferroalloys production,3098.1315,3098.2512512,0.11975119999988237,0.0038652716968237914,3097.129,3097.1295431999997,0.000543199999810895,1.7538823853023075e-05,Total CO2eq comparison combines CRF AR4 and CRT AR5 GWP frameworks; CO2-only difference is less affected by GWP changes.
2016,2.C.3,Aluminium production,604.91524,583.8574826720001,-21.05775732799998,-3.481108746408832,395.85,395.8502366720001,0.00023667200008503642,5.978830367185459e-05,Total CO2eq comparison combines CRF AR4 and CRT AR5 GWP frameworks; CO2-only difference is less affected by GWP changes.
2016,2.C.4,Magnesium production,0.0,0.0,0.0,,0.0,0.0,0.0,,Total CO2eq comparison combines CRF AR4 and CRT AR5 GWP frameworks; CO2-only difference is less affected by GWP changes.
2016,2.C.5,Lead production,69.755,69.75488,-0.00011999999999545707,-0.0001720306787978741,69.755,69.75488,-0.00011999999999545707,-0.0001720306787978741,Total CO2eq comparison combines CRF AR4 and CRT AR5 GWP frameworks; CO2-only difference is less affected by GWP changes.
2016,2.C.6,Zinc production,229.837,229.83702000000002,2.0000000034769982e-05,8.701819130414157e-06,229.837,229.83702000000002,2.0000000034769982e-05,8.701819130414157e-06,Total CO2eq comparison combines CRF AR4 and CRT AR5 GWP frameworks; CO2-only difference is less affected by GWP changes.
2016,2.C.7,Other,0.0,0.0,0.0,,0.0,0.0,0.0,,Total CO2eq comparison combines CRF AR4 and CRT AR5 GWP frameworks; CO2-only difference is less affected by GWP changes.
2017,2,Total industrial processes,25563.97102930384,25360.540698794026,-203.43033050981467,-0.7957696802137022,23292.056328000002,23349.690384934227,57.634056934224645,0.24744082756206118,Total CO2eq comparison combines CRF AR4 and CRT AR5 GWP frameworks; CO2-only difference is less affected by GWP changes.
2017,2.A,Mineral industry,7522.896928000001,7514.92245299,-7.974475010000788,-0.10600271526145769,7522.896928000001,7514.92245299,-7.974475010000788,-0.10600271526145769,Total CO2eq comparison combines CRF AR4 and CRT AR5 GWP frameworks; CO2-only difference is less affected by GWP changes.
2017,2.A.1,Cement production,3818.995,3818.995,0.0,0.0,3818.995,3818.995,0.0,0.0,Total CO2eq comparison combines CRF AR4 and CRT AR5 GWP frameworks; CO2-only difference is less affected by GWP changes.
2017,2.A.2,Lime production,803.514,803.514285,0.0002849999999625652,3.546920152761062e-05,803.514,803.514285,0.0002849999999625652,3.546920152761062e-05,Total CO2eq comparison combines CRF AR4 and CRT AR5 GWP frameworks; CO2-only difference is less affected by GWP changes.
2017,2.A.3,Glass production,20.255,20.255,0.0,0.0,20.255,20.255,0.0,0.0,Total CO2eq comparison combines CRF AR4 and CRT AR5 GWP frameworks; CO2-only difference is less affected by GWP changes.
2017,2.A.4,Other process uses of carbonates,2880.132928000001,2872.15816799,-7.974760010000864,-0.2768886092885523,2880.132928000001,2872.15816799,-7.974760010000864,-0.2768886092885523,Total CO2eq comparison combines CRF AR4 and CRT AR5 GWP frameworks; CO2-only difference is less affected by GWP changes.
2017,2.B,Chemical industry,628.4168,605.4310275946934,-22.985772405306534,-3.6577272290152867,420.83,420.8305435946934,0.0005435946933971536,0.00012917203939765548,Total CO2eq comparison combines CRF AR4 and CRT AR5 GWP frameworks; CO2-only difference is less affected by GWP changes.
2017,2.B.1,Ammonia production,398.467,398.4670435946934,4.3594693408977037e-05,1.0940603214062153e-05,398.467,398.4670435946934,4.3594693408977037e-05,1.0940603214062153e-05,Total CO2eq comparison combines CRF AR4 and CRT AR5 GWP frameworks; CO2-only difference is less affected by GWP changes.
2017,2.B.10,Other,0.0,0.0,0.0,,0.0,0.0,0.0,,Total CO2eq comparison combines CRF AR4 and CRT AR5 GWP frameworks; CO2-only difference is less affected by GWP changes.
2017,2.B.2,Nitric acid production,207.5868,184.600484,-22.986316000000016,-11.073110621677301,0.0,0.0,0.0,,Total CO2eq comparison combines CRF AR4 and CRT AR5 GWP frameworks; CO2-only difference is less affected by GWP changes.
2017,2.B.3,Adipic acid production,0.0,0.0,0.0,,0.0,0.0,0.0,,Total CO2eq comparison combines CRF AR4 and CRT AR5 GWP frameworks; CO2-only difference is less affected by GWP changes.
2017,2.B.4,"Caprolactam, glyoxal and glyoxylic acid production",0.0,0.0,0.0,,0.0,0.0,0.0,,Total CO2eq comparison combines CRF AR4 and CRT AR5 GWP frameworks; CO2-only difference is less affected by GWP changes.
2017,2.B.5,Carbide production,22.363,22.3635,0.0004999999999988347,0.0022358359790673648,22.363,22.3635,0.0004999999999988347,0.0022358359790673648,Total CO2eq comparison combines CRF AR4 and CRT AR5 GWP frameworks; CO2-only difference is less affected by GWP changes.
2017,2.B.6,Titanium dioxide production,0.0,0.0,0.0,,0.0,0.0,0.0,,Total CO2eq comparison combines CRF AR4 and CRT AR5 GWP frameworks; CO2-only difference is less affected by GWP changes.
2017,2.B.7,Soda ash production,0.0,0.0,0.0,,0.0,0.0,0.0,,Total CO2eq comparison combines CRF AR4 and CRT AR5 GWP frameworks; CO2-only difference is less affected by GWP changes.
2017,2.B.8,Petrochemical and carbon black production,0.0,0.0,0.0,,0.0,0.0,0.0,,Total CO2eq comparison combines CRF AR4 and CRT AR5 GWP frameworks; CO2-only difference is less affected by GWP changes.
2017,2.B.9,Fluorochemical production,0.0,0.0,0.0,,0.0,0.0,0.0,,Total CO2eq comparison combines CRF AR4 and CRT AR5 GWP frameworks; CO2-only difference is less affected by GWP changes.
2017,2.C,Metal industry,15283.21436,15222.327748187296,-60.88661181270436,-0.3983887837892261,15189.3704,15135.777519287296,-53.592880712703845,-0.3528314821574425,Total CO2eq comparison combines CRF AR4 and CRT AR5 GWP frameworks; CO2-only difference is less affected by GWP changes.
2017,2.C.1,Iron and steel production,11041.00015,11042.082238505878,1.082088505878346,0.009800638449211018,11031.9854,11031.985718505879,0.0003185058794770157,2.887112953186248e-06,Total CO2eq comparison combines CRF AR4 and CRT AR5 GWP frameworks; CO2-only difference is less affected by GWP changes.
2017,2.C.2,Ferroalloys production,3387.378,3333.8786322399997,-53.499367760000496,-1.5793740102226708,3386.608,3333.0154202399995,-53.59257976000072,-1.5824854769137944,Total CO2eq comparison combines CRF AR4 and CRT AR5 GWP frameworks; CO2-only difference is less affected by GWP changes.
2017,2.C.3,Aluminium production,485.29021,476.82133744141737,-8.468872558582632,-1.7451150639495965,401.231,401.23084054141736,-0.00015945858262966794,-3.9742338610343656e-05,Total CO2eq comparison combines CRF AR4 and CRT AR5 GWP frameworks; CO2-only difference is less affected by GWP changes.
2017,2.C.4,Magnesium production,0.0,0.0,0.0,,0.0,0.0,0.0,,Total CO2eq comparison combines CRF AR4 and CRT AR5 GWP frameworks; CO2-only difference is less affected by GWP changes.
2017,2.C.5,Lead production,77.547,77.54708,7.999999999697138e-05,0.00010316324293263618,77.547,77.54708,7.999999999697138e-05,0.00010316324293263618,Total CO2eq comparison combines CRF AR4 and CRT AR5 GWP frameworks; CO2-only difference is less affected by GWP changes.
2017,2.C.6,Zinc production,291.999,291.99846,-0.0005400000000008731,-0.00018493214017886126,291.999,291.99846,-0.0005400000000008731,-0.00018493214017886126,Total CO2eq comparison combines CRF AR4 and CRT AR5 GWP frameworks; CO2-only difference is less affected by GWP changes.
2017,2.C.7,Other,0.0,0.0,0.0,,0.0,0.0,0.0,,Total CO2eq comparison combines CRF AR4 and CRT AR5 GWP frameworks; CO2-only difference is less affected by GWP changes.
2018,2,Total industrial processes,24535.750361087517,24456.933960853097,-78.81640023442014,-0.32123085324269945,22075.069827,22251.111601417102,176.04177441710272,0.797468709257654,Total CO2eq comparison combines CRF AR4 and CRT AR5 GWP frameworks; CO2-only difference is less affected by GWP changes.
2018,2.A,Mineral industry,7254.743527,7264.83665456,10.09312756000054,0.13912452621428886,7254.743527,7264.83665456,10.09312756000054,0.13912452621428886,Total CO2eq comparison combines CRF AR4 and CRT AR5 GWP frameworks; CO2-only difference is less affected by GWP changes.
2018,2.A.1,Cement production,3892.542,3892.541,-0.0009999999997489795,-2.569015311200186e-05,3892.542,3892.541,-0.0009999999997489795,-2.569015311200186e-05,Total CO2eq comparison combines CRF AR4 and CRT AR5 GWP frameworks; CO2-only difference is less affected by GWP changes.
2018,2.A.2,Lime production,679.602,679.6019,-9.999999997489795e-05,-1.4714494656416248e-05,679.602,679.6019,-9.999999997489795e-05,-1.4714494656416248e-05,Total CO2eq comparison combines CRF AR4 and CRT AR5 GWP frameworks; CO2-only difference is less affected by GWP changes.
2018,2.A.3,Glass production,21.444,21.443,-0.0009999999999976694,-0.004663309084115228,21.444,21.443,-0.0009999999999976694,-0.004663309084115228,Total CO2eq comparison combines CRF AR4 and CRT AR5 GWP frameworks; CO2-only difference is less affected by GWP changes.
2018,2.A.4,Other process uses of carbonates,2661.155527,2671.25075456,10.09522756000024,0.3793550379740823,2661.155527,2671.25075456,10.09522756000024,0.3793550379740823,Total CO2eq comparison combines CRF AR4 and CRT AR5 GWP frameworks; CO2-only difference is less affected by GWP changes.
2018,2.B,Chemical industry,613.8435,591.4555248918133,-22.38797510818665,-3.647179632624057,411.6803,411.68045239181333,0.0001523918133443658,3.701702834562786e-05,Total CO2eq comparison combines CRF AR4 and CRT AR5 GWP frameworks; CO2-only difference is less affected by GWP changes.
2018,2.B.1,Ammonia production,390.3863,390.38625239181334,-4.760818666227351e-05,-1.219514789895893e-05,390.3863,390.38625239181334,-4.760818666227351e-05,-1.219514789895893e-05,Total CO2eq comparison combines CRF AR4 and CRT AR5 GWP frameworks; CO2-only difference is less affected by GWP changes.
2018,2.B.10,Other,0.0,0.0,0.0,,0.0,0.0,0.0,,Total CO2eq comparison combines CRF AR4 and CRT AR5 GWP frameworks; CO2-only difference is less affected by GWP changes.
2018,2.B.2,Nitric acid production,202.1632,179.7750725,-22.388127499999996,-11.07428429110738,0.0,0.0,0.0,,Total CO2eq comparison combines CRF AR4 and CRT AR5 GWP frameworks; CO2-only difference is less affected by GWP changes.
2018,2.B.3,Adipic acid production,0.0,0.0,0.0,,0.0,0.0,0.0,,Total CO2eq comparison combines CRF AR4 and CRT AR5 GWP frameworks; CO2-only difference is less affected by GWP changes.
2018,2.B.4,"Caprolactam, glyoxal and glyoxylic acid production",0.0,0.0,0.0,,0.0,0.0,0.0,,Total CO2eq comparison combines CRF AR4 and CRT AR5 GWP frameworks; CO2-only difference is less affected by GWP changes.
2018,2.B.5,Carbide production,21.294,21.2942,0.00019999999999953388,0.0009392317084602887,21.294,21.2942,0.00019999999999953388,0.0009392317084602887,Total CO2eq comparison combines CRF AR4 and CRT AR5 GWP frameworks; CO2-only difference is less affected by GWP changes.
2018,2.B.6,Titanium dioxide production,0.0,0.0,0.0,,0.0,0.0,0.0,,Total CO2eq comparison combines CRF AR4 and CRT AR5 GWP frameworks; CO2-only difference is less affected by GWP changes.
2018,2.B.7,Soda ash production,0.0,0.0,0.0,,0.0,0.0,0.0,,Total CO2eq comparison combines CRF AR4 and CRT AR5 GWP frameworks; CO2-only difference is less affected by GWP changes.
2018,2.B.8,Petrochemical and carbon black production,0.0,0.0,0.0,,0.0,0.0,0.0,,Total CO2eq comparison combines CRF AR4 and CRT AR5 GWP frameworks; CO2-only difference is less affected by GWP changes.
2018,2.B.9,Fluorochemical production,0.0,0.0,0.0,,0.0,0.0,0.0,,Total CO2eq comparison combines CRF AR4 and CRT AR5 GWP frameworks; CO2-only difference is less affected by GWP changes.
2018,2.C,Metal industry,14383.74829,14372.018936404662,-11.72935359533767,-0.08154587635193991,14246.882,14246.93129740466,0.04929740466104704,0.00034602241150763404,Total CO2eq comparison combines CRF AR4 and CRT AR5 GWP frameworks; CO2-only difference is less affected by GWP changes.
2018,2.C.1,Iron and steel production,9732.92525,9733.969901220427,1.044651220427113,0.01073316802085902,9724.628,9724.676981220427,0.04898122042686737,0.0005036822017959697,Total CO2eq comparison combines CRF AR4 and CRT AR5 GWP frameworks; CO2-only difference is less affected by GWP changes.
2018,2.C.2,Ferroalloys production,3713.802,3713.8972339999996,0.09523399999943649,0.002564326261858777,3713.012,3713.0120279999996,2.7999999474559445e-05,7.541047396173092e-07,Total CO2eq comparison combines CRF AR4 and CRT AR5 GWP frameworks; CO2-only difference is less affected by GWP changes.
2018,2.C.3,Aluminium production,557.09304,544.2233011842333,-12.86973881576671,-2.310159684595361,429.314,429.31378818423326,-0.00021181576676099212,-4.933819226975876e-05,Total CO2eq comparison combines CRF AR4 and CRT AR5 GWP frameworks; CO2-only difference is less affected by GWP changes.
2018,2.C.4,Magnesium production,0.0,0.0,0.0,,0.0,0.0,0.0,,Total CO2eq comparison combines CRF AR4 and CRT AR5 GWP frameworks; CO2-only difference is less affected by GWP changes.
2018,2.C.5,Lead production,79.439,79.43884,-0.00015999999999394277,-0.00020141240447883632,79.439,79.43884,-0.00015999999999394277,-0.00020141240447883632,Total CO2eq comparison combines CRF AR4 and CRT AR5 GWP frameworks; CO2-only difference is less affected by GWP changes.
2018,2.C.6,Zinc production,300.489,300.48966,0.0006600000000389628,0.00021964198357975258,300.489,300.48966,0.0006600000000389628,0.00021964198357975258,Total CO2eq comparison combines CRF AR4 and CRT AR5 GWP frameworks; CO2-only difference is less affected by GWP changes.
2018,2.C.7,Other,0.0,0.0,0.0,,0.0,0.0,0.0,,Total CO2eq comparison combines CRF AR4 and CRT AR5 GWP frameworks; CO2-only difference is less affected by GWP changes.
2019,2,Total industrial processes,25792.763275622267,25705.35103763811,-87.4122379841574,-0.3389021837252082,23314.516086,23467.091471240386,152.57538524038682,0.6544222692745741,Total CO2eq comparison combines CRF AR4 and CRT AR5 GWP frameworks; CO2-only difference is less affected by GWP changes.
2019,2.A,Mineral industry,7419.647886000001,7417.873685099999,-1.774200900001233,-0.023912198088927382,7419.647886000001,7417.873685099999,-1.774200900001233,-0.023912198088927382,Total CO2eq comparison combines CRF AR4 and CRT AR5 GWP frameworks; CO2-only difference is less affected by GWP changes.
2019,2.A.1,Cement production,3801.885,3801.885,0.0,0.0,3801.885,3801.885,0.0,0.0,Total CO2eq comparison combines CRF AR4 and CRT AR5 GWP frameworks; CO2-only difference is less affected by GWP changes.
2019,2.A.2,Lime production,670.323,670.3234124999999,0.00041249999992487574,6.153749758323609e-05,670.323,670.3234124999999,0.00041249999992487574,6.153749758323609e-05,Total CO2eq comparison combines CRF AR4 and CRT AR5 GWP frameworks; CO2-only difference is less affected by GWP changes.
2019,2.A.3,Glass production,19.588,19.588,0.0,0.0,19.588,19.588,0.0,0.0,Total CO2eq comparison combines CRF AR4 and CRT AR5 GWP frameworks; CO2-only difference is less affected by GWP changes.
2019,2.A.4,Other process uses of carbonates,2927.8518860000004,2926.0772726,-1.7746134000003622,-0.0606114472007947,2927.8518860000004,2926.0772726,-1.7746134000003622,-0.0606114472007947,Total CO2eq comparison combines CRF AR4 and CRT AR5 GWP frameworks; CO2-only difference is less affected by GWP changes.
2019,2.B,Chemical industry,569.2386,547.6631584237866,-21.575441576213393,-3.7902281356558376,374.4062,374.4061584237866,-4.157621339118123e-05,-1.1104573960362095e-05,Total CO2eq comparison combines CRF AR4 and CRT AR5 GWP frameworks; CO2-only difference is less affected by GWP changes.
2019,2.B.1,Ammonia production,346.0502,346.0501584237866,-4.157621339118123e-05,-1.201450350012259e-05,346.0502,346.0501584237866,-4.157621339118123e-05,-1.201450350012259e-05,Total CO2eq comparison combines CRF AR4 and CRT AR5 GWP frameworks; CO2-only difference is less affected by GWP changes.
2019,2.B.10,Other,0.0,0.0,0.0,,0.0,0.0,0.0,,Total CO2eq comparison combines CRF AR4 and CRT AR5 GWP frameworks; CO2-only difference is less affected by GWP changes.
2019,2.B.2,Nitric acid production,194.8324,173.257,-21.575400000000002,-11.073825503355705,0.0,0.0,0.0,,Total CO2eq comparison combines CRF AR4 and CRT AR5 GWP frameworks; CO2-only difference is less affected by GWP changes.
2019,2.B.3,Adipic acid production,0.0,0.0,0.0,,0.0,0.0,0.0,,Total CO2eq comparison combines CRF AR4 and CRT AR5 GWP frameworks; CO2-only difference is less affected by GWP changes.
2019,2.B.4,"Caprolactam, glyoxal and glyoxylic acid production",0.0,0.0,0.0,,0.0,0.0,0.0,,Total CO2eq comparison combines CRF AR4 and CRT AR5 GWP frameworks; CO2-only difference is less affected by GWP changes.
2019,2.B.5,Carbide production,28.356,28.355999999999998,-3.552713678800501e-15,-1.2528966281564751e-14,28.356,28.355999999999998,-3.552713678800501e-15,-1.2528966281564751e-14,Total CO2eq comparison combines CRF AR4 and CRT AR5 GWP frameworks; CO2-only difference is less affected by GWP changes.
2019,2.B.6,Titanium dioxide production,0.0,0.0,0.0,,0.0,0.0,0.0,,Total CO2eq comparison combines CRF AR4 and CRT AR5 GWP frameworks; CO2-only difference is less affected by GWP changes.
2019,2.B.7,Soda ash production,0.0,0.0,0.0,,0.0,0.0,0.0,,Total CO2eq comparison combines CRF AR4 and CRT AR5 GWP frameworks; CO2-only difference is less affected by GWP changes.
2019,2.B.8,Petrochemical and carbon black production,0.0,0.0,0.0,,0.0,0.0,0.0,,Total CO2eq comparison combines CRF AR4 and CRT AR5 GWP frameworks; CO2-only difference is less affected by GWP changes.
2019,2.B.9,Fluorochemical production,0.0,0.0,0.0,,0.0,0.0,0.0,,Total CO2eq comparison combines CRF AR4 and CRT AR5 GWP frameworks; CO2-only difference is less affected by GWP changes.
2019,2.C,Metal industry,15375.98169,15375.916889632914,-0.06480036708671832,-0.000421438893419483,15353.247,15353.247314632914,0.0003146329145238269,2.0492923387725537e-06,Total CO2eq comparison combines CRF AR4 and CRT AR5 GWP frameworks; CO2-only difference is less affected by GWP changes.
2019,2.C.1,Iron and steel production,10945.16425,10946.278296098926,1.1140460989263374,0.010178431985854735,10935.882,10935.882176098927,0.00017609892711334396,1.6102855454488625e-06,Total CO2eq comparison combines CRF AR4 and CRT AR5 GWP frameworks; CO2-only difference is less affected by GWP changes.
2019,2.C.2,Ferroalloys production,3610.82575,3610.920259999999,0.09450999999899068,0.002617406835513751,3610.043,3610.043579999999,0.0005799999989903881,1.6066290595164327e-05,Total CO2eq comparison combines CRF AR4 and CRT AR5 GWP frameworks; CO2-only difference is less affected by GWP changes.
2019,2.C.3,Aluminium production,462.11569000000003,460.8429935339867,-1.2726964660133149,-0.27540646066644364,449.446,449.4462185339867,0.0002185339866969116,4.862296843156054e-05,Total CO2eq comparison combines CRF AR4 and CRT AR5 GWP frameworks; CO2-only difference is less affected by GWP changes.
2019,2.C.4,Magnesium production,0.0,0.0,0.0,,0.0,0.0,0.0,,Total CO2eq comparison combines CRF AR4 and CRT AR5 GWP frameworks; CO2-only difference is less affected by GWP changes.
2019,2.C.5,Lead production,68.988,68.98788,-0.00011999999999545707,-0.00017394329447941245,68.988,68.98788,-0.00011999999999545707,-0.00017394329447941245,Total CO2eq comparison combines CRF AR4 and CRT AR5 GWP frameworks; CO2-only difference is less affected by GWP changes.
2019,2.C.6,Zinc production,288.888,288.88746000000003,-0.0005399999999440297,-0.00018692365205340124,288.888,288.88746000000003,-0.0005399999999440297,-0.00018692365205340124,Total CO2eq comparison combines CRF AR4 and CRT AR5 GWP frameworks; CO2-only difference is less affected by GWP changes.
2019,2.C.7,Other,0.0,0.0,0.0,,0.0,0.0,0.0,,Total CO2eq comparison combines CRF AR4 and CRT AR5 GWP frameworks; CO2-only difference is less affected by GWP changes.
2020,2,Total industrial processes,27031.37045506539,26999.455690006787,-31.914765058601915,-0.11806565675852158,24281.689089,24493.382077415565,211.6929884155652,0.8718215097790111,Total CO2eq comparison combines CRF AR4 and CRT AR5 GWP frameworks; CO2-only difference is less affected by GWP changes.
2020,2.A,Mineral industry,8118.530189,8129.53117932,11.0009903199998,0.13550470422472924,8118.530189,8129.53117932,11.0009903199998,0.13550470422472924,Total CO2eq comparison combines CRF AR4 and CRT AR5 GWP frameworks; CO2-only difference is less affected by GWP changes.
2020,2.A.1,Cement production,4450.168,4450.168,0.0,0.0,4450.168,4450.168,0.0,0.0,Total CO2eq comparison combines CRF AR4 and CRT AR5 GWP frameworks; CO2-only difference is less affected by GWP changes.
2020,2.A.2,Lime production,636.885,636.88485,-0.00014999999996234692,-2.3552132639698992e-05,636.885,636.88485,-0.00014999999996234692,-2.3552132639698992e-05,Total CO2eq comparison combines CRF AR4 and CRT AR5 GWP frameworks; CO2-only difference is less affected by GWP changes.
2020,2.A.3,Glass production,11.699,11.699,0.0,0.0,11.699,11.699,0.0,0.0,Total CO2eq comparison combines CRF AR4 and CRT AR5 GWP frameworks; CO2-only difference is less affected by GWP changes.
2020,2.A.4,Other process uses of carbonates,3019.7781890000006,3030.7793293199998,11.001140319999195,0.3643029266213166,3019.7781890000006,3030.7793293199998,11.001140319999195,0.3643029266213166,Total CO2eq comparison combines CRF AR4 and CRT AR5 GWP frameworks; CO2-only difference is less affected by GWP changes.
2020,2.B,Chemical industry,586.1406,564.4481087376532,-21.69249126234672,-3.7009023538630017,390.2652,390.2651987376533,-1.2623467000594246e-06,-3.234586891322682e-07,Total CO2eq comparison combines CRF AR4 and CRT AR5 GWP frameworks; CO2-only difference is less affected by GWP changes.
2020,2.B.1,Ammonia production,365.3347,365.3346987376533,-1.2623467000594246e-06,-3.455315632649799e-07,365.3347,365.3346987376533,-1.2623467000594246e-06,-3.455315632649799e-07,Total CO2eq comparison combines CRF AR4 and CRT AR5 GWP frameworks; CO2-only difference is less affected by GWP changes.
2020,2.B.10,Other,0.0,0.0,0.0,,0.0,0.0,0.0,,Total CO2eq comparison combines CRF AR4 and CRT AR5 GWP frameworks; CO2-only difference is less affected by GWP changes.
2020,2.B.2,Nitric acid production,195.87539999999998,174.18291,-21.692489999999992,-11.074637243880545,0.0,0.0,0.0,,Total CO2eq comparison combines CRF AR4 and CRT AR5 GWP frameworks; CO2-only difference is less affected by GWP changes.
2020,2.B.3,Adipic acid production,0.0,0.0,0.0,,0.0,0.0,0.0,,Total CO2eq comparison combines CRF AR4 and CRT AR5 GWP frameworks; CO2-only difference is less affected by GWP changes.
2020,2.B.4,"Caprolactam, glyoxal and glyoxylic acid production",0.0,0.0,0.0,,0.0,0.0,0.0,,Total CO2eq comparison combines CRF AR4 and CRT AR5 GWP frameworks; CO2-only difference is less affected by GWP changes.
2020,2.B.5,Carbide production,24.9305,24.9305,0.0,0.0,24.9305,24.9305,0.0,0.0,Total CO2eq comparison combines CRF AR4 and CRT AR5 GWP frameworks; CO2-only difference is less affected by GWP changes.
2020,2.B.6,Titanium dioxide production,0.0,0.0,0.0,,0.0,0.0,0.0,,Total CO2eq comparison combines CRF AR4 and CRT AR5 GWP frameworks; CO2-only difference is less affected by GWP changes.
2020,2.B.7,Soda ash production,0.0,0.0,0.0,,0.0,0.0,0.0,,Total CO2eq comparison combines CRF AR4 and CRT AR5 GWP frameworks; CO2-only difference is less affected by GWP changes.
2020,2.B.8,Petrochemical and carbon black production,0.0,0.0,0.0,,0.0,0.0,0.0,,Total CO2eq comparison combines CRF AR4 and CRT AR5 GWP frameworks; CO2-only difference is less affected by GWP changes.
2020,2.B.9,Fluorochemical production,0.0,0.0,0.0,,0.0,0.0,0.0,,Total CO2eq comparison combines CRF AR4 and CRT AR5 GWP frameworks; CO2-only difference is less affected by GWP changes.
2020,2.C,Metal industry,15623.47976,15626.133704731115,2.653944731115189,0.016986899025593187,15601.7297,15604.145571731115,2.4158717311147484,0.015484640341607432,Total CO2eq comparison combines CRF AR4 and CRT AR5 GWP frameworks; CO2-only difference is less affected by GWP changes.
2020,2.C.1,Iron and steel production,10964.21795,10965.382902095853,1.164952095852641,0.01062503592290083,10954.5797,10954.588062095852,0.008362095852135099,7.63342463256267e-05,Total CO2eq comparison combines CRF AR4 and CRT AR5 GWP frameworks; CO2-only difference is less affected by GWP changes.
2020,2.C.2,Ferroalloys production,3856.6490000000003,3856.811959999999,0.16295999999874766,0.004225429900381073,3855.291,3855.2909999999993,-9.094947017729282e-13,-2.3590818482260564e-14,Total CO2eq comparison combines CRF AR4 and CRT AR5 GWP frameworks; CO2-only difference is less affected by GWP changes.
2020,2.C.3,Aluminium production,460.96281,459.88130263526295,-1.0815073647370355,-0.23461922334624685,450.209,450.208969635263,-3.036473702877629e-05,-6.744586853833729e-06,Total CO2eq comparison combines CRF AR4 and CRT AR5 GWP frameworks; CO2-only difference is less affected by GWP changes.
2020,2.C.4,Magnesium production,0.0,0.0,0.0,,0.0,0.0,0.0,,Total CO2eq comparison combines CRF AR4 and CRT AR5 GWP frameworks; CO2-only difference is less affected by GWP changes.
2020,2.C.5,Lead production,64.153,66.56,2.4069999999999965,3.751967951615663,64.153,66.56,2.4069999999999965,3.751967951615663,Total CO2eq comparison combines CRF AR4 and CRT AR5 GWP frameworks; CO2-only difference is less affected by GWP changes.
2020,2.C.6,Zinc production,277.497,277.49754,0.0005400000000008731,0.0001945966983429994,277.497,277.49754,0.0005400000000008731,0.0001945966983429994,Total CO2eq comparison combines CRF AR4 and CRT AR5 GWP frameworks; CO2-only difference is less affected by GWP changes.
2020,2.C.7,Other,0.0,0.0,0.0,,0.0,0.0,0.0,,Total CO2eq comparison combines CRF AR4 and CRT AR5 GWP frameworks; CO2-only difference is less affected by GWP changes.
2021,2,Total industrial processes,27083.91639987852,26553.65214594794,-530.264253930578,-1.9578566338100067,24125.853823,23828.78038507106,-297.07343792894244,-1.2313489093833943,Total CO2eq comparison combines CRF AR4 and CRT AR5 GWP frameworks; CO2-only difference is less affected by GWP changes.
2021,2.A,Mineral industry,8626.526123,8158.442230386,-468.0838926139995,-5.426099520709694,8626.526123,8158.442230386,-468.0838926139995,-5.426099520709694,Total CO2eq comparison combines CRF AR4 and CRT AR5 GWP frameworks; CO2-only difference is less affected by GWP changes.
2021,2.A.1,Cement production,3840.896,3840.896,0.0,0.0,3840.896,3840.896,0.0,0.0,Total CO2eq comparison combines CRF AR4 and CRT AR5 GWP frameworks; CO2-only difference is less affected by GWP changes.
2021,2.A.2,Lime production,715.622,715.6220295,2.9500000096049916e-05,4.122288036987392e-06,715.622,715.6220295,2.9500000096049916e-05,4.122288036987392e-06,Total CO2eq comparison combines CRF AR4 and CRT AR5 GWP frameworks; CO2-only difference is less affected by GWP changes.
2021,2.A.3,Glass production,20.641,20.64,-0.0009999999999976694,-0.004844726515176928,20.641,20.64,-0.0009999999999976694,-0.004844726515176928,Total CO2eq comparison combines CRF AR4 and CRT AR5 GWP frameworks; CO2-only difference is less affected by GWP changes.
2021,2.A.4,Other process uses of carbonates,4049.367123,3581.284200886,-468.0829221140002,-11.559409356966823,4049.367123,3581.284200886,-468.0829221140002,-11.559409356966823,Total CO2eq comparison combines CRF AR4 and CRT AR5 GWP frameworks; CO2-only difference is less affected by GWP changes.
2021,2.B,Chemical industry,680.2207635999999,654.8372429232,-25.38352067679989,-3.7316591958263903,450.99969999999996,450.9997199232,1.992320005683723e-05,4.417563926724836e-06,Total CO2eq comparison combines CRF AR4 and CRT AR5 GWP frameworks; CO2-only difference is less affected by GWP changes.
2021,2.B.1,Ammonia production,426.7186,426.71861992320004,1.992320005683723e-05,4.668931716788824e-06,426.7186,426.71861992320004,1.992320005683723e-05,4.668931716788824e-06,Total CO2eq comparison combines CRF AR4 and CRT AR5 GWP frameworks; CO2-only difference is less affected by GWP changes.
2021,2.B.10,Other,0.0,0.0,0.0,,0.0,0.0,0.0,,Total CO2eq comparison combines CRF AR4 and CRT AR5 GWP frameworks; CO2-only difference is less affected by GWP changes.
2021,2.B.2,Nitric acid production,229.2210636,203.837523,-25.383540600000003,-11.073825503355705,0.0,0.0,0.0,,Total CO2eq comparison combines CRF AR4 and CRT AR5 GWP frameworks; CO2-only difference is less affected by GWP changes.
2021,2.B.3,Adipic acid production,0.0,0.0,0.0,,0.0,0.0,0.0,,Total CO2eq comparison combines CRF AR4 and CRT AR5 GWP frameworks; CO2-only difference is less affected by GWP changes.
2021,2.B.4,"Caprolactam, glyoxal and glyoxylic acid production",0.0,0.0,0.0,,0.0,0.0,0.0,,Total CO2eq comparison combines CRF AR4 and CRT AR5 GWP frameworks; CO2-only difference is less affected by GWP changes.
2021,2.B.5,Carbide production,24.2811,24.2811,0.0,0.0,24.2811,24.2811,0.0,0.0,Total CO2eq comparison combines CRF AR4 and CRT AR5 GWP frameworks; CO2-only difference is less affected by GWP changes.
2021,2.B.6,Titanium dioxide production,0.0,0.0,0.0,,0.0,0.0,0.0,,Total CO2eq comparison combines CRF AR4 and CRT AR5 GWP frameworks; CO2-only difference is less affected by GWP changes.
2021,2.B.7,Soda ash production,0.0,0.0,0.0,,0.0,0.0,0.0,,Total CO2eq comparison combines CRF AR4 and CRT AR5 GWP frameworks; CO2-only difference is less affected by GWP changes.
2021,2.B.8,Petrochemical and carbon black production,0.0,0.0,0.0,,0.0,0.0,0.0,,Total CO2eq comparison combines CRF AR4 and CRT AR5 GWP frameworks; CO2-only difference is less affected by GWP changes.
2021,2.B.9,Fluorochemical production,0.0,0.0,0.0,,0.0,0.0,0.0,,Total CO2eq comparison combines CRF AR4 and CRT AR5 GWP frameworks; CO2-only difference is less affected by GWP changes.
2021,2.C,Metal industry,14889.48359,14893.622277624307,4.13868762430684,0.02779604543898651,14869.504,14873.373437624306,3.8694376243056468,0.026022640864857675,Total CO2eq comparison combines CRF AR4 and CRT AR5 GWP frameworks; CO2-only difference is less affected by GWP changes.
2021,2.C.1,Iron and steel production,10568.41775,10569.551309660532,1.1335596605313185,0.010725916474406195,10558.974,10558.974309660533,0.0003096605323662516,2.9326763411506795e-06,Total CO2eq comparison combines CRF AR4 and CRT AR5 GWP frameworks; CO2-only difference is less affected by GWP changes.
2021,2.C.2,Ferroalloys production,3523.336,3523.444206320001,0.10820632000104524,0.0030711325857382113,3522.446,3522.446566320001,0.000566320000871201,1.607746437762853e-05,Total CO2eq comparison combines CRF AR4 and CRT AR5 GWP frameworks; CO2-only difference is less affected by GWP changes.
2021,2.C.3,Aluminium production,440.21084,439.23950164377334,-0.9713383562266813,-0.22065298442598127,430.565,430.56530164377335,0.00030164377335495374,7.00576622240437e-05,Total CO2eq comparison combines CRF AR4 and CRT AR5 GWP frameworks; CO2-only difference is less affected by GWP changes.
2021,2.C.4,Magnesium production,0.0,0.0,0.0,,0.0,0.0,0.0,,Total CO2eq comparison combines CRF AR4 and CRT AR5 GWP frameworks; CO2-only difference is less affected by GWP changes.
2021,2.C.5,Lead production,57.908,61.776,3.868000000000002,6.679560682461839,57.908,61.776,3.868000000000002,6.679560682461839,Total CO2eq comparison combines CRF AR4 and CRT AR5 GWP frameworks; CO2-only difference is less affected by GWP changes.
2021,2.C.6,Zinc production,299.611,299.61126,0.00026000000002568413,8.677919035872652e-05,299.611,299.61126,0.00026000000002568413,8.677919035872652e-05,Total CO2eq comparison combines CRF AR4 and CRT AR5 GWP frameworks; CO2-only difference is less affected by GWP changes.
2021,2.C.7,Other,0.0,0.0,0.0,,0.0,0.0,0.0,,Total CO2eq comparison combines CRF AR4 and CRT AR5 GWP frameworks; CO2-only difference is less affected by GWP changes.
