source,submission_date,inventory_year,category_code,category_label,total_ghg_kt_co2eq,co2_kt,ch4_kt,n2o_kt,hfc_kt_co2eq,pfc_kt_co2eq,sf6_kt,total_method,source_table
UNFCCC CRF 2023,2023-04-15,1990,2,Total industrial processes,22737.3994337376,22705.0464337376,1.29412,0.0,0.0,0.0,0.0,recalculated_AR4_from_Table2(I)s1,Table2(I)s1
UNFCCC CRF 2023,2023-04-15,1990,2.A,Mineral industry,2901.7582337375998,2901.7582337375998,0.0,0.0,0.0,0.0,0.0,recalculated_AR4_from_Table2(I)s1,Table2(I)s1
UNFCCC CRF 2023,2023-04-15,1990,2.A.1,Cement production,1015.078,1015.078,0.0,0.0,0.0,0.0,0.0,recalculated_AR4_from_Table2(I)s1,Table2(I)s1
UNFCCC CRF 2023,2023-04-15,1990,2.A.2,Lime production,1489.31,1489.31,0.0,0.0,0.0,0.0,0.0,recalculated_AR4_from_Table2(I)s1,Table2(I)s1
UNFCCC CRF 2023,2023-04-15,1990,2.A.3,Glass production,0.0,0.0,0.0,0.0,0.0,0.0,0.0,recalculated_AR4_from_Table2(I)s1,Table2(I)s1
UNFCCC CRF 2023,2023-04-15,1990,2.A.4,Other process uses of carbonates,397.3702337375999,397.3702337375999,0.0,0.0,0.0,0.0,0.0,recalculated_AR4_from_Table2(I)s1,Table2(I)s1
UNFCCC CRF 2023,2023-04-15,1990,2.B,Chemical industry,1270.4177,1270.4177,0.0,0.0,0.0,0.0,0.0,recalculated_AR4_from_Table2(I)s1,Table2(I)s1
UNFCCC CRF 2023,2023-04-15,1990,2.B.1,Ammonia production,995.458,995.458,0.0,0.0,0.0,0.0,0.0,recalculated_AR4_from_Table2(I)s1,Table2(I)s1
UNFCCC CRF 2023,2023-04-15,1990,2.B.2,Nitric acid production,0.0,0.0,0.0,0.0,0.0,0.0,0.0,recalculated_AR4_from_Table2(I)s1,Table2(I)s1
UNFCCC CRF 2023,2023-04-15,1990,2.B.3,Adipic acid production,0.0,0.0,0.0,0.0,0.0,0.0,0.0,recalculated_AR4_from_Table2(I)s1,Table2(I)s1
UNFCCC CRF 2023,2023-04-15,1990,2.B.4,"Caprolactam, glyoxal and glyoxylic acid production",0.0,0.0,0.0,0.0,0.0,0.0,0.0,recalculated_AR4_from_Table2(I)s1,Table2(I)s1
UNFCCC CRF 2023,2023-04-15,1990,2.B.5,Carbide production,274.9597,274.9597,0.0,0.0,0.0,0.0,0.0,recalculated_AR4_from_Table2(I)s1,Table2(I)s1
UNFCCC CRF 2023,2023-04-15,1990,2.B.6,Titanium dioxide production,0.0,0.0,0.0,0.0,0.0,0.0,0.0,recalculated_AR4_from_Table2(I)s1,Table2(I)s1
UNFCCC CRF 2023,2023-04-15,1990,2.B.7,Soda ash production,0.0,0.0,0.0,0.0,0.0,0.0,0.0,recalculated_AR4_from_Table2(I)s1,Table2(I)s1
UNFCCC CRF 2023,2023-04-15,1990,2.B.8,Petrochemical and carbon black production,0.0,0.0,0.0,0.0,0.0,0.0,0.0,recalculated_AR4_from_Table2(I)s1,Table2(I)s1
UNFCCC CRF 2023,2023-04-15,1990,2.B.9,Fluorochemical production,0.0,0.0,0.0,0.0,0.0,0.0,0.0,recalculated_AR4_from_Table2(I)s1,Table2(I)s1
UNFCCC CRF 2023,2023-04-15,1990,2.B.10,Other (as specified in table 2(I).A-H),0.0,0.0,0.0,0.0,0.0,0.0,0.0,recalculated_AR4_from_Table2(I)s1,Table2(I)s1
UNFCCC CRF 2023,2023-04-15,1990,2.C,Metal industry,18562.8655,18530.5125,1.29412,0.0,0.0,0.0,0.0,recalculated_AR4_from_Table2(I)s1,Table2(I)s1
UNFCCC CRF 2023,2023-04-15,1990,2.C.1,Iron and steel production,16134.4195,16117.4165,0.68012,0.0,0.0,0.0,0.0,recalculated_AR4_from_Table2(I)s1,Table2(I)s1
UNFCCC CRF 2023,2023-04-15,1990,2.C.2,Ferroalloys production,2161.299,2145.949,0.614,0.0,0.0,0.0,0.0,recalculated_AR4_from_Table2(I)s1,Table2(I)s1
UNFCCC CRF 2023,2023-04-15,1990,2.C.3,Aluminium production,0.0,0.0,0.0,0.0,0.0,0.0,0.0,recalculated_AR4_from_Table2(I)s1,Table2(I)s1
UNFCCC CRF 2023,2023-04-15,1990,2.C.4,Magnesium production,0.0,0.0,0.0,0.0,0.0,0.0,0.0,recalculated_AR4_from_Table2(I)s1,Table2(I)s1
UNFCCC CRF 2023,2023-04-15,1990,2.C.5,Lead production,150.956,150.956,0.0,0.0,0.0,0.0,0.0,recalculated_AR4_from_Table2(I)s1,Table2(I)s1
UNFCCC CRF 2023,2023-04-15,1990,2.C.6,Zinc production,116.191,116.191,0.0,0.0,0.0,0.0,0.0,recalculated_AR4_from_Table2(I)s1,Table2(I)s1
UNFCCC CRF 2023,2023-04-15,1990,2.C.7,Other (as specified in table 2(I).A-H),0.0,0.0,0.0,0.0,0.0,0.0,0.0,recalculated_AR4_from_Table2(I)s1,Table2(I)s1
UNFCCC CRF 2023,2023-04-15,1991,2,Total industrial processes,21713.79541542616,21685.02141542616,1.15096,0.0,0.0,0.0,0.0,recalculated_AR4_from_Table2(I)s1,Table2(I)s1
UNFCCC CRF 2023,2023-04-15,1991,2.A,Mineral industry,2525.16891542616,2525.16891542616,0.0,0.0,0.0,0.0,0.0,recalculated_AR4_from_Table2(I)s1,Table2(I)s1
UNFCCC CRF 2023,2023-04-15,1991,2.A.1,Cement production,804.064,804.064,0.0,0.0,0.0,0.0,0.0,recalculated_AR4_from_Table2(I)s1,Table2(I)s1
UNFCCC CRF 2023,2023-04-15,1991,2.A.2,Lime production,1381.31,1381.31,0.0,0.0,0.0,0.0,0.0,recalculated_AR4_from_Table2(I)s1,Table2(I)s1
UNFCCC CRF 2023,2023-04-15,1991,2.A.3,Glass production,0.0,0.0,0.0,0.0,0.0,0.0,0.0,recalculated_AR4_from_Table2(I)s1,Table2(I)s1
UNFCCC CRF 2023,2023-04-15,1991,2.A.4,Other process uses of carbonates,339.79491542616006,339.79491542616006,0.0,0.0,0.0,0.0,0.0,recalculated_AR4_from_Table2(I)s1,Table2(I)s1
UNFCCC CRF 2023,2023-04-15,1991,2.B,Chemical industry,1203.377,1203.377,0.0,0.0,0.0,0.0,0.0,recalculated_AR4_from_Table2(I)s1,Table2(I)s1
UNFCCC CRF 2023,2023-04-15,1991,2.B.1,Ammonia production,989.126,989.126,0.0,0.0,0.0,0.0,0.0,recalculated_AR4_from_Table2(I)s1,Table2(I)s1
UNFCCC CRF 2023,2023-04-15,1991,2.B.2,Nitric acid production,0.0,0.0,0.0,0.0,0.0,0.0,0.0,recalculated_AR4_from_Table2(I)s1,Table2(I)s1
UNFCCC CRF 2023,2023-04-15,1991,2.B.3,Adipic acid production,0.0,0.0,0.0,0.0,0.0,0.0,0.0,recalculated_AR4_from_Table2(I)s1,Table2(I)s1
UNFCCC CRF 2023,2023-04-15,1991,2.B.4,"Caprolactam, glyoxal and glyoxylic acid production",0.0,0.0,0.0,0.0,0.0,0.0,0.0,recalculated_AR4_from_Table2(I)s1,Table2(I)s1
UNFCCC CRF 2023,2023-04-15,1991,2.B.5,Carbide production,214.251,214.251,0.0,0.0,0.0,0.0,0.0,recalculated_AR4_from_Table2(I)s1,Table2(I)s1
UNFCCC CRF 2023,2023-04-15,1991,2.B.6,Titanium dioxide production,0.0,0.0,0.0,0.0,0.0,0.0,0.0,recalculated_AR4_from_Table2(I)s1,Table2(I)s1
UNFCCC CRF 2023,2023-04-15,1991,2.B.7,Soda ash production,0.0,0.0,0.0,0.0,0.0,0.0,0.0,recalculated_AR4_from_Table2(I)s1,Table2(I)s1
UNFCCC CRF 2023,2023-04-15,1991,2.B.8,Petrochemical and carbon black production,0.0,0.0,0.0,0.0,0.0,0.0,0.0,recalculated_AR4_from_Table2(I)s1,Table2(I)s1
UNFCCC CRF 2023,2023-04-15,1991,2.B.9,Fluorochemical production,0.0,0.0,0.0,0.0,0.0,0.0,0.0,recalculated_AR4_from_Table2(I)s1,Table2(I)s1
UNFCCC CRF 2023,2023-04-15,1991,2.B.10,Other (as specified in table 2(I).A-H),0.0,0.0,0.0,0.0,0.0,0.0,0.0,recalculated_AR4_from_Table2(I)s1,Table2(I)s1
UNFCCC CRF 2023,2023-04-15,1991,2.C,Metal industry,17983.0095,17954.2355,1.15096,0.0,0.0,0.0,0.0,recalculated_AR4_from_Table2(I)s1,Table2(I)s1
UNFCCC CRF 2023,2023-04-15,1991,2.C.1,Iron and steel production,15692.4665,15676.8425,0.62496,0.0,0.0,0.0,0.0,recalculated_AR4_from_Table2(I)s1,Table2(I)s1
UNFCCC CRF 2023,2023-04-15,1991,2.C.2,Ferroalloys production,2058.038,2044.888,0.526,0.0,0.0,0.0,0.0,recalculated_AR4_from_Table2(I)s1,Table2(I)s1
UNFCCC CRF 2023,2023-04-15,1991,2.C.3,Aluminium production,0.0,0.0,0.0,0.0,0.0,0.0,0.0,recalculated_AR4_from_Table2(I)s1,Table2(I)s1
UNFCCC CRF 2023,2023-04-15,1991,2.C.4,Magnesium production,0.0,0.0,0.0,0.0,0.0,0.0,0.0,recalculated_AR4_from_Table2(I)s1,Table2(I)s1
UNFCCC CRF 2023,2023-04-15,1991,2.C.5,Lead production,137.488,137.488,0.0,0.0,0.0,0.0,0.0,recalculated_AR4_from_Table2(I)s1,Table2(I)s1
UNFCCC CRF 2023,2023-04-15,1991,2.C.6,Zinc production,95.017,95.017,0.0,0.0,0.0,0.0,0.0,recalculated_AR4_from_Table2(I)s1,Table2(I)s1
UNFCCC CRF 2023,2023-04-15,1991,2.C.7,Other (as specified in table 2(I).A-H),0.0,0.0,0.0,0.0,0.0,0.0,0.0,recalculated_AR4_from_Table2(I)s1,Table2(I)s1
UNFCCC CRF 2023,2023-04-15,1992,2,Total industrial processes,19795.8528310336,19771.3828310336,0.9788,0.0,0.0,0.0,0.0,recalculated_AR4_from_Table2(I)s1,Table2(I)s1
UNFCCC CRF 2023,2023-04-15,1992,2.A,Mineral industry,2246.2607310336,2246.2607310336,0.0,0.0,0.0,0.0,0.0,recalculated_AR4_from_Table2(I)s1,Table2(I)s1
UNFCCC CRF 2023,2023-04-15,1992,2.A.1,Cement production,699.188,699.188,0.0,0.0,0.0,0.0,0.0,recalculated_AR4_from_Table2(I)s1,Table2(I)s1
UNFCCC CRF 2023,2023-04-15,1992,2.A.2,Lime production,1252.768,1252.768,0.0,0.0,0.0,0.0,0.0,recalculated_AR4_from_Table2(I)s1,Table2(I)s1
UNFCCC CRF 2023,2023-04-15,1992,2.A.3,Glass production,0.0,0.0,0.0,0.0,0.0,0.0,0.0,recalculated_AR4_from_Table2(I)s1,Table2(I)s1
UNFCCC CRF 2023,2023-04-15,1992,2.A.4,Other process uses of carbonates,294.30473103360004,294.30473103360004,0.0,0.0,0.0,0.0,0.0,recalculated_AR4_from_Table2(I)s1,Table2(I)s1
UNFCCC CRF 2023,2023-04-15,1992,2.B,Chemical industry,845.9007999999999,845.9007999999999,0.0,0.0,0.0,0.0,0.0,recalculated_AR4_from_Table2(I)s1,Table2(I)s1
UNFCCC CRF 2023,2023-04-15,1992,2.B.1,Ammonia production,615.9658,615.9658,0.0,0.0,0.0,0.0,0.0,recalculated_AR4_from_Table2(I)s1,Table2(I)s1
UNFCCC CRF 2023,2023-04-15,1992,2.B.2,Nitric acid production,0.0,0.0,0.0,0.0,0.0,0.0,0.0,recalculated_AR4_from_Table2(I)s1,Table2(I)s1
UNFCCC CRF 2023,2023-04-15,1992,2.B.3,Adipic acid production,0.0,0.0,0.0,0.0,0.0,0.0,0.0,recalculated_AR4_from_Table2(I)s1,Table2(I)s1
UNFCCC CRF 2023,2023-04-15,1992,2.B.4,"Caprolactam, glyoxal and glyoxylic acid production",0.0,0.0,0.0,0.0,0.0,0.0,0.0,recalculated_AR4_from_Table2(I)s1,Table2(I)s1
UNFCCC CRF 2023,2023-04-15,1992,2.B.5,Carbide production,229.935,229.935,0.0,0.0,0.0,0.0,0.0,recalculated_AR4_from_Table2(I)s1,Table2(I)s1
UNFCCC CRF 2023,2023-04-15,1992,2.B.6,Titanium dioxide production,0.0,0.0,0.0,0.0,0.0,0.0,0.0,recalculated_AR4_from_Table2(I)s1,Table2(I)s1
UNFCCC CRF 2023,2023-04-15,1992,2.B.7,Soda ash production,0.0,0.0,0.0,0.0,0.0,0.0,0.0,recalculated_AR4_from_Table2(I)s1,Table2(I)s1
UNFCCC CRF 2023,2023-04-15,1992,2.B.8,Petrochemical and carbon black production,0.0,0.0,0.0,0.0,0.0,0.0,0.0,recalculated_AR4_from_Table2(I)s1,Table2(I)s1
UNFCCC CRF 2023,2023-04-15,1992,2.B.9,Fluorochemical production,0.0,0.0,0.0,0.0,0.0,0.0,0.0,recalculated_AR4_from_Table2(I)s1,Table2(I)s1
UNFCCC CRF 2023,2023-04-15,1992,2.B.10,Other (as specified in table 2(I).A-H),0.0,0.0,0.0,0.0,0.0,0.0,0.0,recalculated_AR4_from_Table2(I)s1,Table2(I)s1
UNFCCC CRF 2023,2023-04-15,1992,2.C,Metal industry,16701.5613,16677.0913,0.9788,0.0,0.0,0.0,0.0,recalculated_AR4_from_Table2(I)s1,Table2(I)s1
UNFCCC CRF 2023,2023-04-15,1992,2.C.1,Iron and steel production,14493.969299999999,14479.8993,0.5628,0.0,0.0,0.0,0.0,recalculated_AR4_from_Table2(I)s1,Table2(I)s1
UNFCCC CRF 2023,2023-04-15,1992,2.C.2,Ferroalloys production,1996.169,1985.769,0.416,0.0,0.0,0.0,0.0,recalculated_AR4_from_Table2(I)s1,Table2(I)s1
UNFCCC CRF 2023,2023-04-15,1992,2.C.3,Aluminium production,0.0,0.0,0.0,0.0,0.0,0.0,0.0,recalculated_AR4_from_Table2(I)s1,Table2(I)s1
UNFCCC CRF 2023,2023-04-15,1992,2.C.4,Magnesium production,0.0,0.0,0.0,0.0,0.0,0.0,0.0,recalculated_AR4_from_Table2(I)s1,Table2(I)s1
UNFCCC CRF 2023,2023-04-15,1992,2.C.5,Lead production,126.464,126.464,0.0,0.0,0.0,0.0,0.0,recalculated_AR4_from_Table2(I)s1,Table2(I)s1
UNFCCC CRF 2023,2023-04-15,1992,2.C.6,Zinc production,84.959,84.959,0.0,0.0,0.0,0.0,0.0,recalculated_AR4_from_Table2(I)s1,Table2(I)s1
UNFCCC CRF 2023,2023-04-15,1992,2.C.7,Other (as specified in table 2(I).A-H),0.0,0.0,0.0,0.0,0.0,0.0,0.0,recalculated_AR4_from_Table2(I)s1,Table2(I)s1
UNFCCC CRF 2023,2023-04-15,1993,2,Total industrial processes,16820.649694447013,16801.40567891176,0.75482,0.0,0.37351553525,0.0,0.0,recalculated_AR4_from_Table2(I)s1,Table2(I)s1
UNFCCC CRF 2023,2023-04-15,1993,2.A,Mineral industry,1677.11187891176,1677.11187891176,0.0,0.0,0.0,0.0,0.0,recalculated_AR4_from_Table2(I)s1,Table2(I)s1
UNFCCC CRF 2023,2023-04-15,1993,2.A.1,Cement production,352.883,352.883,0.0,0.0,0.0,0.0,0.0,recalculated_AR4_from_Table2(I)s1,Table2(I)s1
UNFCCC CRF 2023,2023-04-15,1993,2.A.2,Lime production,849.435,849.435,0.0,0.0,0.0,0.0,0.0,recalculated_AR4_from_Table2(I)s1,Table2(I)s1
UNFCCC CRF 2023,2023-04-15,1993,2.A.3,Glass production,0.0,0.0,0.0,0.0,0.0,0.0,0.0,recalculated_AR4_from_Table2(I)s1,Table2(I)s1
UNFCCC CRF 2023,2023-04-15,1993,2.A.4,Other process uses of carbonates,474.7938789117599,474.7938789117599,0.0,0.0,0.0,0.0,0.0,recalculated_AR4_from_Table2(I)s1,Table2(I)s1
UNFCCC CRF 2023,2023-04-15,1993,2.B,Chemical industry,379.1128,379.1128,0.0,0.0,0.0,0.0,0.0,recalculated_AR4_from_Table2(I)s1,Table2(I)s1
UNFCCC CRF 2023,2023-04-15,1993,2.B.1,Ammonia production,244.3338,244.3338,0.0,0.0,0.0,0.0,0.0,recalculated_AR4_from_Table2(I)s1,Table2(I)s1
UNFCCC CRF 2023,2023-04-15,1993,2.B.2,Nitric acid production,0.0,0.0,0.0,0.0,0.0,0.0,0.0,recalculated_AR4_from_Table2(I)s1,Table2(I)s1
UNFCCC CRF 2023,2023-04-15,1993,2.B.3,Adipic acid production,0.0,0.0,0.0,0.0,0.0,0.0,0.0,recalculated_AR4_from_Table2(I)s1,Table2(I)s1
UNFCCC CRF 2023,2023-04-15,1993,2.B.4,"Caprolactam, glyoxal and glyoxylic acid production",0.0,0.0,0.0,0.0,0.0,0.0,0.0,recalculated_AR4_from_Table2(I)s1,Table2(I)s1
UNFCCC CRF 2023,2023-04-15,1993,2.B.5,Carbide production,134.779,134.779,0.0,0.0,0.0,0.0,0.0,recalculated_AR4_from_Table2(I)s1,Table2(I)s1
UNFCCC CRF 2023,2023-04-15,1993,2.B.6,Titanium dioxide production,0.0,0.0,0.0,0.0,0.0,0.0,0.0,recalculated_AR4_from_Table2(I)s1,Table2(I)s1
UNFCCC CRF 2023,2023-04-15,1993,2.B.7,Soda ash production,0.0,0.0,0.0,0.0,0.0,0.0,0.0,recalculated_AR4_from_Table2(I)s1,Table2(I)s1
UNFCCC CRF 2023,2023-04-15,1993,2.B.8,Petrochemical and carbon black production,0.0,0.0,0.0,0.0,0.0,0.0,0.0,recalculated_AR4_from_Table2(I)s1,Table2(I)s1
UNFCCC CRF 2023,2023-04-15,1993,2.B.9,Fluorochemical production,0.0,0.0,0.0,0.0,0.0,0.0,0.0,recalculated_AR4_from_Table2(I)s1,Table2(I)s1
UNFCCC CRF 2023,2023-04-15,1993,2.B.10,Other (as specified in table 2(I).A-H),0.0,0.0,0.0,0.0,0.0,0.0,0.0,recalculated_AR4_from_Table2(I)s1,Table2(I)s1
UNFCCC CRF 2023,2023-04-15,1993,2.C,Metal industry,14762.041500000001,14743.171,0.75482,0.0,0.0,0.0,0.0,recalculated_AR4_from_Table2(I)s1,Table2(I)s1
UNFCCC CRF 2023,2023-04-15,1993,2.C.1,Iron and steel production,12560.810500000001,12549.565,0.44982,0.0,0.0,0.0,0.0,recalculated_AR4_from_Table2(I)s1,Table2(I)s1
UNFCCC CRF 2023,2023-04-15,1993,2.C.2,Ferroalloys production,2026.204,2018.579,0.305,0.0,0.0,0.0,0.0,recalculated_AR4_from_Table2(I)s1,Table2(I)s1
UNFCCC CRF 2023,2023-04-15,1993,2.C.3,Aluminium production,0.0,0.0,0.0,0.0,0.0,0.0,0.0,recalculated_AR4_from_Table2(I)s1,Table2(I)s1
UNFCCC CRF 2023,2023-04-15,1993,2.C.4,Magnesium production,0.0,0.0,0.0,0.0,0.0,0.0,0.0,recalculated_AR4_from_Table2(I)s1,Table2(I)s1
UNFCCC CRF 2023,2023-04-15,1993,2.C.5,Lead production,132.652,132.652,0.0,0.0,0.0,0.0,0.0,recalculated_AR4_from_Table2(I)s1,Table2(I)s1
UNFCCC CRF 2023,2023-04-15,1993,2.C.6,Zinc production,42.375,42.375,0.0,0.0,0.0,0.0,0.0,recalculated_AR4_from_Table2(I)s1,Table2(I)s1
UNFCCC CRF 2023,2023-04-15,1993,2.C.7,Other (as specified in table 2(I).A-H),0.0,0.0,0.0,0.0,0.0,0.0,0.0,recalculated_AR4_from_Table2(I)s1,Table2(I)s1
UNFCCC CRF 2023,2023-04-15,1994,2,Total industrial processes,12685.1683157228,12672.0352931904,0.47538,0.0,1.2485225324,0.0,0.0,recalculated_AR4_from_Table2(I)s1,Table2(I)s1
UNFCCC CRF 2023,2023-04-15,1994,2.A,Mineral industry,1194.9044931904,1194.9044931904,0.0,0.0,0.0,0.0,0.0,recalculated_AR4_from_Table2(I)s1,Table2(I)s1
UNFCCC CRF 2023,2023-04-15,1994,2.A.1,Cement production,168.706,168.706,0.0,0.0,0.0,0.0,0.0,recalculated_AR4_from_Table2(I)s1,Table2(I)s1
UNFCCC CRF 2023,2023-04-15,1994,2.A.2,Lime production,547.818,547.818,0.0,0.0,0.0,0.0,0.0,recalculated_AR4_from_Table2(I)s1,Table2(I)s1
UNFCCC CRF 2023,2023-04-15,1994,2.A.3,Glass production,0.0,0.0,0.0,0.0,0.0,0.0,0.0,recalculated_AR4_from_Table2(I)s1,Table2(I)s1
UNFCCC CRF 2023,2023-04-15,1994,2.A.4,Other process uses of carbonates,478.38049319040005,478.38049319040005,0.0,0.0,0.0,0.0,0.0,recalculated_AR4_from_Table2(I)s1,Table2(I)s1
UNFCCC CRF 2023,2023-04-15,1994,2.B,Chemical industry,171.00449999999998,171.00449999999998,0.0,0.0,0.0,0.0,0.0,recalculated_AR4_from_Table2(I)s1,Table2(I)s1
UNFCCC CRF 2023,2023-04-15,1994,2.B.1,Ammonia production,91.4887,91.4887,0.0,0.0,0.0,0.0,0.0,recalculated_AR4_from_Table2(I)s1,Table2(I)s1
UNFCCC CRF 2023,2023-04-15,1994,2.B.2,Nitric acid production,0.0,0.0,0.0,0.0,0.0,0.0,0.0,recalculated_AR4_from_Table2(I)s1,Table2(I)s1
UNFCCC CRF 2023,2023-04-15,1994,2.B.3,Adipic acid production,0.0,0.0,0.0,0.0,0.0,0.0,0.0,recalculated_AR4_from_Table2(I)s1,Table2(I)s1
UNFCCC CRF 2023,2023-04-15,1994,2.B.4,"Caprolactam, glyoxal and glyoxylic acid production",0.0,0.0,0.0,0.0,0.0,0.0,0.0,recalculated_AR4_from_Table2(I)s1,Table2(I)s1
UNFCCC CRF 2023,2023-04-15,1994,2.B.5,Carbide production,79.5158,79.5158,0.0,0.0,0.0,0.0,0.0,recalculated_AR4_from_Table2(I)s1,Table2(I)s1
UNFCCC CRF 2023,2023-04-15,1994,2.B.6,Titanium dioxide production,0.0,0.0,0.0,0.0,0.0,0.0,0.0,recalculated_AR4_from_Table2(I)s1,Table2(I)s1
UNFCCC CRF 2023,2023-04-15,1994,2.B.7,Soda ash production,0.0,0.0,0.0,0.0,0.0,0.0,0.0,recalculated_AR4_from_Table2(I)s1,Table2(I)s1
UNFCCC CRF 2023,2023-04-15,1994,2.B.8,Petrochemical and carbon black production,0.0,0.0,0.0,0.0,0.0,0.0,0.0,recalculated_AR4_from_Table2(I)s1,Table2(I)s1
UNFCCC CRF 2023,2023-04-15,1994,2.B.9,Fluorochemical production,0.0,0.0,0.0,0.0,0.0,0.0,0.0,recalculated_AR4_from_Table2(I)s1,Table2(I)s1
UNFCCC CRF 2023,2023-04-15,1994,2.B.10,Other (as specified in table 2(I).A-H),0.0,0.0,0.0,0.0,0.0,0.0,0.0,recalculated_AR4_from_Table2(I)s1,Table2(I)s1
UNFCCC CRF 2023,2023-04-15,1994,2.C,Metal industry,11316.1208,11304.2363,0.47538,0.0,0.0,0.0,0.0,recalculated_AR4_from_Table2(I)s1,Table2(I)s1
UNFCCC CRF 2023,2023-04-15,1994,2.C.1,Iron and steel production,9896.871299999999,9888.9893,0.31528,0.0,0.0,0.0,0.0,recalculated_AR4_from_Table2(I)s1,Table2(I)s1
UNFCCC CRF 2023,2023-04-15,1994,2.C.2,Ferroalloys production,1287.1965,1283.194,0.1601,0.0,0.0,0.0,0.0,recalculated_AR4_from_Table2(I)s1,Table2(I)s1
UNFCCC CRF 2023,2023-04-15,1994,2.C.3,Aluminium production,0.0,0.0,0.0,0.0,0.0,0.0,0.0,recalculated_AR4_from_Table2(I)s1,Table2(I)s1
UNFCCC CRF 2023,2023-04-15,1994,2.C.4,Magnesium production,0.0,0.0,0.0,0.0,0.0,0.0,0.0,recalculated_AR4_from_Table2(I)s1,Table2(I)s1
UNFCCC CRF 2023,2023-04-15,1994,2.C.5,Lead production,71.604,71.604,0.0,0.0,0.0,0.0,0.0,recalculated_AR4_from_Table2(I)s1,Table2(I)s1
UNFCCC CRF 2023,2023-04-15,1994,2.C.6,Zinc production,60.449,60.449,0.0,0.0,0.0,0.0,0.0,recalculated_AR4_from_Table2(I)s1,Table2(I)s1
UNFCCC CRF 2023,2023-04-15,1994,2.C.7,Other (as specified in table 2(I).A-H),0.0,0.0,0.0,0.0,0.0,0.0,0.0,recalculated_AR4_from_Table2(I)s1,Table2(I)s1
UNFCCC CRF 2023,2023-04-15,1995,2,Total industrial processes,13990.0875296897,13973.4778316224,0.4863,0.0,4.4521980673,0.0,0.0,recalculated_AR4_from_Table2(I)s1,Table2(I)s1
UNFCCC CRF 2023,2023-04-15,1995,2.A,Mineral industry,1228.0765316224001,1228.0765316224001,0.0,0.0,0.0,0.0,0.0,recalculated_AR4_from_Table2(I)s1,Table2(I)s1
UNFCCC CRF 2023,2023-04-15,1995,2.A.1,Cement production,97.929,97.929,0.0,0.0,0.0,0.0,0.0,recalculated_AR4_from_Table2(I)s1,Table2(I)s1
UNFCCC CRF 2023,2023-04-15,1995,2.A.2,Lime production,552.647,552.647,0.0,0.0,0.0,0.0,0.0,recalculated_AR4_from_Table2(I)s1,Table2(I)s1
UNFCCC CRF 2023,2023-04-15,1995,2.A.3,Glass production,0.0,0.0,0.0,0.0,0.0,0.0,0.0,recalculated_AR4_from_Table2(I)s1,Table2(I)s1
UNFCCC CRF 2023,2023-04-15,1995,2.A.4,Other process uses of carbonates,577.5005316224001,577.5005316224001,0.0,0.0,0.0,0.0,0.0,recalculated_AR4_from_Table2(I)s1,Table2(I)s1
UNFCCC CRF 2023,2023-04-15,1995,2.B,Chemical industry,228.27929999999998,228.27929999999998,0.0,0.0,0.0,0.0,0.0,recalculated_AR4_from_Table2(I)s1,Table2(I)s1
UNFCCC CRF 2023,2023-04-15,1995,2.B.1,Ammonia production,129.2633,129.2633,0.0,0.0,0.0,0.0,0.0,recalculated_AR4_from_Table2(I)s1,Table2(I)s1
UNFCCC CRF 2023,2023-04-15,1995,2.B.2,Nitric acid production,0.0,0.0,0.0,0.0,0.0,0.0,0.0,recalculated_AR4_from_Table2(I)s1,Table2(I)s1
UNFCCC CRF 2023,2023-04-15,1995,2.B.3,Adipic acid production,0.0,0.0,0.0,0.0,0.0,0.0,0.0,recalculated_AR4_from_Table2(I)s1,Table2(I)s1
UNFCCC CRF 2023,2023-04-15,1995,2.B.4,"Caprolactam, glyoxal and glyoxylic acid production",0.0,0.0,0.0,0.0,0.0,0.0,0.0,recalculated_AR4_from_Table2(I)s1,Table2(I)s1
UNFCCC CRF 2023,2023-04-15,1995,2.B.5,Carbide production,99.016,99.016,0.0,0.0,0.0,0.0,0.0,recalculated_AR4_from_Table2(I)s1,Table2(I)s1
UNFCCC CRF 2023,2023-04-15,1995,2.B.6,Titanium dioxide production,0.0,0.0,0.0,0.0,0.0,0.0,0.0,recalculated_AR4_from_Table2(I)s1,Table2(I)s1
UNFCCC CRF 2023,2023-04-15,1995,2.B.7,Soda ash production,0.0,0.0,0.0,0.0,0.0,0.0,0.0,recalculated_AR4_from_Table2(I)s1,Table2(I)s1
UNFCCC CRF 2023,2023-04-15,1995,2.B.8,Petrochemical and carbon black production,0.0,0.0,0.0,0.0,0.0,0.0,0.0,recalculated_AR4_from_Table2(I)s1,Table2(I)s1
UNFCCC CRF 2023,2023-04-15,1995,2.B.9,Fluorochemical production,0.0,0.0,0.0,0.0,0.0,0.0,0.0,recalculated_AR4_from_Table2(I)s1,Table2(I)s1
UNFCCC CRF 2023,2023-04-15,1995,2.B.10,Other (as specified in table 2(I).A-H),0.0,0.0,0.0,0.0,0.0,0.0,0.0,recalculated_AR4_from_Table2(I)s1,Table2(I)s1
UNFCCC CRF 2023,2023-04-15,1995,2.C,Metal industry,12527.5695,12515.412,0.4863,0.0,0.0,0.0,0.0,recalculated_AR4_from_Table2(I)s1,Table2(I)s1
UNFCCC CRF 2023,2023-04-15,1995,2.C.1,Iron and steel production,10811.609999999999,10804.47,0.2856,0.0,0.0,0.0,0.0,recalculated_AR4_from_Table2(I)s1,Table2(I)s1
UNFCCC CRF 2023,2023-04-15,1995,2.C.2,Ferroalloys production,1598.7604999999999,1593.743,0.2007,0.0,0.0,0.0,0.0,recalculated_AR4_from_Table2(I)s1,Table2(I)s1
UNFCCC CRF 2023,2023-04-15,1995,2.C.3,Aluminium production,0.0,0.0,0.0,0.0,0.0,0.0,0.0,recalculated_AR4_from_Table2(I)s1,Table2(I)s1
UNFCCC CRF 2023,2023-04-15,1995,2.C.4,Magnesium production,0.0,0.0,0.0,0.0,0.0,0.0,0.0,recalculated_AR4_from_Table2(I)s1,Table2(I)s1
UNFCCC CRF 2023,2023-04-15,1995,2.C.5,Lead production,46.02,46.02,0.0,0.0,0.0,0.0,0.0,recalculated_AR4_from_Table2(I)s1,Table2(I)s1
UNFCCC CRF 2023,2023-04-15,1995,2.C.6,Zinc production,71.179,71.179,0.0,0.0,0.0,0.0,0.0,recalculated_AR4_from_Table2(I)s1,Table2(I)s1
UNFCCC CRF 2023,2023-04-15,1995,2.C.7,Other (as specified in table 2(I).A-H),0.0,0.0,0.0,0.0,0.0,0.0,0.0,recalculated_AR4_from_Table2(I)s1,Table2(I)s1
UNFCCC CRF 2023,2023-04-15,1996,2,Total industrial processes,12257.187612233201,12243.128616,0.3348,0.0,5.6889962332,0.0,0.0,recalculated_AR4_from_Table2(I)s1,Table2(I)s1
UNFCCC CRF 2023,2023-04-15,1996,2.A,Mineral industry,1084.9649160000001,1084.9649160000001,0.0,0.0,0.0,0.0,0.0,recalculated_AR4_from_Table2(I)s1,Table2(I)s1
UNFCCC CRF 2023,2023-04-15,1996,2.A.1,Cement production,15.839,15.839,0.0,0.0,0.0,0.0,0.0,recalculated_AR4_from_Table2(I)s1,Table2(I)s1
UNFCCC CRF 2023,2023-04-15,1996,2.A.2,Lime production,428.55,428.55,0.0,0.0,0.0,0.0,0.0,recalculated_AR4_from_Table2(I)s1,Table2(I)s1
UNFCCC CRF 2023,2023-04-15,1996,2.A.3,Glass production,0.0,0.0,0.0,0.0,0.0,0.0,0.0,recalculated_AR4_from_Table2(I)s1,Table2(I)s1
UNFCCC CRF 2023,2023-04-15,1996,2.A.4,Other process uses of carbonates,640.575916,640.575916,0.0,0.0,0.0,0.0,0.0,recalculated_AR4_from_Table2(I)s1,Table2(I)s1
UNFCCC CRF 2023,2023-04-15,1996,2.B,Chemical industry,274.9007,274.9007,0.0,0.0,0.0,0.0,0.0,recalculated_AR4_from_Table2(I)s1,Table2(I)s1
UNFCCC CRF 2023,2023-04-15,1996,2.B.1,Ammonia production,198.6987,198.6987,0.0,0.0,0.0,0.0,0.0,recalculated_AR4_from_Table2(I)s1,Table2(I)s1
UNFCCC CRF 2023,2023-04-15,1996,2.B.2,Nitric acid production,0.0,0.0,0.0,0.0,0.0,0.0,0.0,recalculated_AR4_from_Table2(I)s1,Table2(I)s1
UNFCCC CRF 2023,2023-04-15,1996,2.B.3,Adipic acid production,0.0,0.0,0.0,0.0,0.0,0.0,0.0,recalculated_AR4_from_Table2(I)s1,Table2(I)s1
UNFCCC CRF 2023,2023-04-15,1996,2.B.4,"Caprolactam, glyoxal and glyoxylic acid production",0.0,0.0,0.0,0.0,0.0,0.0,0.0,recalculated_AR4_from_Table2(I)s1,Table2(I)s1
UNFCCC CRF 2023,2023-04-15,1996,2.B.5,Carbide production,76.202,76.202,0.0,0.0,0.0,0.0,0.0,recalculated_AR4_from_Table2(I)s1,Table2(I)s1
UNFCCC CRF 2023,2023-04-15,1996,2.B.6,Titanium dioxide production,0.0,0.0,0.0,0.0,0.0,0.0,0.0,recalculated_AR4_from_Table2(I)s1,Table2(I)s1
UNFCCC CRF 2023,2023-04-15,1996,2.B.7,Soda ash production,0.0,0.0,0.0,0.0,0.0,0.0,0.0,recalculated_AR4_from_Table2(I)s1,Table2(I)s1
UNFCCC CRF 2023,2023-04-15,1996,2.B.8,Petrochemical and carbon black production,0.0,0.0,0.0,0.0,0.0,0.0,0.0,recalculated_AR4_from_Table2(I)s1,Table2(I)s1
UNFCCC CRF 2023,2023-04-15,1996,2.B.9,Fluorochemical production,0.0,0.0,0.0,0.0,0.0,0.0,0.0,recalculated_AR4_from_Table2(I)s1,Table2(I)s1
UNFCCC CRF 2023,2023-04-15,1996,2.B.10,Other (as specified in table 2(I).A-H),0.0,0.0,0.0,0.0,0.0,0.0,0.0,recalculated_AR4_from_Table2(I)s1,Table2(I)s1
UNFCCC CRF 2023,2023-04-15,1996,2.C,Metal industry,10890.041000000001,10881.671,0.3348,0.0,0.0,0.0,0.0,recalculated_AR4_from_Table2(I)s1,Table2(I)s1
UNFCCC CRF 2023,2023-04-15,1996,2.C.1,Iron and steel production,9827.452500000001,9821.02,0.2573,0.0,0.0,0.0,0.0,recalculated_AR4_from_Table2(I)s1,Table2(I)s1
UNFCCC CRF 2023,2023-04-15,1996,2.C.2,Ferroalloys production,944.3895,942.452,0.0775,0.0,0.0,0.0,0.0,recalculated_AR4_from_Table2(I)s1,Table2(I)s1
UNFCCC CRF 2023,2023-04-15,1996,2.C.3,Aluminium production,0.0,0.0,0.0,0.0,0.0,0.0,0.0,recalculated_AR4_from_Table2(I)s1,Table2(I)s1
UNFCCC CRF 2023,2023-04-15,1996,2.C.4,Magnesium production,0.0,0.0,0.0,0.0,0.0,0.0,0.0,recalculated_AR4_from_Table2(I)s1,Table2(I)s1
UNFCCC CRF 2023,2023-04-15,1996,2.C.5,Lead production,34.996,34.996,0.0,0.0,0.0,0.0,0.0,recalculated_AR4_from_Table2(I)s1,Table2(I)s1
UNFCCC CRF 2023,2023-04-15,1996,2.C.6,Zinc production,83.203,83.203,0.0,0.0,0.0,0.0,0.0,recalculated_AR4_from_Table2(I)s1,Table2(I)s1
UNFCCC CRF 2023,2023-04-15,1996,2.C.7,Other (as specified in table 2(I).A-H),0.0,0.0,0.0,0.0,0.0,0.0,0.0,recalculated_AR4_from_Table2(I)s1,Table2(I)s1
UNFCCC CRF 2023,2023-04-15,1997,2,Total industrial processes,15771.2791502248,15751.8148485184,0.4061,0.0,9.31180170640001,0.0,0.0,recalculated_AR4_from_Table2(I)s1,Table2(I)s1
UNFCCC CRF 2023,2023-04-15,1997,2.A,Mineral industry,1117.2321485184,1117.2321485184,0.0,0.0,0.0,0.0,0.0,recalculated_AR4_from_Table2(I)s1,Table2(I)s1
UNFCCC CRF 2023,2023-04-15,1997,2.A.1,Cement production,46.938,46.938,0.0,0.0,0.0,0.0,0.0,recalculated_AR4_from_Table2(I)s1,Table2(I)s1
UNFCCC CRF 2023,2023-04-15,1997,2.A.2,Lime production,428.627,428.627,0.0,0.0,0.0,0.0,0.0,recalculated_AR4_from_Table2(I)s1,Table2(I)s1
UNFCCC CRF 2023,2023-04-15,1997,2.A.3,Glass production,0.0,0.0,0.0,0.0,0.0,0.0,0.0,recalculated_AR4_from_Table2(I)s1,Table2(I)s1
UNFCCC CRF 2023,2023-04-15,1997,2.A.4,Other process uses of carbonates,641.6671485184,641.6671485184,0.0,0.0,0.0,0.0,0.0,recalculated_AR4_from_Table2(I)s1,Table2(I)s1
UNFCCC CRF 2023,2023-04-15,1997,2.B,Chemical industry,176.9017,176.9017,0.0,0.0,0.0,0.0,0.0,recalculated_AR4_from_Table2(I)s1,Table2(I)s1
UNFCCC CRF 2023,2023-04-15,1997,2.B.1,Ammonia production,151.3167,151.3167,0.0,0.0,0.0,0.0,0.0,recalculated_AR4_from_Table2(I)s1,Table2(I)s1
UNFCCC CRF 2023,2023-04-15,1997,2.B.2,Nitric acid production,0.0,0.0,0.0,0.0,0.0,0.0,0.0,recalculated_AR4_from_Table2(I)s1,Table2(I)s1
UNFCCC CRF 2023,2023-04-15,1997,2.B.3,Adipic acid production,0.0,0.0,0.0,0.0,0.0,0.0,0.0,recalculated_AR4_from_Table2(I)s1,Table2(I)s1
UNFCCC CRF 2023,2023-04-15,1997,2.B.4,"Caprolactam, glyoxal and glyoxylic acid production",0.0,0.0,0.0,0.0,0.0,0.0,0.0,recalculated_AR4_from_Table2(I)s1,Table2(I)s1
UNFCCC CRF 2023,2023-04-15,1997,2.B.5,Carbide production,25.585,25.585,0.0,0.0,0.0,0.0,0.0,recalculated_AR4_from_Table2(I)s1,Table2(I)s1
UNFCCC CRF 2023,2023-04-15,1997,2.B.6,Titanium dioxide production,0.0,0.0,0.0,0.0,0.0,0.0,0.0,recalculated_AR4_from_Table2(I)s1,Table2(I)s1
UNFCCC CRF 2023,2023-04-15,1997,2.B.7,Soda ash production,0.0,0.0,0.0,0.0,0.0,0.0,0.0,recalculated_AR4_from_Table2(I)s1,Table2(I)s1
UNFCCC CRF 2023,2023-04-15,1997,2.B.8,Petrochemical and carbon black production,0.0,0.0,0.0,0.0,0.0,0.0,0.0,recalculated_AR4_from_Table2(I)s1,Table2(I)s1
UNFCCC CRF 2023,2023-04-15,1997,2.B.9,Fluorochemical production,0.0,0.0,0.0,0.0,0.0,0.0,0.0,recalculated_AR4_from_Table2(I)s1,Table2(I)s1
UNFCCC CRF 2023,2023-04-15,1997,2.B.10,Other (as specified in table 2(I).A-H),0.0,0.0,0.0,0.0,0.0,0.0,0.0,recalculated_AR4_from_Table2(I)s1,Table2(I)s1
UNFCCC CRF 2023,2023-04-15,1997,2.C,Metal industry,14466.3595,14456.207,0.4061,0.0,0.0,0.0,0.0,recalculated_AR4_from_Table2(I)s1,Table2(I)s1
UNFCCC CRF 2023,2023-04-15,1997,2.C.1,Iron and steel production,12408.9255,12400.813,0.3245,0.0,0.0,0.0,0.0,recalculated_AR4_from_Table2(I)s1,Table2(I)s1
UNFCCC CRF 2023,2023-04-15,1997,2.C.2,Ferroalloys production,1918.843,1916.803,0.0816,0.0,0.0,0.0,0.0,recalculated_AR4_from_Table2(I)s1,Table2(I)s1
UNFCCC CRF 2023,2023-04-15,1997,2.C.3,Aluminium production,0.0,0.0,0.0,0.0,0.0,0.0,0.0,recalculated_AR4_from_Table2(I)s1,Table2(I)s1
UNFCCC CRF 2023,2023-04-15,1997,2.C.4,Magnesium production,0.0,0.0,0.0,0.0,0.0,0.0,0.0,recalculated_AR4_from_Table2(I)s1,Table2(I)s1
UNFCCC CRF 2023,2023-04-15,1997,2.C.5,Lead production,42.64,42.64,0.0,0.0,0.0,0.0,0.0,recalculated_AR4_from_Table2(I)s1,Table2(I)s1
UNFCCC CRF 2023,2023-04-15,1997,2.C.6,Zinc production,95.951,95.951,0.0,0.0,0.0,0.0,0.0,recalculated_AR4_from_Table2(I)s1,Table2(I)s1
UNFCCC CRF 2023,2023-04-15,1997,2.C.7,Other (as specified in table 2(I).A-H),0.0,0.0,0.0,0.0,0.0,0.0,0.0,recalculated_AR4_from_Table2(I)s1,Table2(I)s1
UNFCCC CRF 2023,2023-04-15,1998,2,Total industrial processes,16338.771181481181,16229.595,0.3882,0.0,99.4711814811823,0.0,0.0,recalculated_AR4_from_Table2(I)s1,Table2(I)s1
UNFCCC CRF 2023,2023-04-15,1998,2.A,Mineral industry,1628.5609,1628.5609,0.0,0.0,0.0,0.0,0.0,recalculated_AR4_from_Table2(I)s1,Table2(I)s1
UNFCCC CRF 2023,2023-04-15,1998,2.A.1,Cement production,10.261,10.261,0.0,0.0,0.0,0.0,0.0,recalculated_AR4_from_Table2(I)s1,Table2(I)s1
UNFCCC CRF 2023,2023-04-15,1998,2.A.2,Lime production,435.065,435.065,0.0,0.0,0.0,0.0,0.0,recalculated_AR4_from_Table2(I)s1,Table2(I)s1
UNFCCC CRF 2023,2023-04-15,1998,2.A.3,Glass production,0.533,0.533,0.0,0.0,0.0,0.0,0.0,recalculated_AR4_from_Table2(I)s1,Table2(I)s1
UNFCCC CRF 2023,2023-04-15,1998,2.A.4,Other process uses of carbonates,1182.7019,1182.7019,0.0,0.0,0.0,0.0,0.0,recalculated_AR4_from_Table2(I)s1,Table2(I)s1
UNFCCC CRF 2023,2023-04-15,1998,2.B,Chemical industry,28.6551,28.6551,0.0,0.0,0.0,0.0,0.0,recalculated_AR4_from_Table2(I)s1,Table2(I)s1
UNFCCC CRF 2023,2023-04-15,1998,2.B.1,Ammonia production,14.4111,14.4111,0.0,0.0,0.0,0.0,0.0,recalculated_AR4_from_Table2(I)s1,Table2(I)s1
UNFCCC CRF 2023,2023-04-15,1998,2.B.2,Nitric acid production,0.0,0.0,0.0,0.0,0.0,0.0,0.0,recalculated_AR4_from_Table2(I)s1,Table2(I)s1
UNFCCC CRF 2023,2023-04-15,1998,2.B.3,Adipic acid production,0.0,0.0,0.0,0.0,0.0,0.0,0.0,recalculated_AR4_from_Table2(I)s1,Table2(I)s1
UNFCCC CRF 2023,2023-04-15,1998,2.B.4,"Caprolactam, glyoxal and glyoxylic acid production",0.0,0.0,0.0,0.0,0.0,0.0,0.0,recalculated_AR4_from_Table2(I)s1,Table2(I)s1
UNFCCC CRF 2023,2023-04-15,1998,2.B.5,Carbide production,14.244,14.244,0.0,0.0,0.0,0.0,0.0,recalculated_AR4_from_Table2(I)s1,Table2(I)s1
UNFCCC CRF 2023,2023-04-15,1998,2.B.6,Titanium dioxide production,0.0,0.0,0.0,0.0,0.0,0.0,0.0,recalculated_AR4_from_Table2(I)s1,Table2(I)s1
UNFCCC CRF 2023,2023-04-15,1998,2.B.7,Soda ash production,0.0,0.0,0.0,0.0,0.0,0.0,0.0,recalculated_AR4_from_Table2(I)s1,Table2(I)s1
UNFCCC CRF 2023,2023-04-15,1998,2.B.8,Petrochemical and carbon black production,0.0,0.0,0.0,0.0,0.0,0.0,0.0,recalculated_AR4_from_Table2(I)s1,Table2(I)s1
UNFCCC CRF 2023,2023-04-15,1998,2.B.9,Fluorochemical production,0.0,0.0,0.0,0.0,0.0,0.0,0.0,recalculated_AR4_from_Table2(I)s1,Table2(I)s1
UNFCCC CRF 2023,2023-04-15,1998,2.B.10,Other (as specified in table 2(I).A-H),0.0,0.0,0.0,0.0,0.0,0.0,0.0,recalculated_AR4_from_Table2(I)s1,Table2(I)s1
UNFCCC CRF 2023,2023-04-15,1998,2.C,Metal industry,14580.728,14571.023,0.3882,0.0,0.0,0.0,0.0,recalculated_AR4_from_Table2(I)s1,Table2(I)s1
UNFCCC CRF 2023,2023-04-15,1998,2.C.1,Iron and steel production,13208.1045,13199.777,0.3331,0.0,0.0,0.0,0.0,recalculated_AR4_from_Table2(I)s1,Table2(I)s1
UNFCCC CRF 2023,2023-04-15,1998,2.C.2,Ferroalloys production,1209.8255000000001,1208.448,0.0551,0.0,0.0,0.0,0.0,recalculated_AR4_from_Table2(I)s1,Table2(I)s1
UNFCCC CRF 2023,2023-04-15,1998,2.C.3,Aluminium production,0.0,0.0,0.0,0.0,0.0,0.0,0.0,recalculated_AR4_from_Table2(I)s1,Table2(I)s1
UNFCCC CRF 2023,2023-04-15,1998,2.C.4,Magnesium production,0.0,0.0,0.0,0.0,0.0,0.0,0.0,recalculated_AR4_from_Table2(I)s1,Table2(I)s1
UNFCCC CRF 2023,2023-04-15,1998,2.C.5,Lead production,61.672,61.672,0.0,0.0,0.0,0.0,0.0,recalculated_AR4_from_Table2(I)s1,Table2(I)s1
UNFCCC CRF 2023,2023-04-15,1998,2.C.6,Zinc production,101.126,101.126,0.0,0.0,0.0,0.0,0.0,recalculated_AR4_from_Table2(I)s1,Table2(I)s1
UNFCCC CRF 2023,2023-04-15,1998,2.C.7,Other (as specified in table 2(I).A-H),0.0,0.0,0.0,0.0,0.0,0.0,0.0,recalculated_AR4_from_Table2(I)s1,Table2(I)s1
UNFCCC CRF 2023,2023-04-15,1999,2,Total industrial processes,16797.095001783266,16654.57631,0.4753,0.0,130.63619178326505,0.0,0.0,recalculated_AR4_from_Table2(I)s1,Table2(I)s1
UNFCCC CRF 2023,2023-04-15,1999,2.A,Mineral industry,1863.46891,1863.46891,0.0,0.0,0.0,0.0,0.0,recalculated_AR4_from_Table2(I)s1,Table2(I)s1
UNFCCC CRF 2023,2023-04-15,1999,2.A.1,Cement production,7.472,7.472,0.0,0.0,0.0,0.0,0.0,recalculated_AR4_from_Table2(I)s1,Table2(I)s1
UNFCCC CRF 2023,2023-04-15,1999,2.A.2,Lime production,429.547,429.547,0.0,0.0,0.0,0.0,0.0,recalculated_AR4_from_Table2(I)s1,Table2(I)s1
UNFCCC CRF 2023,2023-04-15,1999,2.A.3,Glass production,0.427,0.427,0.0,0.0,0.0,0.0,0.0,recalculated_AR4_from_Table2(I)s1,Table2(I)s1
UNFCCC CRF 2023,2023-04-15,1999,2.A.4,Other process uses of carbonates,1426.02291,1426.02291,0.0,0.0,0.0,0.0,0.0,recalculated_AR4_from_Table2(I)s1,Table2(I)s1
UNFCCC CRF 2023,2023-04-15,1999,2.B,Chemical industry,33.3224,33.3224,0.0,0.0,0.0,0.0,0.0,recalculated_AR4_from_Table2(I)s1,Table2(I)s1
UNFCCC CRF 2023,2023-04-15,1999,2.B.1,Ammonia production,16.3784,16.3784,0.0,0.0,0.0,0.0,0.0,recalculated_AR4_from_Table2(I)s1,Table2(I)s1
UNFCCC CRF 2023,2023-04-15,1999,2.B.2,Nitric acid production,0.0,0.0,0.0,0.0,0.0,0.0,0.0,recalculated_AR4_from_Table2(I)s1,Table2(I)s1
UNFCCC CRF 2023,2023-04-15,1999,2.B.3,Adipic acid production,0.0,0.0,0.0,0.0,0.0,0.0,0.0,recalculated_AR4_from_Table2(I)s1,Table2(I)s1
UNFCCC CRF 2023,2023-04-15,1999,2.B.4,"Caprolactam, glyoxal and glyoxylic acid production",0.0,0.0,0.0,0.0,0.0,0.0,0.0,recalculated_AR4_from_Table2(I)s1,Table2(I)s1
UNFCCC CRF 2023,2023-04-15,1999,2.B.5,Carbide production,16.944,16.944,0.0,0.0,0.0,0.0,0.0,recalculated_AR4_from_Table2(I)s1,Table2(I)s1
UNFCCC CRF 2023,2023-04-15,1999,2.B.6,Titanium dioxide production,0.0,0.0,0.0,0.0,0.0,0.0,0.0,recalculated_AR4_from_Table2(I)s1,Table2(I)s1
UNFCCC CRF 2023,2023-04-15,1999,2.B.7,Soda ash production,0.0,0.0,0.0,0.0,0.0,0.0,0.0,recalculated_AR4_from_Table2(I)s1,Table2(I)s1
UNFCCC CRF 2023,2023-04-15,1999,2.B.8,Petrochemical and carbon black production,0.0,0.0,0.0,0.0,0.0,0.0,0.0,recalculated_AR4_from_Table2(I)s1,Table2(I)s1
UNFCCC CRF 2023,2023-04-15,1999,2.B.9,Fluorochemical production,0.0,0.0,0.0,0.0,0.0,0.0,0.0,recalculated_AR4_from_Table2(I)s1,Table2(I)s1
UNFCCC CRF 2023,2023-04-15,1999,2.B.10,Other (as specified in table 2(I).A-H),0.0,0.0,0.0,0.0,0.0,0.0,0.0,recalculated_AR4_from_Table2(I)s1,Table2(I)s1
UNFCCC CRF 2023,2023-04-15,1999,2.C,Metal industry,14768.4295,14756.547,0.4753,0.0,0.0,0.0,0.0,recalculated_AR4_from_Table2(I)s1,Table2(I)s1
UNFCCC CRF 2023,2023-04-15,1999,2.C.1,Iron and steel production,12897.914999999999,12888.13,0.3914,0.0,0.0,0.0,0.0,recalculated_AR4_from_Table2(I)s1,Table2(I)s1
UNFCCC CRF 2023,2023-04-15,1999,2.C.2,Ferroalloys production,1675.9235,1673.826,0.0839,0.0,0.0,0.0,0.0,recalculated_AR4_from_Table2(I)s1,Table2(I)s1
UNFCCC CRF 2023,2023-04-15,1999,2.C.3,Aluminium production,0.0,0.0,0.0,0.0,0.0,0.0,0.0,recalculated_AR4_from_Table2(I)s1,Table2(I)s1
UNFCCC CRF 2023,2023-04-15,1999,2.C.4,Magnesium production,0.0,0.0,0.0,0.0,0.0,0.0,0.0,recalculated_AR4_from_Table2(I)s1,Table2(I)s1
UNFCCC CRF 2023,2023-04-15,1999,2.C.5,Lead production,82.628,82.628,0.0,0.0,0.0,0.0,0.0,recalculated_AR4_from_Table2(I)s1,Table2(I)s1
UNFCCC CRF 2023,2023-04-15,1999,2.C.6,Zinc production,111.963,111.963,0.0,0.0,0.0,0.0,0.0,recalculated_AR4_from_Table2(I)s1,Table2(I)s1
UNFCCC CRF 2023,2023-04-15,1999,2.C.7,Other (as specified in table 2(I).A-H),0.0,0.0,0.0,0.0,0.0,0.0,0.0,recalculated_AR4_from_Table2(I)s1,Table2(I)s1
UNFCCC CRF 2023,2023-04-15,2000,2,Total industrial processes,17341.3192186344,17056.0138,0.4919,0.0,273.007918634398,0.0,0.0,recalculated_AR4_from_Table2(I)s1,Table2(I)s1
UNFCCC CRF 2023,2023-04-15,2000,2.A,Mineral industry,1689.1702,1689.1702,0.0,0.0,0.0,0.0,0.0,recalculated_AR4_from_Table2(I)s1,Table2(I)s1
UNFCCC CRF 2023,2023-04-15,2000,2.A.1,Cement production,1.999,1.999,0.0,0.0,0.0,0.0,0.0,recalculated_AR4_from_Table2(I)s1,Table2(I)s1
UNFCCC CRF 2023,2023-04-15,2000,2.A.2,Lime production,477.456,477.456,0.0,0.0,0.0,0.0,0.0,recalculated_AR4_from_Table2(I)s1,Table2(I)s1
UNFCCC CRF 2023,2023-04-15,2000,2.A.3,Glass production,1.345,1.345,0.0,0.0,0.0,0.0,0.0,recalculated_AR4_from_Table2(I)s1,Table2(I)s1
UNFCCC CRF 2023,2023-04-15,2000,2.A.4,Other process uses of carbonates,1208.3702,1208.3702,0.0,0.0,0.0,0.0,0.0,recalculated_AR4_from_Table2(I)s1,Table2(I)s1
UNFCCC CRF 2023,2023-04-15,2000,2.B,Chemical industry,27.5586,27.5586,0.0,0.0,0.0,0.0,0.0,recalculated_AR4_from_Table2(I)s1,Table2(I)s1
UNFCCC CRF 2023,2023-04-15,2000,2.B.1,Ammonia production,19.0226,19.0226,0.0,0.0,0.0,0.0,0.0,recalculated_AR4_from_Table2(I)s1,Table2(I)s1
UNFCCC CRF 2023,2023-04-15,2000,2.B.2,Nitric acid production,0.0,0.0,0.0,0.0,0.0,0.0,0.0,recalculated_AR4_from_Table2(I)s1,Table2(I)s1
UNFCCC CRF 2023,2023-04-15,2000,2.B.3,Adipic acid production,0.0,0.0,0.0,0.0,0.0,0.0,0.0,recalculated_AR4_from_Table2(I)s1,Table2(I)s1
UNFCCC CRF 2023,2023-04-15,2000,2.B.4,"Caprolactam, glyoxal and glyoxylic acid production",0.0,0.0,0.0,0.0,0.0,0.0,0.0,recalculated_AR4_from_Table2(I)s1,Table2(I)s1
UNFCCC CRF 2023,2023-04-15,2000,2.B.5,Carbide production,8.536,8.536,0.0,0.0,0.0,0.0,0.0,recalculated_AR4_from_Table2(I)s1,Table2(I)s1
UNFCCC CRF 2023,2023-04-15,2000,2.B.6,Titanium dioxide production,0.0,0.0,0.0,0.0,0.0,0.0,0.0,recalculated_AR4_from_Table2(I)s1,Table2(I)s1
UNFCCC CRF 2023,2023-04-15,2000,2.B.7,Soda ash production,0.0,0.0,0.0,0.0,0.0,0.0,0.0,recalculated_AR4_from_Table2(I)s1,Table2(I)s1
UNFCCC CRF 2023,2023-04-15,2000,2.B.8,Petrochemical and carbon black production,0.0,0.0,0.0,0.0,0.0,0.0,0.0,recalculated_AR4_from_Table2(I)s1,Table2(I)s1
UNFCCC CRF 2023,2023-04-15,2000,2.B.9,Fluorochemical production,0.0,0.0,0.0,0.0,0.0,0.0,0.0,recalculated_AR4_from_Table2(I)s1,Table2(I)s1
UNFCCC CRF 2023,2023-04-15,2000,2.B.10,Other (as specified in table 2(I).A-H),0.0,0.0,0.0,0.0,0.0,0.0,0.0,recalculated_AR4_from_Table2(I)s1,Table2(I)s1
UNFCCC CRF 2023,2023-04-15,2000,2.C,Metal industry,15350.462500000001,15338.165,0.4919,0.0,0.0,0.0,0.0,recalculated_AR4_from_Table2(I)s1,Table2(I)s1
UNFCCC CRF 2023,2023-04-15,2000,2.C.1,Iron and steel production,13314.402499999998,13304.085,0.4127,0.0,0.0,0.0,0.0,recalculated_AR4_from_Table2(I)s1,Table2(I)s1
UNFCCC CRF 2023,2023-04-15,2000,2.C.2,Ferroalloys production,1843.109,1841.129,0.0792,0.0,0.0,0.0,0.0,recalculated_AR4_from_Table2(I)s1,Table2(I)s1
UNFCCC CRF 2023,2023-04-15,2000,2.C.3,Aluminium production,0.0,0.0,0.0,0.0,0.0,0.0,0.0,recalculated_AR4_from_Table2(I)s1,Table2(I)s1
UNFCCC CRF 2023,2023-04-15,2000,2.C.4,Magnesium production,0.0,0.0,0.0,0.0,0.0,0.0,0.0,recalculated_AR4_from_Table2(I)s1,Table2(I)s1
UNFCCC CRF 2023,2023-04-15,2000,2.C.5,Lead production,96.616,96.616,0.0,0.0,0.0,0.0,0.0,recalculated_AR4_from_Table2(I)s1,Table2(I)s1
UNFCCC CRF 2023,2023-04-15,2000,2.C.6,Zinc production,96.335,96.335,0.0,0.0,0.0,0.0,0.0,recalculated_AR4_from_Table2(I)s1,Table2(I)s1
UNFCCC CRF 2023,2023-04-15,2000,2.C.7,Other (as specified in table 2(I).A-H),0.0,0.0,0.0,0.0,0.0,0.0,0.0,recalculated_AR4_from_Table2(I)s1,Table2(I)s1
UNFCCC CRF 2023,2023-04-15,2001,2,Total industrial processes,18159.778136515906,17851.311617,0.5104,0.0,295.7065195159079,0.0,0.0,recalculated_AR4_from_Table2(I)s1,Table2(I)s1
UNFCCC CRF 2023,2023-04-15,2001,2.A,Mineral industry,2387.2774869999994,2387.2774869999994,0.0,0.0,0.0,0.0,0.0,recalculated_AR4_from_Table2(I)s1,Table2(I)s1
UNFCCC CRF 2023,2023-04-15,2001,2.A.1,Cement production,158.182,158.182,0.0,0.0,0.0,0.0,0.0,recalculated_AR4_from_Table2(I)s1,Table2(I)s1
UNFCCC CRF 2023,2023-04-15,2001,2.A.2,Lime production,528.341,528.341,0.0,0.0,0.0,0.0,0.0,recalculated_AR4_from_Table2(I)s1,Table2(I)s1
UNFCCC CRF 2023,2023-04-15,2001,2.A.3,Glass production,6.605,6.605,0.0,0.0,0.0,0.0,0.0,recalculated_AR4_from_Table2(I)s1,Table2(I)s1
UNFCCC CRF 2023,2023-04-15,2001,2.A.4,Other process uses of carbonates,1694.1494869999997,1694.1494869999997,0.0,0.0,0.0,0.0,0.0,recalculated_AR4_from_Table2(I)s1,Table2(I)s1
UNFCCC CRF 2023,2023-04-15,2001,2.B,Chemical industry,51.46113,51.46113,0.0,0.0,0.0,0.0,0.0,recalculated_AR4_from_Table2(I)s1,Table2(I)s1
UNFCCC CRF 2023,2023-04-15,2001,2.B.1,Ammonia production,21.62103,21.62103,0.0,0.0,0.0,0.0,0.0,recalculated_AR4_from_Table2(I)s1,Table2(I)s1
UNFCCC CRF 2023,2023-04-15,2001,2.B.2,Nitric acid production,0.0,0.0,0.0,0.0,0.0,0.0,0.0,recalculated_AR4_from_Table2(I)s1,Table2(I)s1
UNFCCC CRF 2023,2023-04-15,2001,2.B.3,Adipic acid production,0.0,0.0,0.0,0.0,0.0,0.0,0.0,recalculated_AR4_from_Table2(I)s1,Table2(I)s1
UNFCCC CRF 2023,2023-04-15,2001,2.B.4,"Caprolactam, glyoxal and glyoxylic acid production",0.0,0.0,0.0,0.0,0.0,0.0,0.0,recalculated_AR4_from_Table2(I)s1,Table2(I)s1
UNFCCC CRF 2023,2023-04-15,2001,2.B.5,Carbide production,29.8401,29.8401,0.0,0.0,0.0,0.0,0.0,recalculated_AR4_from_Table2(I)s1,Table2(I)s1
UNFCCC CRF 2023,2023-04-15,2001,2.B.6,Titanium dioxide production,0.0,0.0,0.0,0.0,0.0,0.0,0.0,recalculated_AR4_from_Table2(I)s1,Table2(I)s1
UNFCCC CRF 2023,2023-04-15,2001,2.B.7,Soda ash production,0.0,0.0,0.0,0.0,0.0,0.0,0.0,recalculated_AR4_from_Table2(I)s1,Table2(I)s1
UNFCCC CRF 2023,2023-04-15,2001,2.B.8,Petrochemical and carbon black production,0.0,0.0,0.0,0.0,0.0,0.0,0.0,recalculated_AR4_from_Table2(I)s1,Table2(I)s1
UNFCCC CRF 2023,2023-04-15,2001,2.B.9,Fluorochemical production,0.0,0.0,0.0,0.0,0.0,0.0,0.0,recalculated_AR4_from_Table2(I)s1,Table2(I)s1
UNFCCC CRF 2023,2023-04-15,2001,2.B.10,Other (as specified in table 2(I).A-H),0.0,0.0,0.0,0.0,0.0,0.0,0.0,recalculated_AR4_from_Table2(I)s1,Table2(I)s1
UNFCCC CRF 2023,2023-04-15,2001,2.C,Metal industry,15424.861,15412.101,0.5104,0.0,0.0,0.0,0.0,recalculated_AR4_from_Table2(I)s1,Table2(I)s1
UNFCCC CRF 2023,2023-04-15,2001,2.C.1,Iron and steel production,13344.9755,13334.378,0.4239,0.0,0.0,0.0,0.0,recalculated_AR4_from_Table2(I)s1,Table2(I)s1
UNFCCC CRF 2023,2023-04-15,2001,2.C.2,Ferroalloys production,1879.3445,1877.182,0.0865,0.0,0.0,0.0,0.0,recalculated_AR4_from_Table2(I)s1,Table2(I)s1
UNFCCC CRF 2023,2023-04-15,2001,2.C.3,Aluminium production,0.0,0.0,0.0,0.0,0.0,0.0,0.0,recalculated_AR4_from_Table2(I)s1,Table2(I)s1
UNFCCC CRF 2023,2023-04-15,2001,2.C.4,Magnesium production,0.0,0.0,0.0,0.0,0.0,0.0,0.0,recalculated_AR4_from_Table2(I)s1,Table2(I)s1
UNFCCC CRF 2023,2023-04-15,2001,2.C.5,Lead production,82.535,82.535,0.0,0.0,0.0,0.0,0.0,recalculated_AR4_from_Table2(I)s1,Table2(I)s1
UNFCCC CRF 2023,2023-04-15,2001,2.C.6,Zinc production,118.006,118.006,0.0,0.0,0.0,0.0,0.0,recalculated_AR4_from_Table2(I)s1,Table2(I)s1
UNFCCC CRF 2023,2023-04-15,2001,2.C.7,Other (as specified in table 2(I).A-H),0.0,0.0,0.0,0.0,0.0,0.0,0.0,recalculated_AR4_from_Table2(I)s1,Table2(I)s1
UNFCCC CRF 2023,2023-04-15,2002,2,Total industrial processes,18413.38495495422,18063.260832,0.49555,0.0,337.73537295422454,0.0,0.0,recalculated_AR4_from_Table2(I)s1,Table2(I)s1
UNFCCC CRF 2023,2023-04-15,2002,2.A,Mineral industry,3057.762132,3057.762132,0.0,0.0,0.0,0.0,0.0,recalculated_AR4_from_Table2(I)s1,Table2(I)s1
UNFCCC CRF 2023,2023-04-15,2002,2.A.1,Cement production,26.942,26.942,0.0,0.0,0.0,0.0,0.0,recalculated_AR4_from_Table2(I)s1,Table2(I)s1
UNFCCC CRF 2023,2023-04-15,2002,2.A.2,Lime production,544.75,544.75,0.0,0.0,0.0,0.0,0.0,recalculated_AR4_from_Table2(I)s1,Table2(I)s1
UNFCCC CRF 2023,2023-04-15,2002,2.A.3,Glass production,8.296,8.296,0.0,0.0,0.0,0.0,0.0,recalculated_AR4_from_Table2(I)s1,Table2(I)s1
UNFCCC CRF 2023,2023-04-15,2002,2.A.4,Other process uses of carbonates,2477.774132,2477.774132,0.0,0.0,0.0,0.0,0.0,recalculated_AR4_from_Table2(I)s1,Table2(I)s1
UNFCCC CRF 2023,2023-04-15,2002,2.B,Chemical industry,55.9377,55.9377,0.0,0.0,0.0,0.0,0.0,recalculated_AR4_from_Table2(I)s1,Table2(I)s1
UNFCCC CRF 2023,2023-04-15,2002,2.B.1,Ammonia production,24.0185,24.0185,0.0,0.0,0.0,0.0,0.0,recalculated_AR4_from_Table2(I)s1,Table2(I)s1
UNFCCC CRF 2023,2023-04-15,2002,2.B.2,Nitric acid production,0.0,0.0,0.0,0.0,0.0,0.0,0.0,recalculated_AR4_from_Table2(I)s1,Table2(I)s1
UNFCCC CRF 2023,2023-04-15,2002,2.B.3,Adipic acid production,0.0,0.0,0.0,0.0,0.0,0.0,0.0,recalculated_AR4_from_Table2(I)s1,Table2(I)s1
UNFCCC CRF 2023,2023-04-15,2002,2.B.4,"Caprolactam, glyoxal and glyoxylic acid production",0.0,0.0,0.0,0.0,0.0,0.0,0.0,recalculated_AR4_from_Table2(I)s1,Table2(I)s1
UNFCCC CRF 2023,2023-04-15,2002,2.B.5,Carbide production,31.9192,31.9192,0.0,0.0,0.0,0.0,0.0,recalculated_AR4_from_Table2(I)s1,Table2(I)s1
UNFCCC CRF 2023,2023-04-15,2002,2.B.6,Titanium dioxide production,0.0,0.0,0.0,0.0,0.0,0.0,0.0,recalculated_AR4_from_Table2(I)s1,Table2(I)s1
UNFCCC CRF 2023,2023-04-15,2002,2.B.7,Soda ash production,0.0,0.0,0.0,0.0,0.0,0.0,0.0,recalculated_AR4_from_Table2(I)s1,Table2(I)s1
UNFCCC CRF 2023,2023-04-15,2002,2.B.8,Petrochemical and carbon black production,0.0,0.0,0.0,0.0,0.0,0.0,0.0,recalculated_AR4_from_Table2(I)s1,Table2(I)s1
UNFCCC CRF 2023,2023-04-15,2002,2.B.9,Fluorochemical production,0.0,0.0,0.0,0.0,0.0,0.0,0.0,recalculated_AR4_from_Table2(I)s1,Table2(I)s1
UNFCCC CRF 2023,2023-04-15,2002,2.B.10,Other (as specified in table 2(I).A-H),0.0,0.0,0.0,0.0,0.0,0.0,0.0,recalculated_AR4_from_Table2(I)s1,Table2(I)s1
UNFCCC CRF 2023,2023-04-15,2002,2.C,Metal industry,14961.35975,14948.971,0.49555,0.0,0.0,0.0,0.0,recalculated_AR4_from_Table2(I)s1,Table2(I)s1
UNFCCC CRF 2023,2023-04-15,2002,2.C.1,Iron and steel production,12574.556750000002,12564.048,0.42035,0.0,0.0,0.0,0.0,recalculated_AR4_from_Table2(I)s1,Table2(I)s1
UNFCCC CRF 2023,2023-04-15,2002,2.C.2,Ferroalloys production,2198.967,2197.087,0.0752,0.0,0.0,0.0,0.0,recalculated_AR4_from_Table2(I)s1,Table2(I)s1
UNFCCC CRF 2023,2023-04-15,2002,2.C.3,Aluminium production,0.0,0.0,0.0,0.0,0.0,0.0,0.0,recalculated_AR4_from_Table2(I)s1,Table2(I)s1
UNFCCC CRF 2023,2023-04-15,2002,2.C.4,Magnesium production,0.0,0.0,0.0,0.0,0.0,0.0,0.0,recalculated_AR4_from_Table2(I)s1,Table2(I)s1
UNFCCC CRF 2023,2023-04-15,2002,2.C.5,Lead production,84.331,84.331,0.0,0.0,0.0,0.0,0.0,recalculated_AR4_from_Table2(I)s1,Table2(I)s1
UNFCCC CRF 2023,2023-04-15,2002,2.C.6,Zinc production,103.505,103.505,0.0,0.0,0.0,0.0,0.0,recalculated_AR4_from_Table2(I)s1,Table2(I)s1
UNFCCC CRF 2023,2023-04-15,2002,2.C.7,Other (as specified in table 2(I).A-H),0.0,0.0,0.0,0.0,0.0,0.0,0.0,recalculated_AR4_from_Table2(I)s1,Table2(I)s1
UNFCCC CRF 2023,2023-04-15,2003,2,Total industrial processes,20194.539903860394,19718.909021,0.5217,0.0,462.58838286039503,0.0,0.0,recalculated_AR4_from_Table2(I)s1,Table2(I)s1
UNFCCC CRF 2023,2023-04-15,2003,2.A,Mineral industry,3622.944021,3622.944021,0.0,0.0,0.0,0.0,0.0,recalculated_AR4_from_Table2(I)s1,Table2(I)s1
UNFCCC CRF 2023,2023-04-15,2003,2.A.1,Cement production,0.52,0.52,0.0,0.0,0.0,0.0,0.0,recalculated_AR4_from_Table2(I)s1,Table2(I)s1
UNFCCC CRF 2023,2023-04-15,2003,2.A.2,Lime production,602.525,602.525,0.0,0.0,0.0,0.0,0.0,recalculated_AR4_from_Table2(I)s1,Table2(I)s1
UNFCCC CRF 2023,2023-04-15,2003,2.A.3,Glass production,10.333,10.333,0.0,0.0,0.0,0.0,0.0,recalculated_AR4_from_Table2(I)s1,Table2(I)s1
UNFCCC CRF 2023,2023-04-15,2003,2.A.4,Other process uses of carbonates,3009.566021,3009.566021,0.0,0.0,0.0,0.0,0.0,recalculated_AR4_from_Table2(I)s1,Table2(I)s1
UNFCCC CRF 2023,2023-04-15,2003,2.B,Chemical industry,114.651,114.651,0.0,0.0,0.0,0.0,0.0,recalculated_AR4_from_Table2(I)s1,Table2(I)s1
UNFCCC CRF 2023,2023-04-15,2003,2.B.1,Ammonia production,69.872,69.872,0.0,0.0,0.0,0.0,0.0,recalculated_AR4_from_Table2(I)s1,Table2(I)s1
UNFCCC CRF 2023,2023-04-15,2003,2.B.2,Nitric acid production,0.0,0.0,0.0,0.0,0.0,0.0,0.0,recalculated_AR4_from_Table2(I)s1,Table2(I)s1
UNFCCC CRF 2023,2023-04-15,2003,2.B.3,Adipic acid production,0.0,0.0,0.0,0.0,0.0,0.0,0.0,recalculated_AR4_from_Table2(I)s1,Table2(I)s1
UNFCCC CRF 2023,2023-04-15,2003,2.B.4,"Caprolactam, glyoxal and glyoxylic acid production",0.0,0.0,0.0,0.0,0.0,0.0,0.0,recalculated_AR4_from_Table2(I)s1,Table2(I)s1
UNFCCC CRF 2023,2023-04-15,2003,2.B.5,Carbide production,44.779,44.779,0.0,0.0,0.0,0.0,0.0,recalculated_AR4_from_Table2(I)s1,Table2(I)s1
UNFCCC CRF 2023,2023-04-15,2003,2.B.6,Titanium dioxide production,0.0,0.0,0.0,0.0,0.0,0.0,0.0,recalculated_AR4_from_Table2(I)s1,Table2(I)s1
UNFCCC CRF 2023,2023-04-15,2003,2.B.7,Soda ash production,0.0,0.0,0.0,0.0,0.0,0.0,0.0,recalculated_AR4_from_Table2(I)s1,Table2(I)s1
UNFCCC CRF 2023,2023-04-15,2003,2.B.8,Petrochemical and carbon black production,0.0,0.0,0.0,0.0,0.0,0.0,0.0,recalculated_AR4_from_Table2(I)s1,Table2(I)s1
UNFCCC CRF 2023,2023-04-15,2003,2.B.9,Fluorochemical production,0.0,0.0,0.0,0.0,0.0,0.0,0.0,recalculated_AR4_from_Table2(I)s1,Table2(I)s1
UNFCCC CRF 2023,2023-04-15,2003,2.B.10,Other (as specified in table 2(I).A-H),0.0,0.0,0.0,0.0,0.0,0.0,0.0,recalculated_AR4_from_Table2(I)s1,Table2(I)s1
UNFCCC CRF 2023,2023-04-15,2003,2.C,Metal industry,15993.9435,15980.901,0.5217,0.0,0.0,0.0,0.0,recalculated_AR4_from_Table2(I)s1,Table2(I)s1
UNFCCC CRF 2023,2023-04-15,2003,2.C.1,Iron and steel production,13363.7665,13352.604,0.4465,0.0,0.0,0.0,0.0,recalculated_AR4_from_Table2(I)s1,Table2(I)s1
UNFCCC CRF 2023,2023-04-15,2003,2.C.2,Ferroalloys production,2456.943,2455.063,0.0752,0.0,0.0,0.0,0.0,recalculated_AR4_from_Table2(I)s1,Table2(I)s1
UNFCCC CRF 2023,2023-04-15,2003,2.C.3,Aluminium production,0.0,0.0,0.0,0.0,0.0,0.0,0.0,recalculated_AR4_from_Table2(I)s1,Table2(I)s1
UNFCCC CRF 2023,2023-04-15,2003,2.C.4,Magnesium production,0.0,0.0,0.0,0.0,0.0,0.0,0.0,recalculated_AR4_from_Table2(I)s1,Table2(I)s1
UNFCCC CRF 2023,2023-04-15,2003,2.C.5,Lead production,69.253,69.253,0.0,0.0,0.0,0.0,0.0,recalculated_AR4_from_Table2(I)s1,Table2(I)s1
UNFCCC CRF 2023,2023-04-15,2003,2.C.6,Zinc production,103.981,103.981,0.0,0.0,0.0,0.0,0.0,recalculated_AR4_from_Table2(I)s1,Table2(I)s1
UNFCCC CRF 2023,2023-04-15,2003,2.C.7,Other (as specified in table 2(I).A-H),0.0,0.0,0.0,0.0,0.0,0.0,0.0,recalculated_AR4_from_Table2(I)s1,Table2(I)s1
UNFCCC CRF 2023,2023-04-15,2004,2,Total industrial processes,20326.220923775436,19725.332123,0.5153,0.0,587.9990230154365,0.0,3.192e-07,recalculated_AR4_from_Table2(I)s1,Table2(I)s1
UNFCCC CRF 2023,2023-04-15,2004,2.A,Mineral industry,3387.6958230000005,3387.6958230000005,0.0,0.0,0.0,0.0,0.0,recalculated_AR4_from_Table2(I)s1,Table2(I)s1
UNFCCC CRF 2023,2023-04-15,2004,2.A.1,Cement production,345.937,345.937,0.0,0.0,0.0,0.0,0.0,recalculated_AR4_from_Table2(I)s1,Table2(I)s1
UNFCCC CRF 2023,2023-04-15,2004,2.A.2,Lime production,658.416,658.416,0.0,0.0,0.0,0.0,0.0,recalculated_AR4_from_Table2(I)s1,Table2(I)s1
UNFCCC CRF 2023,2023-04-15,2004,2.A.3,Glass production,10.104,10.104,0.0,0.0,0.0,0.0,0.0,recalculated_AR4_from_Table2(I)s1,Table2(I)s1
UNFCCC CRF 2023,2023-04-15,2004,2.A.4,Other process uses of carbonates,2373.2388230000006,2373.2388230000006,0.0,0.0,0.0,0.0,0.0,recalculated_AR4_from_Table2(I)s1,Table2(I)s1
UNFCCC CRF 2023,2023-04-15,2004,2.B,Chemical industry,117.1723,117.1723,0.0,0.0,0.0,0.0,0.0,recalculated_AR4_from_Table2(I)s1,Table2(I)s1
UNFCCC CRF 2023,2023-04-15,2004,2.B.1,Ammonia production,80.2873,80.2873,0.0,0.0,0.0,0.0,0.0,recalculated_AR4_from_Table2(I)s1,Table2(I)s1
UNFCCC CRF 2023,2023-04-15,2004,2.B.2,Nitric acid production,0.0,0.0,0.0,0.0,0.0,0.0,0.0,recalculated_AR4_from_Table2(I)s1,Table2(I)s1
UNFCCC CRF 2023,2023-04-15,2004,2.B.3,Adipic acid production,0.0,0.0,0.0,0.0,0.0,0.0,0.0,recalculated_AR4_from_Table2(I)s1,Table2(I)s1
UNFCCC CRF 2023,2023-04-15,2004,2.B.4,"Caprolactam, glyoxal and glyoxylic acid production",0.0,0.0,0.0,0.0,0.0,0.0,0.0,recalculated_AR4_from_Table2(I)s1,Table2(I)s1
UNFCCC CRF 2023,2023-04-15,2004,2.B.5,Carbide production,36.885,36.885,0.0,0.0,0.0,0.0,0.0,recalculated_AR4_from_Table2(I)s1,Table2(I)s1
UNFCCC CRF 2023,2023-04-15,2004,2.B.6,Titanium dioxide production,0.0,0.0,0.0,0.0,0.0,0.0,0.0,recalculated_AR4_from_Table2(I)s1,Table2(I)s1
UNFCCC CRF 2023,2023-04-15,2004,2.B.7,Soda ash production,0.0,0.0,0.0,0.0,0.0,0.0,0.0,recalculated_AR4_from_Table2(I)s1,Table2(I)s1
UNFCCC CRF 2023,2023-04-15,2004,2.B.8,Petrochemical and carbon black production,0.0,0.0,0.0,0.0,0.0,0.0,0.0,recalculated_AR4_from_Table2(I)s1,Table2(I)s1
UNFCCC CRF 2023,2023-04-15,2004,2.B.9,Fluorochemical production,0.0,0.0,0.0,0.0,0.0,0.0,0.0,recalculated_AR4_from_Table2(I)s1,Table2(I)s1
UNFCCC CRF 2023,2023-04-15,2004,2.B.10,Other (as specified in table 2(I).A-H),0.0,0.0,0.0,0.0,0.0,0.0,0.0,recalculated_AR4_from_Table2(I)s1,Table2(I)s1
UNFCCC CRF 2023,2023-04-15,2004,2.C,Metal industry,16232.9925,16220.11,0.5153,0.0,0.0,0.0,0.0,recalculated_AR4_from_Table2(I)s1,Table2(I)s1
UNFCCC CRF 2023,2023-04-15,2004,2.C.1,Iron and steel production,13390.3595,13378.992,0.4547,0.0,0.0,0.0,0.0,recalculated_AR4_from_Table2(I)s1,Table2(I)s1
UNFCCC CRF 2023,2023-04-15,2004,2.C.2,Ferroalloys production,2652.093,2650.578,0.0606,0.0,0.0,0.0,0.0,recalculated_AR4_from_Table2(I)s1,Table2(I)s1
UNFCCC CRF 2023,2023-04-15,2004,2.C.3,Aluminium production,0.0,0.0,0.0,0.0,0.0,0.0,0.0,recalculated_AR4_from_Table2(I)s1,Table2(I)s1
UNFCCC CRF 2023,2023-04-15,2004,2.C.4,Magnesium production,0.0,0.0,0.0,0.0,0.0,0.0,0.0,recalculated_AR4_from_Table2(I)s1,Table2(I)s1
UNFCCC CRF 2023,2023-04-15,2004,2.C.5,Lead production,81.648,81.648,0.0,0.0,0.0,0.0,0.0,recalculated_AR4_from_Table2(I)s1,Table2(I)s1
UNFCCC CRF 2023,2023-04-15,2004,2.C.6,Zinc production,108.892,108.892,0.0,0.0,0.0,0.0,0.0,recalculated_AR4_from_Table2(I)s1,Table2(I)s1
UNFCCC CRF 2023,2023-04-15,2004,2.C.7,Other (as specified in table 2(I).A-H),0.0,0.0,0.0,0.0,0.0,0.0,0.0,recalculated_AR4_from_Table2(I)s1,Table2(I)s1
UNFCCC CRF 2023,2023-04-15,2005,2,Total industrial processes,20853.667869088484,20196.228939,0.4858,0.0,643.6403828884838,0.0,7.2524e-05,recalculated_AR4_from_Table2(I)s1,Table2(I)s1
UNFCCC CRF 2023,2023-04-15,2005,2.A,Mineral industry,4458.851239,4458.851239,0.0,0.0,0.0,0.0,0.0,recalculated_AR4_from_Table2(I)s1,Table2(I)s1
UNFCCC CRF 2023,2023-04-15,2005,2.A.1,Cement production,355.198,355.198,0.0,0.0,0.0,0.0,0.0,recalculated_AR4_from_Table2(I)s1,Table2(I)s1
UNFCCC CRF 2023,2023-04-15,2005,2.A.2,Lime production,761.551,761.551,0.0,0.0,0.0,0.0,0.0,recalculated_AR4_from_Table2(I)s1,Table2(I)s1
UNFCCC CRF 2023,2023-04-15,2005,2.A.3,Glass production,11.355,11.355,0.0,0.0,0.0,0.0,0.0,recalculated_AR4_from_Table2(I)s1,Table2(I)s1
UNFCCC CRF 2023,2023-04-15,2005,2.A.4,Other process uses of carbonates,3330.747239,3330.747239,0.0,0.0,0.0,0.0,0.0,recalculated_AR4_from_Table2(I)s1,Table2(I)s1
UNFCCC CRF 2023,2023-04-15,2005,2.B,Chemical industry,54.9487,54.9487,0.0,0.0,0.0,0.0,0.0,recalculated_AR4_from_Table2(I)s1,Table2(I)s1
UNFCCC CRF 2023,2023-04-15,2005,2.B.1,Ammonia production,11.0747,11.0747,0.0,0.0,0.0,0.0,0.0,recalculated_AR4_from_Table2(I)s1,Table2(I)s1
UNFCCC CRF 2023,2023-04-15,2005,2.B.2,Nitric acid production,0.0,0.0,0.0,0.0,0.0,0.0,0.0,recalculated_AR4_from_Table2(I)s1,Table2(I)s1
UNFCCC CRF 2023,2023-04-15,2005,2.B.3,Adipic acid production,0.0,0.0,0.0,0.0,0.0,0.0,0.0,recalculated_AR4_from_Table2(I)s1,Table2(I)s1
UNFCCC CRF 2023,2023-04-15,2005,2.B.4,"Caprolactam, glyoxal and glyoxylic acid production",0.0,0.0,0.0,0.0,0.0,0.0,0.0,recalculated_AR4_from_Table2(I)s1,Table2(I)s1
UNFCCC CRF 2023,2023-04-15,2005,2.B.5,Carbide production,43.874,43.874,0.0,0.0,0.0,0.0,0.0,recalculated_AR4_from_Table2(I)s1,Table2(I)s1
UNFCCC CRF 2023,2023-04-15,2005,2.B.6,Titanium dioxide production,0.0,0.0,0.0,0.0,0.0,0.0,0.0,recalculated_AR4_from_Table2(I)s1,Table2(I)s1
UNFCCC CRF 2023,2023-04-15,2005,2.B.7,Soda ash production,0.0,0.0,0.0,0.0,0.0,0.0,0.0,recalculated_AR4_from_Table2(I)s1,Table2(I)s1
UNFCCC CRF 2023,2023-04-15,2005,2.B.8,Petrochemical and carbon black production,0.0,0.0,0.0,0.0,0.0,0.0,0.0,recalculated_AR4_from_Table2(I)s1,Table2(I)s1
UNFCCC CRF 2023,2023-04-15,2005,2.B.9,Fluorochemical production,0.0,0.0,0.0,0.0,0.0,0.0,0.0,recalculated_AR4_from_Table2(I)s1,Table2(I)s1
UNFCCC CRF 2023,2023-04-15,2005,2.B.10,Other (as specified in table 2(I).A-H),0.0,0.0,0.0,0.0,0.0,0.0,0.0,recalculated_AR4_from_Table2(I)s1,Table2(I)s1
UNFCCC CRF 2023,2023-04-15,2005,2.C,Metal industry,15694.279,15682.134,0.4858,0.0,0.0,0.0,0.0,recalculated_AR4_from_Table2(I)s1,Table2(I)s1
UNFCCC CRF 2023,2023-04-15,2005,2.C.1,Iron and steel production,12786.0265,12775.414,0.4245,0.0,0.0,0.0,0.0,recalculated_AR4_from_Table2(I)s1,Table2(I)s1
UNFCCC CRF 2023,2023-04-15,2005,2.C.2,Ferroalloys production,2734.6564999999996,2733.124,0.0613,0.0,0.0,0.0,0.0,recalculated_AR4_from_Table2(I)s1,Table2(I)s1
UNFCCC CRF 2023,2023-04-15,2005,2.C.3,Aluminium production,0.0,0.0,0.0,0.0,0.0,0.0,0.0,recalculated_AR4_from_Table2(I)s1,Table2(I)s1
UNFCCC CRF 2023,2023-04-15,2005,2.C.4,Magnesium production,0.0,0.0,0.0,0.0,0.0,0.0,0.0,recalculated_AR4_from_Table2(I)s1,Table2(I)s1
UNFCCC CRF 2023,2023-04-15,2005,2.C.5,Lead production,70.432,70.432,0.0,0.0,0.0,0.0,0.0,recalculated_AR4_from_Table2(I)s1,Table2(I)s1
UNFCCC CRF 2023,2023-04-15,2005,2.C.6,Zinc production,103.164,103.164,0.0,0.0,0.0,0.0,0.0,recalculated_AR4_from_Table2(I)s1,Table2(I)s1
UNFCCC CRF 2023,2023-04-15,2005,2.C.7,Other (as specified in table 2(I).A-H),0.0,0.0,0.0,0.0,0.0,0.0,0.0,recalculated_AR4_from_Table2(I)s1,Table2(I)s1
UNFCCC CRF 2023,2023-04-15,2006,2,Total industrial processes,22444.70432178409,21520.208652,0.4681,0.0724,889.5305189840897,0.0,7.4011e-05,recalculated_AR4_from_Table2(I)s1,Table2(I)s1
UNFCCC CRF 2023,2023-04-15,2006,2.A,Mineral industry,5342.588852,5342.588852,0.0,0.0,0.0,0.0,0.0,recalculated_AR4_from_Table2(I)s1,Table2(I)s1
UNFCCC CRF 2023,2023-04-15,2006,2.A.1,Cement production,475.598,475.598,0.0,0.0,0.0,0.0,0.0,recalculated_AR4_from_Table2(I)s1,Table2(I)s1
UNFCCC CRF 2023,2023-04-15,2006,2.A.2,Lime production,757.374,757.374,0.0,0.0,0.0,0.0,0.0,recalculated_AR4_from_Table2(I)s1,Table2(I)s1
UNFCCC CRF 2023,2023-04-15,2006,2.A.3,Glass production,12.605,12.605,0.0,0.0,0.0,0.0,0.0,recalculated_AR4_from_Table2(I)s1,Table2(I)s1
UNFCCC CRF 2023,2023-04-15,2006,2.A.4,Other process uses of carbonates,4097.011852,4097.011852,0.0,0.0,0.0,0.0,0.0,recalculated_AR4_from_Table2(I)s1,Table2(I)s1
UNFCCC CRF 2023,2023-04-15,2006,2.B,Chemical industry,123.47040000000001,101.8952,0.0,0.0724,0.0,0.0,0.0,recalculated_AR4_from_Table2(I)s1,Table2(I)s1
UNFCCC CRF 2023,2023-04-15,2006,2.B.1,Ammonia production,68.4482,68.4482,0.0,0.0,0.0,0.0,0.0,recalculated_AR4_from_Table2(I)s1,Table2(I)s1
UNFCCC CRF 2023,2023-04-15,2006,2.B.2,Nitric acid production,21.575200000000002,0.0,0.0,0.0724,0.0,0.0,0.0,recalculated_AR4_from_Table2(I)s1,Table2(I)s1
UNFCCC CRF 2023,2023-04-15,2006,2.B.3,Adipic acid production,0.0,0.0,0.0,0.0,0.0,0.0,0.0,recalculated_AR4_from_Table2(I)s1,Table2(I)s1
UNFCCC CRF 2023,2023-04-15,2006,2.B.4,"Caprolactam, glyoxal and glyoxylic acid production",0.0,0.0,0.0,0.0,0.0,0.0,0.0,recalculated_AR4_from_Table2(I)s1,Table2(I)s1
UNFCCC CRF 2023,2023-04-15,2006,2.B.5,Carbide production,33.447,33.447,0.0,0.0,0.0,0.0,0.0,recalculated_AR4_from_Table2(I)s1,Table2(I)s1
UNFCCC CRF 2023,2023-04-15,2006,2.B.6,Titanium dioxide production,0.0,0.0,0.0,0.0,0.0,0.0,0.0,recalculated_AR4_from_Table2(I)s1,Table2(I)s1
UNFCCC CRF 2023,2023-04-15,2006,2.B.7,Soda ash production,0.0,0.0,0.0,0.0,0.0,0.0,0.0,recalculated_AR4_from_Table2(I)s1,Table2(I)s1
UNFCCC CRF 2023,2023-04-15,2006,2.B.8,Petrochemical and carbon black production,0.0,0.0,0.0,0.0,0.0,0.0,0.0,recalculated_AR4_from_Table2(I)s1,Table2(I)s1
UNFCCC CRF 2023,2023-04-15,2006,2.B.9,Fluorochemical production,0.0,0.0,0.0,0.0,0.0,0.0,0.0,recalculated_AR4_from_Table2(I)s1,Table2(I)s1
UNFCCC CRF 2023,2023-04-15,2006,2.B.10,Other (as specified in table 2(I).A-H),0.0,0.0,0.0,0.0,0.0,0.0,0.0,recalculated_AR4_from_Table2(I)s1,Table2(I)s1
UNFCCC CRF 2023,2023-04-15,2006,2.C,Metal industry,16087.1911,16075.4886,0.4681,0.0,0.0,0.0,0.0,recalculated_AR4_from_Table2(I)s1,Table2(I)s1
UNFCCC CRF 2023,2023-04-15,2006,2.C.1,Iron and steel production,12656.8346,12646.3946,0.4176,0.0,0.0,0.0,0.0,recalculated_AR4_from_Table2(I)s1,Table2(I)s1
UNFCCC CRF 2023,2023-04-15,2006,2.C.2,Ferroalloys production,3253.3145,3252.052,0.0505,0.0,0.0,0.0,0.0,recalculated_AR4_from_Table2(I)s1,Table2(I)s1
UNFCCC CRF 2023,2023-04-15,2006,2.C.3,Aluminium production,0.0,0.0,0.0,0.0,0.0,0.0,0.0,recalculated_AR4_from_Table2(I)s1,Table2(I)s1
UNFCCC CRF 2023,2023-04-15,2006,2.C.4,Magnesium production,0.0,0.0,0.0,0.0,0.0,0.0,0.0,recalculated_AR4_from_Table2(I)s1,Table2(I)s1
UNFCCC CRF 2023,2023-04-15,2006,2.C.5,Lead production,60.306,60.306,0.0,0.0,0.0,0.0,0.0,recalculated_AR4_from_Table2(I)s1,Table2(I)s1
UNFCCC CRF 2023,2023-04-15,2006,2.C.6,Zinc production,116.736,116.736,0.0,0.0,0.0,0.0,0.0,recalculated_AR4_from_Table2(I)s1,Table2(I)s1
UNFCCC CRF 2023,2023-04-15,2006,2.C.7,Other (as specified in table 2(I).A-H),0.0,0.0,0.0,0.0,0.0,0.0,0.0,recalculated_AR4_from_Table2(I)s1,Table2(I)s1
UNFCCC CRF 2023,2023-04-15,2007,2,Total industrial processes,23387.307217846042,22276.254011,0.4959,0.4038,946.8384952460441,29.7897,7.4347e-05,recalculated_AR4_from_Table2(I)s1,Table2(I)s1
UNFCCC CRF 2023,2023-04-15,2007,2.A,Mineral industry,4853.595211,4853.595211,0.0,0.0,0.0,0.0,0.0,recalculated_AR4_from_Table2(I)s1,Table2(I)s1
UNFCCC CRF 2023,2023-04-15,2007,2.A.1,Cement production,596.891,596.891,0.0,0.0,0.0,0.0,0.0,recalculated_AR4_from_Table2(I)s1,Table2(I)s1
UNFCCC CRF 2023,2023-04-15,2007,2.A.2,Lime production,784.283,784.283,0.0,0.0,0.0,0.0,0.0,recalculated_AR4_from_Table2(I)s1,Table2(I)s1
UNFCCC CRF 2023,2023-04-15,2007,2.A.3,Glass production,12.194,12.194,0.0,0.0,0.0,0.0,0.0,recalculated_AR4_from_Table2(I)s1,Table2(I)s1
UNFCCC CRF 2023,2023-04-15,2007,2.A.4,Other process uses of carbonates,3460.227211,3460.227211,0.0,0.0,0.0,0.0,0.0,recalculated_AR4_from_Table2(I)s1,Table2(I)s1
UNFCCC CRF 2023,2023-04-15,2007,2.B,Chemical industry,416.4102,296.07779999999997,0.0,0.4038,0.0,0.0,0.0,recalculated_AR4_from_Table2(I)s1,Table2(I)s1
UNFCCC CRF 2023,2023-04-15,2007,2.B.1,Ammonia production,268.1248,268.1248,0.0,0.0,0.0,0.0,0.0,recalculated_AR4_from_Table2(I)s1,Table2(I)s1
UNFCCC CRF 2023,2023-04-15,2007,2.B.2,Nitric acid production,120.33239999999999,0.0,0.0,0.4038,0.0,0.0,0.0,recalculated_AR4_from_Table2(I)s1,Table2(I)s1
UNFCCC CRF 2023,2023-04-15,2007,2.B.3,Adipic acid production,0.0,0.0,0.0,0.0,0.0,0.0,0.0,recalculated_AR4_from_Table2(I)s1,Table2(I)s1
UNFCCC CRF 2023,2023-04-15,2007,2.B.4,"Caprolactam, glyoxal and glyoxylic acid production",0.0,0.0,0.0,0.0,0.0,0.0,0.0,recalculated_AR4_from_Table2(I)s1,Table2(I)s1
UNFCCC CRF 2023,2023-04-15,2007,2.B.5,Carbide production,27.953,27.953,0.0,0.0,0.0,0.0,0.0,recalculated_AR4_from_Table2(I)s1,Table2(I)s1
UNFCCC CRF 2023,2023-04-15,2007,2.B.6,Titanium dioxide production,0.0,0.0,0.0,0.0,0.0,0.0,0.0,recalculated_AR4_from_Table2(I)s1,Table2(I)s1
UNFCCC CRF 2023,2023-04-15,2007,2.B.7,Soda ash production,0.0,0.0,0.0,0.0,0.0,0.0,0.0,recalculated_AR4_from_Table2(I)s1,Table2(I)s1
UNFCCC CRF 2023,2023-04-15,2007,2.B.8,Petrochemical and carbon black production,0.0,0.0,0.0,0.0,0.0,0.0,0.0,recalculated_AR4_from_Table2(I)s1,Table2(I)s1
UNFCCC CRF 2023,2023-04-15,2007,2.B.9,Fluorochemical production,0.0,0.0,0.0,0.0,0.0,0.0,0.0,recalculated_AR4_from_Table2(I)s1,Table2(I)s1
UNFCCC CRF 2023,2023-04-15,2007,2.B.10,Other (as specified in table 2(I).A-H),0.0,0.0,0.0,0.0,0.0,0.0,0.0,recalculated_AR4_from_Table2(I)s1,Table2(I)s1
UNFCCC CRF 2023,2023-04-15,2007,2.C,Metal industry,17168.4842,17126.297,0.4959,0.0,0.0,29.7897,0.0,recalculated_AR4_from_Table2(I)s1,Table2(I)s1
UNFCCC CRF 2023,2023-04-15,2007,2.C.1,Iron and steel production,13583.442,13571.927,0.4606,0.0,0.0,0.0,0.0,recalculated_AR4_from_Table2(I)s1,Table2(I)s1
UNFCCC CRF 2023,2023-04-15,2007,2.C.2,Ferroalloys production,3238.8325,3237.95,0.0353,0.0,0.0,0.0,0.0,recalculated_AR4_from_Table2(I)s1,Table2(I)s1
UNFCCC CRF 2023,2023-04-15,2007,2.C.3,Aluminium production,47.2907,17.501,0.0,0.0,0.0,29.7897,0.0,recalculated_AR4_from_Table2(I)s1,Table2(I)s1
UNFCCC CRF 2023,2023-04-15,2007,2.C.4,Magnesium production,0.0,0.0,0.0,0.0,0.0,0.0,0.0,recalculated_AR4_from_Table2(I)s1,Table2(I)s1
UNFCCC CRF 2023,2023-04-15,2007,2.C.5,Lead production,61.173,61.173,0.0,0.0,0.0,0.0,0.0,recalculated_AR4_from_Table2(I)s1,Table2(I)s1
UNFCCC CRF 2023,2023-04-15,2007,2.C.6,Zinc production,237.746,237.746,0.0,0.0,0.0,0.0,0.0,recalculated_AR4_from_Table2(I)s1,Table2(I)s1
UNFCCC CRF 2023,2023-04-15,2007,2.C.7,Other (as specified in table 2(I).A-H),0.0,0.0,0.0,0.0,0.0,0.0,0.0,recalculated_AR4_from_Table2(I)s1,Table2(I)s1
UNFCCC CRF 2023,2023-04-15,2008,2,Total industrial processes,21813.78275233552,20216.49436,0.3917,0.39497,1019.573977135523,448.50552,7.5234e-05,recalculated_AR4_from_Table2(I)s1,Table2(I)s1
UNFCCC CRF 2023,2023-04-15,2008,2.A,Mineral industry,5406.29846,5406.29846,0.0,0.0,0.0,0.0,0.0,recalculated_AR4_from_Table2(I)s1,Table2(I)s1
UNFCCC CRF 2023,2023-04-15,2008,2.A.1,Cement production,984.189,984.189,0.0,0.0,0.0,0.0,0.0,recalculated_AR4_from_Table2(I)s1,Table2(I)s1
UNFCCC CRF 2023,2023-04-15,2008,2.A.2,Lime production,694.385,694.385,0.0,0.0,0.0,0.0,0.0,recalculated_AR4_from_Table2(I)s1,Table2(I)s1
UNFCCC CRF 2023,2023-04-15,2008,2.A.3,Glass production,9.565,9.565,0.0,0.0,0.0,0.0,0.0,recalculated_AR4_from_Table2(I)s1,Table2(I)s1
UNFCCC CRF 2023,2023-04-15,2008,2.A.4,Other process uses of carbonates,3718.1594599999994,3718.1594599999994,0.0,0.0,0.0,0.0,0.0,recalculated_AR4_from_Table2(I)s1,Table2(I)s1
UNFCCC CRF 2023,2023-04-15,2008,2.B,Chemical industry,423.36096,305.6599,0.0,0.39497,0.0,0.0,0.0,recalculated_AR4_from_Table2(I)s1,Table2(I)s1
UNFCCC CRF 2023,2023-04-15,2008,2.B.1,Ammonia production,275.3139,275.3139,0.0,0.0,0.0,0.0,0.0,recalculated_AR4_from_Table2(I)s1,Table2(I)s1
UNFCCC CRF 2023,2023-04-15,2008,2.B.2,Nitric acid production,117.70106,0.0,0.0,0.39497,0.0,0.0,0.0,recalculated_AR4_from_Table2(I)s1,Table2(I)s1
UNFCCC CRF 2023,2023-04-15,2008,2.B.3,Adipic acid production,0.0,0.0,0.0,0.0,0.0,0.0,0.0,recalculated_AR4_from_Table2(I)s1,Table2(I)s1
UNFCCC CRF 2023,2023-04-15,2008,2.B.4,"Caprolactam, glyoxal and glyoxylic acid production",0.0,0.0,0.0,0.0,0.0,0.0,0.0,recalculated_AR4_from_Table2(I)s1,Table2(I)s1
UNFCCC CRF 2023,2023-04-15,2008,2.B.5,Carbide production,30.346,30.346,0.0,0.0,0.0,0.0,0.0,recalculated_AR4_from_Table2(I)s1,Table2(I)s1
UNFCCC CRF 2023,2023-04-15,2008,2.B.6,Titanium dioxide production,0.0,0.0,0.0,0.0,0.0,0.0,0.0,recalculated_AR4_from_Table2(I)s1,Table2(I)s1
UNFCCC CRF 2023,2023-04-15,2008,2.B.7,Soda ash production,0.0,0.0,0.0,0.0,0.0,0.0,0.0,recalculated_AR4_from_Table2(I)s1,Table2(I)s1
UNFCCC CRF 2023,2023-04-15,2008,2.B.8,Petrochemical and carbon black production,0.0,0.0,0.0,0.0,0.0,0.0,0.0,recalculated_AR4_from_Table2(I)s1,Table2(I)s1
UNFCCC CRF 2023,2023-04-15,2008,2.B.9,Fluorochemical production,0.0,0.0,0.0,0.0,0.0,0.0,0.0,recalculated_AR4_from_Table2(I)s1,Table2(I)s1
UNFCCC CRF 2023,2023-04-15,2008,2.B.10,Other (as specified in table 2(I).A-H),0.0,0.0,0.0,0.0,0.0,0.0,0.0,recalculated_AR4_from_Table2(I)s1,Table2(I)s1
UNFCCC CRF 2023,2023-04-15,2008,2.C,Metal industry,14962.64202,14504.344,0.3917,0.0,0.0,448.50552,0.0,recalculated_AR4_from_Table2(I)s1,Table2(I)s1
UNFCCC CRF 2023,2023-04-15,2008,2.C.1,Iron and steel production,11172.3375,11163.355,0.3593,0.0,0.0,0.0,0.0,recalculated_AR4_from_Table2(I)s1,Table2(I)s1
UNFCCC CRF 2023,2023-04-15,2008,2.C.2,Ferroalloys production,2859.848,2859.038,0.0324,0.0,0.0,0.0,0.0,recalculated_AR4_from_Table2(I)s1,Table2(I)s1
UNFCCC CRF 2023,2023-04-15,2008,2.C.3,Aluminium production,606.75952,158.254,0.0,0.0,0.0,448.50552,0.0,recalculated_AR4_from_Table2(I)s1,Table2(I)s1
UNFCCC CRF 2023,2023-04-15,2008,2.C.4,Magnesium production,0.0,0.0,0.0,0.0,0.0,0.0,0.0,recalculated_AR4_from_Table2(I)s1,Table2(I)s1
UNFCCC CRF 2023,2023-04-15,2008,2.C.5,Lead production,54.998,54.998,0.0,0.0,0.0,0.0,0.0,recalculated_AR4_from_Table2(I)s1,Table2(I)s1
UNFCCC CRF 2023,2023-04-15,2008,2.C.6,Zinc production,268.699,268.699,0.0,0.0,0.0,0.0,0.0,recalculated_AR4_from_Table2(I)s1,Table2(I)s1
UNFCCC CRF 2023,2023-04-15,2008,2.C.7,Other (as specified in table 2(I).A-H),0.0,0.0,0.0,0.0,0.0,0.0,0.0,recalculated_AR4_from_Table2(I)s1,Table2(I)s1
UNFCCC CRF 2023,2023-04-15,2009,2,Total industrial processes,21299.45065541538,19783.686788,0.4235,0.2898,1068.8977082153804,348.18343,7.6089e-05,recalculated_AR4_from_Table2(I)s1,Table2(I)s1
UNFCCC CRF 2023,2023-04-15,2009,2.A,Mineral industry,4506.296588,4506.296588,0.0,0.0,0.0,0.0,0.0,recalculated_AR4_from_Table2(I)s1,Table2(I)s1
UNFCCC CRF 2023,2023-04-15,2009,2.A.1,Cement production,932.672,932.672,0.0,0.0,0.0,0.0,0.0,recalculated_AR4_from_Table2(I)s1,Table2(I)s1
UNFCCC CRF 2023,2023-04-15,2009,2.A.2,Lime production,611.82,611.82,0.0,0.0,0.0,0.0,0.0,recalculated_AR4_from_Table2(I)s1,Table2(I)s1
UNFCCC CRF 2023,2023-04-15,2009,2.A.3,Glass production,7.045,7.045,0.0,0.0,0.0,0.0,0.0,recalculated_AR4_from_Table2(I)s1,Table2(I)s1
UNFCCC CRF 2023,2023-04-15,2009,2.A.4,Other process uses of carbonates,2954.759588,2954.759588,0.0,0.0,0.0,0.0,0.0,recalculated_AR4_from_Table2(I)s1,Table2(I)s1
UNFCCC CRF 2023,2023-04-15,2009,2.B,Chemical industry,315.2866,228.9262,0.0,0.2898,0.0,0.0,0.0,recalculated_AR4_from_Table2(I)s1,Table2(I)s1
UNFCCC CRF 2023,2023-04-15,2009,2.B.1,Ammonia production,195.4142,195.4142,0.0,0.0,0.0,0.0,0.0,recalculated_AR4_from_Table2(I)s1,Table2(I)s1
UNFCCC CRF 2023,2023-04-15,2009,2.B.2,Nitric acid production,86.3604,0.0,0.0,0.2898,0.0,0.0,0.0,recalculated_AR4_from_Table2(I)s1,Table2(I)s1
UNFCCC CRF 2023,2023-04-15,2009,2.B.3,Adipic acid production,0.0,0.0,0.0,0.0,0.0,0.0,0.0,recalculated_AR4_from_Table2(I)s1,Table2(I)s1
UNFCCC CRF 2023,2023-04-15,2009,2.B.4,"Caprolactam, glyoxal and glyoxylic acid production",0.0,0.0,0.0,0.0,0.0,0.0,0.0,recalculated_AR4_from_Table2(I)s1,Table2(I)s1
UNFCCC CRF 2023,2023-04-15,2009,2.B.5,Carbide production,33.512,33.512,0.0,0.0,0.0,0.0,0.0,recalculated_AR4_from_Table2(I)s1,Table2(I)s1
UNFCCC CRF 2023,2023-04-15,2009,2.B.6,Titanium dioxide production,0.0,0.0,0.0,0.0,0.0,0.0,0.0,recalculated_AR4_from_Table2(I)s1,Table2(I)s1
UNFCCC CRF 2023,2023-04-15,2009,2.B.7,Soda ash production,0.0,0.0,0.0,0.0,0.0,0.0,0.0,recalculated_AR4_from_Table2(I)s1,Table2(I)s1
UNFCCC CRF 2023,2023-04-15,2009,2.B.8,Petrochemical and carbon black production,0.0,0.0,0.0,0.0,0.0,0.0,0.0,recalculated_AR4_from_Table2(I)s1,Table2(I)s1
UNFCCC CRF 2023,2023-04-15,2009,2.B.9,Fluorochemical production,0.0,0.0,0.0,0.0,0.0,0.0,0.0,recalculated_AR4_from_Table2(I)s1,Table2(I)s1
UNFCCC CRF 2023,2023-04-15,2009,2.B.10,Other (as specified in table 2(I).A-H),0.0,0.0,0.0,0.0,0.0,0.0,0.0,recalculated_AR4_from_Table2(I)s1,Table2(I)s1
UNFCCC CRF 2023,2023-04-15,2009,2.C,Metal industry,15289.484929999999,14930.714,0.4235,0.0,0.0,348.18343,0.0,recalculated_AR4_from_Table2(I)s1,Table2(I)s1
UNFCCC CRF 2023,2023-04-15,2009,2.C.1,Iron and steel production,12059.587,12049.527,0.4024,0.0,0.0,0.0,0.0,recalculated_AR4_from_Table2(I)s1,Table2(I)s1
UNFCCC CRF 2023,2023-04-15,2009,2.C.2,Ferroalloys production,2474.3875000000003,2473.86,0.0211,0.0,0.0,0.0,0.0,recalculated_AR4_from_Table2(I)s1,Table2(I)s1
UNFCCC CRF 2023,2023-04-15,2009,2.C.3,Aluminium production,537.58543,189.402,0.0,0.0,0.0,348.18343,0.0,recalculated_AR4_from_Table2(I)s1,Table2(I)s1
UNFCCC CRF 2023,2023-04-15,2009,2.C.4,Magnesium production,0.0,0.0,0.0,0.0,0.0,0.0,0.0,recalculated_AR4_from_Table2(I)s1,Table2(I)s1
UNFCCC CRF 2023,2023-04-15,2009,2.C.5,Lead production,42.117,42.117,0.0,0.0,0.0,0.0,0.0,recalculated_AR4_from_Table2(I)s1,Table2(I)s1
UNFCCC CRF 2023,2023-04-15,2009,2.C.6,Zinc production,175.808,175.808,0.0,0.0,0.0,0.0,0.0,recalculated_AR4_from_Table2(I)s1,Table2(I)s1
UNFCCC CRF 2023,2023-04-15,2009,2.C.7,Other (as specified in table 2(I).A-H),0.0,0.0,0.0,0.0,0.0,0.0,0.0,recalculated_AR4_from_Table2(I)s1,Table2(I)s1
UNFCCC CRF 2023,2023-04-15,2010,2,Total industrial processes,20182.937911989484,18381.89753,0.37199,0.31714,1072.9936927894878,622.50439,7.6089e-05,recalculated_AR4_from_Table2(I)s1,Table2(I)s1
UNFCCC CRF 2023,2023-04-15,2010,2.A,Mineral industry,4135.18733,4135.18733,0.0,0.0,0.0,0.0,0.0,recalculated_AR4_from_Table2(I)s1,Table2(I)s1
UNFCCC CRF 2023,2023-04-15,2010,2.A.1,Cement production,1025.235,1025.235,0.0,0.0,0.0,0.0,0.0,recalculated_AR4_from_Table2(I)s1,Table2(I)s1
UNFCCC CRF 2023,2023-04-15,2010,2.A.2,Lime production,679.579,679.579,0.0,0.0,0.0,0.0,0.0,recalculated_AR4_from_Table2(I)s1,Table2(I)s1
UNFCCC CRF 2023,2023-04-15,2010,2.A.3,Glass production,7.591,7.591,0.0,0.0,0.0,0.0,0.0,recalculated_AR4_from_Table2(I)s1,Table2(I)s1
UNFCCC CRF 2023,2023-04-15,2010,2.A.4,Other process uses of carbonates,2422.78233,2422.78233,0.0,0.0,0.0,0.0,0.0,recalculated_AR4_from_Table2(I)s1,Table2(I)s1
UNFCCC CRF 2023,2023-04-15,2010,2.B,Chemical industry,358.83892000000003,264.3312,0.0,0.31714,0.0,0.0,0.0,recalculated_AR4_from_Table2(I)s1,Table2(I)s1
UNFCCC CRF 2023,2023-04-15,2010,2.B.1,Ammonia production,232.5062,232.5062,0.0,0.0,0.0,0.0,0.0,recalculated_AR4_from_Table2(I)s1,Table2(I)s1
UNFCCC CRF 2023,2023-04-15,2010,2.B.2,Nitric acid production,94.50771999999999,0.0,0.0,0.31714,0.0,0.0,0.0,recalculated_AR4_from_Table2(I)s1,Table2(I)s1
UNFCCC CRF 2023,2023-04-15,2010,2.B.3,Adipic acid production,0.0,0.0,0.0,0.0,0.0,0.0,0.0,recalculated_AR4_from_Table2(I)s1,Table2(I)s1
UNFCCC CRF 2023,2023-04-15,2010,2.B.4,"Caprolactam, glyoxal and glyoxylic acid production",0.0,0.0,0.0,0.0,0.0,0.0,0.0,recalculated_AR4_from_Table2(I)s1,Table2(I)s1
UNFCCC CRF 2023,2023-04-15,2010,2.B.5,Carbide production,31.825,31.825,0.0,0.0,0.0,0.0,0.0,recalculated_AR4_from_Table2(I)s1,Table2(I)s1
UNFCCC CRF 2023,2023-04-15,2010,2.B.6,Titanium dioxide production,0.0,0.0,0.0,0.0,0.0,0.0,0.0,recalculated_AR4_from_Table2(I)s1,Table2(I)s1
UNFCCC CRF 2023,2023-04-15,2010,2.B.7,Soda ash production,0.0,0.0,0.0,0.0,0.0,0.0,0.0,recalculated_AR4_from_Table2(I)s1,Table2(I)s1
UNFCCC CRF 2023,2023-04-15,2010,2.B.8,Petrochemical and carbon black production,0.0,0.0,0.0,0.0,0.0,0.0,0.0,recalculated_AR4_from_Table2(I)s1,Table2(I)s1
UNFCCC CRF 2023,2023-04-15,2010,2.B.9,Fluorochemical production,0.0,0.0,0.0,0.0,0.0,0.0,0.0,recalculated_AR4_from_Table2(I)s1,Table2(I)s1
UNFCCC CRF 2023,2023-04-15,2010,2.B.10,Other (as specified in table 2(I).A-H),0.0,0.0,0.0,0.0,0.0,0.0,0.0,recalculated_AR4_from_Table2(I)s1,Table2(I)s1
UNFCCC CRF 2023,2023-04-15,2010,2.C,Metal industry,14497.69614,13865.892,0.37199,0.0,0.0,622.50439,0.0,recalculated_AR4_from_Table2(I)s1,Table2(I)s1
UNFCCC CRF 2023,2023-04-15,2010,2.C.1,Iron and steel production,10373.79175,10364.592,0.36799,0.0,0.0,0.0,0.0,recalculated_AR4_from_Table2(I)s1,Table2(I)s1
UNFCCC CRF 2023,2023-04-15,2010,2.C.2,Ferroalloys production,2823.4939999999997,2823.394,0.004,0.0,0.0,0.0,0.0,recalculated_AR4_from_Table2(I)s1,Table2(I)s1
UNFCCC CRF 2023,2023-04-15,2010,2.C.3,Aluminium production,961.12939,338.625,0.0,0.0,0.0,622.50439,0.0,recalculated_AR4_from_Table2(I)s1,Table2(I)s1
UNFCCC CRF 2023,2023-04-15,2010,2.C.4,Magnesium production,0.0,0.0,0.0,0.0,0.0,0.0,0.0,recalculated_AR4_from_Table2(I)s1,Table2(I)s1
UNFCCC CRF 2023,2023-04-15,2010,2.C.5,Lead production,53.768,53.768,0.0,0.0,0.0,0.0,0.0,recalculated_AR4_from_Table2(I)s1,Table2(I)s1
UNFCCC CRF 2023,2023-04-15,2010,2.C.6,Zinc production,285.513,285.513,0.0,0.0,0.0,0.0,0.0,recalculated_AR4_from_Table2(I)s1,Table2(I)s1
UNFCCC CRF 2023,2023-04-15,2010,2.C.7,Other (as specified in table 2(I).A-H),0.0,0.0,0.0,0.0,0.0,0.0,0.0,recalculated_AR4_from_Table2(I)s1,Table2(I)s1
UNFCCC CRF 2023,2023-04-15,2011,2,Total industrial processes,21131.871145785153,19316.297643,0.41202,0.4329,1144.648974385153,529.87043,7.6728e-05,recalculated_AR4_from_Table2(I)s1,Table2(I)s1
UNFCCC CRF 2023,2023-04-15,2011,2.A,Mineral industry,4345.026143,4345.026143,0.0,0.0,0.0,0.0,0.0,recalculated_AR4_from_Table2(I)s1,Table2(I)s1
UNFCCC CRF 2023,2023-04-15,2011,2.A.1,Cement production,1066.332,1066.332,0.0,0.0,0.0,0.0,0.0,recalculated_AR4_from_Table2(I)s1,Table2(I)s1
UNFCCC CRF 2023,2023-04-15,2011,2.A.2,Lime production,735.687,735.687,0.0,0.0,0.0,0.0,0.0,recalculated_AR4_from_Table2(I)s1,Table2(I)s1
UNFCCC CRF 2023,2023-04-15,2011,2.A.3,Glass production,11.178,11.178,0.0,0.0,0.0,0.0,0.0,recalculated_AR4_from_Table2(I)s1,Table2(I)s1
UNFCCC CRF 2023,2023-04-15,2011,2.A.4,Other process uses of carbonates,2531.829143,2531.829143,0.0,0.0,0.0,0.0,0.0,recalculated_AR4_from_Table2(I)s1,Table2(I)s1
UNFCCC CRF 2023,2023-04-15,2011,2.B,Chemical industry,442.8057,313.8015,0.0,0.4329,0.0,0.0,0.0,recalculated_AR4_from_Table2(I)s1,Table2(I)s1
UNFCCC CRF 2023,2023-04-15,2011,2.B.1,Ammonia production,282.3855,282.3855,0.0,0.0,0.0,0.0,0.0,recalculated_AR4_from_Table2(I)s1,Table2(I)s1
UNFCCC CRF 2023,2023-04-15,2011,2.B.2,Nitric acid production,129.0042,0.0,0.0,0.4329,0.0,0.0,0.0,recalculated_AR4_from_Table2(I)s1,Table2(I)s1
UNFCCC CRF 2023,2023-04-15,2011,2.B.3,Adipic acid production,0.0,0.0,0.0,0.0,0.0,0.0,0.0,recalculated_AR4_from_Table2(I)s1,Table2(I)s1
UNFCCC CRF 2023,2023-04-15,2011,2.B.4,"Caprolactam, glyoxal and glyoxylic acid production",0.0,0.0,0.0,0.0,0.0,0.0,0.0,recalculated_AR4_from_Table2(I)s1,Table2(I)s1
UNFCCC CRF 2023,2023-04-15,2011,2.B.5,Carbide production,31.416,31.416,0.0,0.0,0.0,0.0,0.0,recalculated_AR4_from_Table2(I)s1,Table2(I)s1
UNFCCC CRF 2023,2023-04-15,2011,2.B.6,Titanium dioxide production,0.0,0.0,0.0,0.0,0.0,0.0,0.0,recalculated_AR4_from_Table2(I)s1,Table2(I)s1
UNFCCC CRF 2023,2023-04-15,2011,2.B.7,Soda ash production,0.0,0.0,0.0,0.0,0.0,0.0,0.0,recalculated_AR4_from_Table2(I)s1,Table2(I)s1
UNFCCC CRF 2023,2023-04-15,2011,2.B.8,Petrochemical and carbon black production,0.0,0.0,0.0,0.0,0.0,0.0,0.0,recalculated_AR4_from_Table2(I)s1,Table2(I)s1
UNFCCC CRF 2023,2023-04-15,2011,2.B.9,Fluorochemical production,0.0,0.0,0.0,0.0,0.0,0.0,0.0,recalculated_AR4_from_Table2(I)s1,Table2(I)s1
UNFCCC CRF 2023,2023-04-15,2011,2.B.10,Other (as specified in table 2(I).A-H),0.0,0.0,0.0,0.0,0.0,0.0,0.0,recalculated_AR4_from_Table2(I)s1,Table2(I)s1
UNFCCC CRF 2023,2023-04-15,2011,2.C,Metal industry,15064.64993,14524.479,0.41202,0.0,0.0,529.87043,0.0,recalculated_AR4_from_Table2(I)s1,Table2(I)s1
UNFCCC CRF 2023,2023-04-15,2011,2.C.1,Iron and steel production,11107.293,11097.045,0.40992,0.0,0.0,0.0,0.0,recalculated_AR4_from_Table2(I)s1,Table2(I)s1
UNFCCC CRF 2023,2023-04-15,2011,2.C.2,Ferroalloys production,2696.7814999999996,2696.729,0.0021,0.0,0.0,0.0,0.0,recalculated_AR4_from_Table2(I)s1,Table2(I)s1
UNFCCC CRF 2023,2023-04-15,2011,2.C.3,Aluminium production,900.4594300000001,370.589,0.0,0.0,0.0,529.87043,0.0,recalculated_AR4_from_Table2(I)s1,Table2(I)s1
UNFCCC CRF 2023,2023-04-15,2011,2.C.4,Magnesium production,0.0,0.0,0.0,0.0,0.0,0.0,0.0,recalculated_AR4_from_Table2(I)s1,Table2(I)s1
UNFCCC CRF 2023,2023-04-15,2011,2.C.5,Lead production,60.069,60.069,0.0,0.0,0.0,0.0,0.0,recalculated_AR4_from_Table2(I)s1,Table2(I)s1
UNFCCC CRF 2023,2023-04-15,2011,2.C.6,Zinc production,300.047,300.047,0.0,0.0,0.0,0.0,0.0,recalculated_AR4_from_Table2(I)s1,Table2(I)s1
UNFCCC CRF 2023,2023-04-15,2011,2.C.7,Other (as specified in table 2(I).A-H),0.0,0.0,0.0,0.0,0.0,0.0,0.0,recalculated_AR4_from_Table2(I)s1,Table2(I)s1
UNFCCC CRF 2023,2023-04-15,2012,2,Total industrial processes,21364.767219098652,19468.382122,0.35794,0.3214,1259.5725250986548,530.26025,8.0115e-05,recalculated_AR4_from_Table2(I)s1,Table2(I)s1
UNFCCC CRF 2023,2023-04-15,2012,2.A,Mineral industry,4789.1319220000005,4789.1319220000005,0.0,0.0,0.0,0.0,0.0,recalculated_AR4_from_Table2(I)s1,Table2(I)s1
UNFCCC CRF 2023,2023-04-15,2012,2.A.1,Cement production,2321.314,2321.314,0.0,0.0,0.0,0.0,0.0,recalculated_AR4_from_Table2(I)s1,Table2(I)s1
UNFCCC CRF 2023,2023-04-15,2012,2.A.2,Lime production,696.135,696.135,0.0,0.0,0.0,0.0,0.0,recalculated_AR4_from_Table2(I)s1,Table2(I)s1
UNFCCC CRF 2023,2023-04-15,2012,2.A.3,Glass production,11.272,11.272,0.0,0.0,0.0,0.0,0.0,recalculated_AR4_from_Table2(I)s1,Table2(I)s1
UNFCCC CRF 2023,2023-04-15,2012,2.A.4,Other process uses of carbonates,1760.4109220000003,1760.4109220000003,0.0,0.0,0.0,0.0,0.0,recalculated_AR4_from_Table2(I)s1,Table2(I)s1
UNFCCC CRF 2023,2023-04-15,2012,2.B,Chemical industry,333.4824,237.7052,0.0,0.3214,0.0,0.0,0.0,recalculated_AR4_from_Table2(I)s1,Table2(I)s1
UNFCCC CRF 2023,2023-04-15,2012,2.B.1,Ammonia production,210.4932,210.4932,0.0,0.0,0.0,0.0,0.0,recalculated_AR4_from_Table2(I)s1,Table2(I)s1
UNFCCC CRF 2023,2023-04-15,2012,2.B.2,Nitric acid production,95.77720000000001,0.0,0.0,0.3214,0.0,0.0,0.0,recalculated_AR4_from_Table2(I)s1,Table2(I)s1
UNFCCC CRF 2023,2023-04-15,2012,2.B.3,Adipic acid production,0.0,0.0,0.0,0.0,0.0,0.0,0.0,recalculated_AR4_from_Table2(I)s1,Table2(I)s1
UNFCCC CRF 2023,2023-04-15,2012,2.B.4,"Caprolactam, glyoxal and glyoxylic acid production",0.0,0.0,0.0,0.0,0.0,0.0,0.0,recalculated_AR4_from_Table2(I)s1,Table2(I)s1
UNFCCC CRF 2023,2023-04-15,2012,2.B.5,Carbide production,27.212,27.212,0.0,0.0,0.0,0.0,0.0,recalculated_AR4_from_Table2(I)s1,Table2(I)s1
UNFCCC CRF 2023,2023-04-15,2012,2.B.6,Titanium dioxide production,0.0,0.0,0.0,0.0,0.0,0.0,0.0,recalculated_AR4_from_Table2(I)s1,Table2(I)s1
UNFCCC CRF 2023,2023-04-15,2012,2.B.7,Soda ash production,0.0,0.0,0.0,0.0,0.0,0.0,0.0,recalculated_AR4_from_Table2(I)s1,Table2(I)s1
UNFCCC CRF 2023,2023-04-15,2012,2.B.8,Petrochemical and carbon black production,0.0,0.0,0.0,0.0,0.0,0.0,0.0,recalculated_AR4_from_Table2(I)s1,Table2(I)s1
UNFCCC CRF 2023,2023-04-15,2012,2.B.9,Fluorochemical production,0.0,0.0,0.0,0.0,0.0,0.0,0.0,recalculated_AR4_from_Table2(I)s1,Table2(I)s1
UNFCCC CRF 2023,2023-04-15,2012,2.B.10,Other (as specified in table 2(I).A-H),0.0,0.0,0.0,0.0,0.0,0.0,0.0,recalculated_AR4_from_Table2(I)s1,Table2(I)s1
UNFCCC CRF 2023,2023-04-15,2012,2.C,Metal industry,14814.88575,14275.677,0.35794,0.0,0.0,530.26025,0.0,recalculated_AR4_from_Table2(I)s1,Table2(I)s1
UNFCCC CRF 2023,2023-04-15,2012,2.C.1,Iron and steel production,10397.868,10388.957,0.35644,0.0,0.0,0.0,0.0,recalculated_AR4_from_Table2(I)s1,Table2(I)s1
UNFCCC CRF 2023,2023-04-15,2012,2.C.2,Ferroalloys production,3081.9535,3081.916,0.0015,0.0,0.0,0.0,0.0,recalculated_AR4_from_Table2(I)s1,Table2(I)s1
UNFCCC CRF 2023,2023-04-15,2012,2.C.3,Aluminium production,901.12025,370.86,0.0,0.0,0.0,530.26025,0.0,recalculated_AR4_from_Table2(I)s1,Table2(I)s1
UNFCCC CRF 2023,2023-04-15,2012,2.C.4,Magnesium production,0.0,0.0,0.0,0.0,0.0,0.0,0.0,recalculated_AR4_from_Table2(I)s1,Table2(I)s1
UNFCCC CRF 2023,2023-04-15,2012,2.C.5,Lead production,45.812,45.812,0.0,0.0,0.0,0.0,0.0,recalculated_AR4_from_Table2(I)s1,Table2(I)s1
UNFCCC CRF 2023,2023-04-15,2012,2.C.6,Zinc production,388.132,388.132,0.0,0.0,0.0,0.0,0.0,recalculated_AR4_from_Table2(I)s1,Table2(I)s1
UNFCCC CRF 2023,2023-04-15,2012,2.C.7,Other (as specified in table 2(I).A-H),0.0,0.0,0.0,0.0,0.0,0.0,0.0,recalculated_AR4_from_Table2(I)s1,Table2(I)s1
UNFCCC CRF 2023,2023-04-15,2013,2,Total industrial processes,23654.62395987938,21977.734927,0.32312,0.343,1328.2196652793807,236.45209,8.4442e-05,recalculated_AR4_from_Table2(I)s1,Table2(I)s1
UNFCCC CRF 2023,2023-04-15,2013,2.A,Mineral industry,7517.013527,7517.013527,0.0,0.0,0.0,0.0,0.0,recalculated_AR4_from_Table2(I)s1,Table2(I)s1
UNFCCC CRF 2023,2023-04-15,2013,2.A.1,Cement production,3030.554,3030.554,0.0,0.0,0.0,0.0,0.0,recalculated_AR4_from_Table2(I)s1,Table2(I)s1
UNFCCC CRF 2023,2023-04-15,2013,2.A.2,Lime production,666.242,666.242,0.0,0.0,0.0,0.0,0.0,recalculated_AR4_from_Table2(I)s1,Table2(I)s1
UNFCCC CRF 2023,2023-04-15,2013,2.A.3,Glass production,10.283,10.283,0.0,0.0,0.0,0.0,0.0,recalculated_AR4_from_Table2(I)s1,Table2(I)s1
UNFCCC CRF 2023,2023-04-15,2013,2.A.4,Other process uses of carbonates,3809.934527,3809.934527,0.0,0.0,0.0,0.0,0.0,recalculated_AR4_from_Table2(I)s1,Table2(I)s1
UNFCCC CRF 2023,2023-04-15,2013,2.B,Chemical industry,361.49739999999997,259.2834,0.0,0.343,0.0,0.0,0.0,recalculated_AR4_from_Table2(I)s1,Table2(I)s1
UNFCCC CRF 2023,2023-04-15,2013,2.B.1,Ammonia production,240.6384,240.6384,0.0,0.0,0.0,0.0,0.0,recalculated_AR4_from_Table2(I)s1,Table2(I)s1
UNFCCC CRF 2023,2023-04-15,2013,2.B.2,Nitric acid production,102.21400000000001,0.0,0.0,0.343,0.0,0.0,0.0,recalculated_AR4_from_Table2(I)s1,Table2(I)s1
UNFCCC CRF 2023,2023-04-15,2013,2.B.3,Adipic acid production,0.0,0.0,0.0,0.0,0.0,0.0,0.0,recalculated_AR4_from_Table2(I)s1,Table2(I)s1
UNFCCC CRF 2023,2023-04-15,2013,2.B.4,"Caprolactam, glyoxal and glyoxylic acid production",0.0,0.0,0.0,0.0,0.0,0.0,0.0,recalculated_AR4_from_Table2(I)s1,Table2(I)s1
UNFCCC CRF 2023,2023-04-15,2013,2.B.5,Carbide production,18.645,18.645,0.0,0.0,0.0,0.0,0.0,recalculated_AR4_from_Table2(I)s1,Table2(I)s1
UNFCCC CRF 2023,2023-04-15,2013,2.B.6,Titanium dioxide production,0.0,0.0,0.0,0.0,0.0,0.0,0.0,recalculated_AR4_from_Table2(I)s1,Table2(I)s1
UNFCCC CRF 2023,2023-04-15,2013,2.B.7,Soda ash production,0.0,0.0,0.0,0.0,0.0,0.0,0.0,recalculated_AR4_from_Table2(I)s1,Table2(I)s1
UNFCCC CRF 2023,2023-04-15,2013,2.B.8,Petrochemical and carbon black production,0.0,0.0,0.0,0.0,0.0,0.0,0.0,recalculated_AR4_from_Table2(I)s1,Table2(I)s1
UNFCCC CRF 2023,2023-04-15,2013,2.B.9,Fluorochemical production,0.0,0.0,0.0,0.0,0.0,0.0,0.0,recalculated_AR4_from_Table2(I)s1,Table2(I)s1
UNFCCC CRF 2023,2023-04-15,2013,2.B.10,Other (as specified in table 2(I).A-H),0.0,0.0,0.0,0.0,0.0,0.0,0.0,recalculated_AR4_from_Table2(I)s1,Table2(I)s1
UNFCCC CRF 2023,2023-04-15,2013,2.C,Metal industry,14305.88509,14061.355,0.32312,0.0,0.0,236.45209,0.0,recalculated_AR4_from_Table2(I)s1,Table2(I)s1
UNFCCC CRF 2023,2023-04-15,2013,2.C.1,Iron and steel production,10236.815,10228.772,0.32172,0.0,0.0,0.0,0.0,recalculated_AR4_from_Table2(I)s1,Table2(I)s1
UNFCCC CRF 2023,2023-04-15,2013,2.C.2,Ferroalloys production,3101.718,3101.683,0.0014,0.0,0.0,0.0,0.0,recalculated_AR4_from_Table2(I)s1,Table2(I)s1
UNFCCC CRF 2023,2023-04-15,2013,2.C.3,Aluminium production,609.88009,373.428,0.0,0.0,0.0,236.45209,0.0,recalculated_AR4_from_Table2(I)s1,Table2(I)s1
UNFCCC CRF 2023,2023-04-15,2013,2.C.4,Magnesium production,0.0,0.0,0.0,0.0,0.0,0.0,0.0,recalculated_AR4_from_Table2(I)s1,Table2(I)s1
UNFCCC CRF 2023,2023-04-15,2013,2.C.5,Lead production,47.357,47.357,0.0,0.0,0.0,0.0,0.0,recalculated_AR4_from_Table2(I)s1,Table2(I)s1
UNFCCC CRF 2023,2023-04-15,2013,2.C.6,Zinc production,310.115,310.115,0.0,0.0,0.0,0.0,0.0,recalculated_AR4_from_Table2(I)s1,Table2(I)s1
UNFCCC CRF 2023,2023-04-15,2013,2.C.7,Other (as specified in table 2(I).A-H),0.0,0.0,0.0,0.0,0.0,0.0,0.0,recalculated_AR4_from_Table2(I)s1,Table2(I)s1
UNFCCC CRF 2023,2023-04-15,2014,2,Total industrial processes,24135.948044489156,22142.406557000002,0.39034,0.5441,1619.8685950891506,199.76373,8.8108e-05,recalculated_AR4_from_Table2(I)s1,Table2(I)s1
UNFCCC CRF 2023,2023-04-15,2014,2.A,Mineral industry,6926.702057,6926.702057,0.0,0.0,0.0,0.0,0.0,recalculated_AR4_from_Table2(I)s1,Table2(I)s1
UNFCCC CRF 2023,2023-04-15,2014,2.A.1,Cement production,3237.937,3237.937,0.0,0.0,0.0,0.0,0.0,recalculated_AR4_from_Table2(I)s1,Table2(I)s1
UNFCCC CRF 2023,2023-04-15,2014,2.A.2,Lime production,707.725,707.725,0.0,0.0,0.0,0.0,0.0,recalculated_AR4_from_Table2(I)s1,Table2(I)s1
UNFCCC CRF 2023,2023-04-15,2014,2.A.3,Glass production,9.617,9.617,0.0,0.0,0.0,0.0,0.0,recalculated_AR4_from_Table2(I)s1,Table2(I)s1
UNFCCC CRF 2023,2023-04-15,2014,2.A.4,Other process uses of carbonates,2971.4230570000004,2971.4230570000004,0.0,0.0,0.0,0.0,0.0,recalculated_AR4_from_Table2(I)s1,Table2(I)s1
UNFCCC CRF 2023,2023-04-15,2014,2.B,Chemical industry,510.25829999999996,348.1165,0.0,0.5441,0.0,0.0,0.0,recalculated_AR4_from_Table2(I)s1,Table2(I)s1
UNFCCC CRF 2023,2023-04-15,2014,2.B.1,Ammonia production,323.7895,323.7895,0.0,0.0,0.0,0.0,0.0,recalculated_AR4_from_Table2(I)s1,Table2(I)s1
UNFCCC CRF 2023,2023-04-15,2014,2.B.2,Nitric acid production,162.14180000000002,0.0,0.0,0.5441,0.0,0.0,0.0,recalculated_AR4_from_Table2(I)s1,Table2(I)s1
UNFCCC CRF 2023,2023-04-15,2014,2.B.3,Adipic acid production,0.0,0.0,0.0,0.0,0.0,0.0,0.0,recalculated_AR4_from_Table2(I)s1,Table2(I)s1
UNFCCC CRF 2023,2023-04-15,2014,2.B.4,"Caprolactam, glyoxal and glyoxylic acid production",0.0,0.0,0.0,0.0,0.0,0.0,0.0,recalculated_AR4_from_Table2(I)s1,Table2(I)s1
UNFCCC CRF 2023,2023-04-15,2014,2.B.5,Carbide production,24.327,24.327,0.0,0.0,0.0,0.0,0.0,recalculated_AR4_from_Table2(I)s1,Table2(I)s1
UNFCCC CRF 2023,2023-04-15,2014,2.B.6,Titanium dioxide production,0.0,0.0,0.0,0.0,0.0,0.0,0.0,recalculated_AR4_from_Table2(I)s1,Table2(I)s1
UNFCCC CRF 2023,2023-04-15,2014,2.B.7,Soda ash production,0.0,0.0,0.0,0.0,0.0,0.0,0.0,recalculated_AR4_from_Table2(I)s1,Table2(I)s1
UNFCCC CRF 2023,2023-04-15,2014,2.B.8,Petrochemical and carbon black production,0.0,0.0,0.0,0.0,0.0,0.0,0.0,recalculated_AR4_from_Table2(I)s1,Table2(I)s1
UNFCCC CRF 2023,2023-04-15,2014,2.B.9,Fluorochemical production,0.0,0.0,0.0,0.0,0.0,0.0,0.0,recalculated_AR4_from_Table2(I)s1,Table2(I)s1
UNFCCC CRF 2023,2023-04-15,2014,2.B.10,Other (as specified in table 2(I).A-H),0.0,0.0,0.0,0.0,0.0,0.0,0.0,recalculated_AR4_from_Table2(I)s1,Table2(I)s1
UNFCCC CRF 2023,2023-04-15,2014,2.C,Metal industry,14978.25323,14768.731,0.39034,0.0,0.0,199.76373,0.0,recalculated_AR4_from_Table2(I)s1,Table2(I)s1
UNFCCC CRF 2023,2023-04-15,2014,2.C.1,Iron and steel production,11183.808500000001,11174.075,0.38934,0.0,0.0,0.0,0.0,recalculated_AR4_from_Table2(I)s1,Table2(I)s1
UNFCCC CRF 2023,2023-04-15,2014,2.C.2,Ferroalloys production,2985.472,2985.447,0.001,0.0,0.0,0.0,0.0,recalculated_AR4_from_Table2(I)s1,Table2(I)s1
UNFCCC CRF 2023,2023-04-15,2014,2.C.3,Aluminium production,511.88773000000003,312.124,0.0,0.0,0.0,199.76373,0.0,recalculated_AR4_from_Table2(I)s1,Table2(I)s1
UNFCCC CRF 2023,2023-04-15,2014,2.C.4,Magnesium production,0.0,0.0,0.0,0.0,0.0,0.0,0.0,recalculated_AR4_from_Table2(I)s1,Table2(I)s1
UNFCCC CRF 2023,2023-04-15,2014,2.C.5,Lead production,66.073,66.073,0.0,0.0,0.0,0.0,0.0,recalculated_AR4_from_Table2(I)s1,Table2(I)s1
UNFCCC CRF 2023,2023-04-15,2014,2.C.6,Zinc production,231.012,231.012,0.0,0.0,0.0,0.0,0.0,recalculated_AR4_from_Table2(I)s1,Table2(I)s1
UNFCCC CRF 2023,2023-04-15,2014,2.C.7,Other (as specified in table 2(I).A-H),0.0,0.0,0.0,0.0,0.0,0.0,0.0,recalculated_AR4_from_Table2(I)s1,Table2(I)s1
UNFCCC CRF 2023,2023-04-15,2015,2,Total industrial processes,25774.753876220144,23688.604432,0.38293,0.6019,1698.5359490201456,196.66117,8.8284e-05,recalculated_AR4_from_Table2(I)s1,Table2(I)s1
UNFCCC CRF 2023,2023-04-15,2015,2.A,Mineral industry,8579.290032,8579.290032,0.0,0.0,0.0,0.0,0.0,recalculated_AR4_from_Table2(I)s1,Table2(I)s1
UNFCCC CRF 2023,2023-04-15,2015,2.A.1,Cement production,3456.792,3456.792,0.0,0.0,0.0,0.0,0.0,recalculated_AR4_from_Table2(I)s1,Table2(I)s1
UNFCCC CRF 2023,2023-04-15,2015,2.A.2,Lime production,667.356,667.356,0.0,0.0,0.0,0.0,0.0,recalculated_AR4_from_Table2(I)s1,Table2(I)s1
UNFCCC CRF 2023,2023-04-15,2015,2.A.3,Glass production,7.749,7.749,0.0,0.0,0.0,0.0,0.0,recalculated_AR4_from_Table2(I)s1,Table2(I)s1
UNFCCC CRF 2023,2023-04-15,2015,2.A.4,Other process uses of carbonates,4447.393032000001,4447.393032000001,0.0,0.0,0.0,0.0,0.0,recalculated_AR4_from_Table2(I)s1,Table2(I)s1
UNFCCC CRF 2023,2023-04-15,2015,2.B,Chemical industry,572.5645999999999,393.1984,0.0,0.6019,0.0,0.0,0.0,recalculated_AR4_from_Table2(I)s1,Table2(I)s1
UNFCCC CRF 2023,2023-04-15,2015,2.B.1,Ammonia production,362.7824,362.7824,0.0,0.0,0.0,0.0,0.0,recalculated_AR4_from_Table2(I)s1,Table2(I)s1
UNFCCC CRF 2023,2023-04-15,2015,2.B.2,Nitric acid production,179.3662,0.0,0.0,0.6019,0.0,0.0,0.0,recalculated_AR4_from_Table2(I)s1,Table2(I)s1
UNFCCC CRF 2023,2023-04-15,2015,2.B.3,Adipic acid production,0.0,0.0,0.0,0.0,0.0,0.0,0.0,recalculated_AR4_from_Table2(I)s1,Table2(I)s1
UNFCCC CRF 2023,2023-04-15,2015,2.B.4,"Caprolactam, glyoxal and glyoxylic acid production",0.0,0.0,0.0,0.0,0.0,0.0,0.0,recalculated_AR4_from_Table2(I)s1,Table2(I)s1
UNFCCC CRF 2023,2023-04-15,2015,2.B.5,Carbide production,30.416,30.416,0.0,0.0,0.0,0.0,0.0,recalculated_AR4_from_Table2(I)s1,Table2(I)s1
UNFCCC CRF 2023,2023-04-15,2015,2.B.6,Titanium dioxide production,0.0,0.0,0.0,0.0,0.0,0.0,0.0,recalculated_AR4_from_Table2(I)s1,Table2(I)s1
UNFCCC CRF 2023,2023-04-15,2015,2.B.7,Soda ash production,0.0,0.0,0.0,0.0,0.0,0.0,0.0,recalculated_AR4_from_Table2(I)s1,Table2(I)s1
UNFCCC CRF 2023,2023-04-15,2015,2.B.8,Petrochemical and carbon black production,0.0,0.0,0.0,0.0,0.0,0.0,0.0,recalculated_AR4_from_Table2(I)s1,Table2(I)s1
UNFCCC CRF 2023,2023-04-15,2015,2.B.9,Fluorochemical production,0.0,0.0,0.0,0.0,0.0,0.0,0.0,recalculated_AR4_from_Table2(I)s1,Table2(I)s1
UNFCCC CRF 2023,2023-04-15,2015,2.B.10,Other (as specified in table 2(I).A-H),0.0,0.0,0.0,0.0,0.0,0.0,0.0,recalculated_AR4_from_Table2(I)s1,Table2(I)s1
UNFCCC CRF 2023,2023-04-15,2015,2.C,Metal industry,14771.57742,14565.343,0.38293,0.0,0.0,196.66117,0.0,recalculated_AR4_from_Table2(I)s1,Table2(I)s1
UNFCCC CRF 2023,2023-04-15,2015,2.C.1,Iron and steel production,10740.17575,10731.93,0.32983,0.0,0.0,0.0,0.0,recalculated_AR4_from_Table2(I)s1,Table2(I)s1
UNFCCC CRF 2023,2023-04-15,2015,2.C.2,Ferroalloys production,3167.7385,3166.411,0.0531,0.0,0.0,0.0,0.0,recalculated_AR4_from_Table2(I)s1,Table2(I)s1
UNFCCC CRF 2023,2023-04-15,2015,2.C.3,Aluminium production,548.30117,351.64,0.0,0.0,0.0,196.66117,0.0,recalculated_AR4_from_Table2(I)s1,Table2(I)s1
UNFCCC CRF 2023,2023-04-15,2015,2.C.4,Magnesium production,0.0,0.0,0.0,0.0,0.0,0.0,0.0,recalculated_AR4_from_Table2(I)s1,Table2(I)s1
UNFCCC CRF 2023,2023-04-15,2015,2.C.5,Lead production,62.456,62.456,0.0,0.0,0.0,0.0,0.0,recalculated_AR4_from_Table2(I)s1,Table2(I)s1
UNFCCC CRF 2023,2023-04-15,2015,2.C.6,Zinc production,252.906,252.906,0.0,0.0,0.0,0.0,0.0,recalculated_AR4_from_Table2(I)s1,Table2(I)s1
UNFCCC CRF 2023,2023-04-15,2015,2.C.7,Other (as specified in table 2(I).A-H),0.0,0.0,0.0,0.0,0.0,0.0,0.0,recalculated_AR4_from_Table2(I)s1,Table2(I)s1
UNFCCC CRF 2023,2023-04-15,2016,2,Total industrial processes,24840.586086499654,22682.060488,0.40901,0.6606,1740.314641299654,209.06524,9.0424e-05,recalculated_AR4_from_Table2(I)s1,Table2(I)s1
UNFCCC CRF 2023,2023-04-15,2016,2.A,Mineral industry,7142.045088,7142.045088,0.0,0.0,0.0,0.0,0.0,recalculated_AR4_from_Table2(I)s1,Table2(I)s1
UNFCCC CRF 2023,2023-04-15,2016,2.A.1,Cement production,3524.569,3524.569,0.0,0.0,0.0,0.0,0.0,recalculated_AR4_from_Table2(I)s1,Table2(I)s1
UNFCCC CRF 2023,2023-04-15,2016,2.A.2,Lime production,711.271,711.271,0.0,0.0,0.0,0.0,0.0,recalculated_AR4_from_Table2(I)s1,Table2(I)s1
UNFCCC CRF 2023,2023-04-15,2016,2.A.3,Glass production,13.743,13.743,0.0,0.0,0.0,0.0,0.0,recalculated_AR4_from_Table2(I)s1,Table2(I)s1
UNFCCC CRF 2023,2023-04-15,2016,2.A.4,Other process uses of carbonates,2892.4620879999998,2892.4620879999998,0.0,0.0,0.0,0.0,0.0,recalculated_AR4_from_Table2(I)s1,Table2(I)s1
UNFCCC CRF 2023,2023-04-15,2016,2.B,Chemical industry,602.4432,405.5844,0.0,0.6606,0.0,0.0,0.0,recalculated_AR4_from_Table2(I)s1,Table2(I)s1
UNFCCC CRF 2023,2023-04-15,2016,2.B.1,Ammonia production,376.7054,376.7054,0.0,0.0,0.0,0.0,0.0,recalculated_AR4_from_Table2(I)s1,Table2(I)s1
UNFCCC CRF 2023,2023-04-15,2016,2.B.2,Nitric acid production,196.8588,0.0,0.0,0.6606,0.0,0.0,0.0,recalculated_AR4_from_Table2(I)s1,Table2(I)s1
UNFCCC CRF 2023,2023-04-15,2016,2.B.3,Adipic acid production,0.0,0.0,0.0,0.0,0.0,0.0,0.0,recalculated_AR4_from_Table2(I)s1,Table2(I)s1
UNFCCC CRF 2023,2023-04-15,2016,2.B.4,"Caprolactam, glyoxal and glyoxylic acid production",0.0,0.0,0.0,0.0,0.0,0.0,0.0,recalculated_AR4_from_Table2(I)s1,Table2(I)s1
UNFCCC CRF 2023,2023-04-15,2016,2.B.5,Carbide production,28.879,28.879,0.0,0.0,0.0,0.0,0.0,recalculated_AR4_from_Table2(I)s1,Table2(I)s1
UNFCCC CRF 2023,2023-04-15,2016,2.B.6,Titanium dioxide production,0.0,0.0,0.0,0.0,0.0,0.0,0.0,recalculated_AR4_from_Table2(I)s1,Table2(I)s1
UNFCCC CRF 2023,2023-04-15,2016,2.B.7,Soda ash production,0.0,0.0,0.0,0.0,0.0,0.0,0.0,recalculated_AR4_from_Table2(I)s1,Table2(I)s1
UNFCCC CRF 2023,2023-04-15,2016,2.B.8,Petrochemical and carbon black production,0.0,0.0,0.0,0.0,0.0,0.0,0.0,recalculated_AR4_from_Table2(I)s1,Table2(I)s1
UNFCCC CRF 2023,2023-04-15,2016,2.B.9,Fluorochemical production,0.0,0.0,0.0,0.0,0.0,0.0,0.0,recalculated_AR4_from_Table2(I)s1,Table2(I)s1
UNFCCC CRF 2023,2023-04-15,2016,2.B.10,Other (as specified in table 2(I).A-H),0.0,0.0,0.0,0.0,0.0,0.0,0.0,recalculated_AR4_from_Table2(I)s1,Table2(I)s1
UNFCCC CRF 2023,2023-04-15,2016,2.C,Metal industry,15167.89149,14948.601,0.40901,0.0,0.0,209.06524,0.0,recalculated_AR4_from_Table2(I)s1,Table2(I)s1
UNFCCC CRF 2023,2023-04-15,2016,2.C.1,Iron and steel production,11165.252750000001,11156.03,0.36891,0.0,0.0,0.0,0.0,recalculated_AR4_from_Table2(I)s1,Table2(I)s1
UNFCCC CRF 2023,2023-04-15,2016,2.C.2,Ferroalloys production,3098.1315,3097.129,0.0401,0.0,0.0,0.0,0.0,recalculated_AR4_from_Table2(I)s1,Table2(I)s1
UNFCCC CRF 2023,2023-04-15,2016,2.C.3,Aluminium production,604.91524,395.85,0.0,0.0,0.0,209.06524,0.0,recalculated_AR4_from_Table2(I)s1,Table2(I)s1
UNFCCC CRF 2023,2023-04-15,2016,2.C.4,Magnesium production,0.0,0.0,0.0,0.0,0.0,0.0,0.0,recalculated_AR4_from_Table2(I)s1,Table2(I)s1
UNFCCC CRF 2023,2023-04-15,2016,2.C.5,Lead production,69.755,69.755,0.0,0.0,0.0,0.0,0.0,recalculated_AR4_from_Table2(I)s1,Table2(I)s1
UNFCCC CRF 2023,2023-04-15,2016,2.C.6,Zinc production,229.837,229.837,0.0,0.0,0.0,0.0,0.0,recalculated_AR4_from_Table2(I)s1,Table2(I)s1
UNFCCC CRF 2023,2023-04-15,2016,2.C.7,Other (as specified in table 2(I).A-H),0.0,0.0,0.0,0.0,0.0,0.0,0.0,recalculated_AR4_from_Table2(I)s1,Table2(I)s1
UNFCCC CRF 2023,2023-04-15,2017,2,Total industrial processes,25563.97102930384,23292.056328000002,0.39139,0.6966,1968.387042175841,84.05921,9.196926e-05,recalculated_AR4_from_Table2(I)s1,Table2(I)s1
UNFCCC CRF 2023,2023-04-15,2017,2.A,Mineral industry,7522.896928000001,7522.896928000001,0.0,0.0,0.0,0.0,0.0,recalculated_AR4_from_Table2(I)s1,Table2(I)s1
UNFCCC CRF 2023,2023-04-15,2017,2.A.1,Cement production,3818.995,3818.995,0.0,0.0,0.0,0.0,0.0,recalculated_AR4_from_Table2(I)s1,Table2(I)s1
UNFCCC CRF 2023,2023-04-15,2017,2.A.2,Lime production,803.514,803.514,0.0,0.0,0.0,0.0,0.0,recalculated_AR4_from_Table2(I)s1,Table2(I)s1
UNFCCC CRF 2023,2023-04-15,2017,2.A.3,Glass production,20.255,20.255,0.0,0.0,0.0,0.0,0.0,recalculated_AR4_from_Table2(I)s1,Table2(I)s1
UNFCCC CRF 2023,2023-04-15,2017,2.A.4,Other process uses of carbonates,2880.132928000001,2880.132928000001,0.0,0.0,0.0,0.0,0.0,recalculated_AR4_from_Table2(I)s1,Table2(I)s1
UNFCCC CRF 2023,2023-04-15,2017,2.B,Chemical industry,628.4168,420.83,0.0,0.6966,0.0,0.0,0.0,recalculated_AR4_from_Table2(I)s1,Table2(I)s1
UNFCCC CRF 2023,2023-04-15,2017,2.B.1,Ammonia production,398.467,398.467,0.0,0.0,0.0,0.0,0.0,recalculated_AR4_from_Table2(I)s1,Table2(I)s1
UNFCCC CRF 2023,2023-04-15,2017,2.B.2,Nitric acid production,207.5868,0.0,0.0,0.6966,0.0,0.0,0.0,recalculated_AR4_from_Table2(I)s1,Table2(I)s1
UNFCCC CRF 2023,2023-04-15,2017,2.B.3,Adipic acid production,0.0,0.0,0.0,0.0,0.0,0.0,0.0,recalculated_AR4_from_Table2(I)s1,Table2(I)s1
UNFCCC CRF 2023,2023-04-15,2017,2.B.4,"Caprolactam, glyoxal and glyoxylic acid production",0.0,0.0,0.0,0.0,0.0,0.0,0.0,recalculated_AR4_from_Table2(I)s1,Table2(I)s1
UNFCCC CRF 2023,2023-04-15,2017,2.B.5,Carbide production,22.363,22.363,0.0,0.0,0.0,0.0,0.0,recalculated_AR4_from_Table2(I)s1,Table2(I)s1
UNFCCC CRF 2023,2023-04-15,2017,2.B.6,Titanium dioxide production,0.0,0.0,0.0,0.0,0.0,0.0,0.0,recalculated_AR4_from_Table2(I)s1,Table2(I)s1
UNFCCC CRF 2023,2023-04-15,2017,2.B.7,Soda ash production,0.0,0.0,0.0,0.0,0.0,0.0,0.0,recalculated_AR4_from_Table2(I)s1,Table2(I)s1
UNFCCC CRF 2023,2023-04-15,2017,2.B.8,Petrochemical and carbon black production,0.0,0.0,0.0,0.0,0.0,0.0,0.0,recalculated_AR4_from_Table2(I)s1,Table2(I)s1
UNFCCC CRF 2023,2023-04-15,2017,2.B.9,Fluorochemical production,0.0,0.0,0.0,0.0,0.0,0.0,0.0,recalculated_AR4_from_Table2(I)s1,Table2(I)s1
UNFCCC CRF 2023,2023-04-15,2017,2.B.10,Other (as specified in table 2(I).A-H),0.0,0.0,0.0,0.0,0.0,0.0,0.0,recalculated_AR4_from_Table2(I)s1,Table2(I)s1
UNFCCC CRF 2023,2023-04-15,2017,2.C,Metal industry,15283.21436,15189.3704,0.39139,0.0,0.0,84.05921,0.0,recalculated_AR4_from_Table2(I)s1,Table2(I)s1
UNFCCC CRF 2023,2023-04-15,2017,2.C.1,Iron and steel production,11041.00015,11031.9854,0.36059,0.0,0.0,0.0,0.0,recalculated_AR4_from_Table2(I)s1,Table2(I)s1
UNFCCC CRF 2023,2023-04-15,2017,2.C.2,Ferroalloys production,3387.378,3386.608,0.0308,0.0,0.0,0.0,0.0,recalculated_AR4_from_Table2(I)s1,Table2(I)s1
UNFCCC CRF 2023,2023-04-15,2017,2.C.3,Aluminium production,485.29021,401.231,0.0,0.0,0.0,84.05921,0.0,recalculated_AR4_from_Table2(I)s1,Table2(I)s1
UNFCCC CRF 2023,2023-04-15,2017,2.C.4,Magnesium production,0.0,0.0,0.0,0.0,0.0,0.0,0.0,recalculated_AR4_from_Table2(I)s1,Table2(I)s1
UNFCCC CRF 2023,2023-04-15,2017,2.C.5,Lead production,77.547,77.547,0.0,0.0,0.0,0.0,0.0,recalculated_AR4_from_Table2(I)s1,Table2(I)s1
UNFCCC CRF 2023,2023-04-15,2017,2.C.6,Zinc production,291.999,291.999,0.0,0.0,0.0,0.0,0.0,recalculated_AR4_from_Table2(I)s1,Table2(I)s1
UNFCCC CRF 2023,2023-04-15,2017,2.C.7,Other (as specified in table 2(I).A-H),0.0,0.0,0.0,0.0,0.0,0.0,0.0,recalculated_AR4_from_Table2(I)s1,Table2(I)s1
UNFCCC CRF 2023,2023-04-15,2018,2,Total industrial processes,24535.750361087517,22075.069827,0.36349,0.6784,2119.4987393635147,127.77904,9.439933e-05,recalculated_AR4_from_Table2(I)s1,Table2(I)s1
UNFCCC CRF 2023,2023-04-15,2018,2.A,Mineral industry,7254.743527,7254.743527,0.0,0.0,0.0,0.0,0.0,recalculated_AR4_from_Table2(I)s1,Table2(I)s1
UNFCCC CRF 2023,2023-04-15,2018,2.A.1,Cement production,3892.542,3892.542,0.0,0.0,0.0,0.0,0.0,recalculated_AR4_from_Table2(I)s1,Table2(I)s1
UNFCCC CRF 2023,2023-04-15,2018,2.A.2,Lime production,679.602,679.602,0.0,0.0,0.0,0.0,0.0,recalculated_AR4_from_Table2(I)s1,Table2(I)s1
UNFCCC CRF 2023,2023-04-15,2018,2.A.3,Glass production,21.444,21.444,0.0,0.0,0.0,0.0,0.0,recalculated_AR4_from_Table2(I)s1,Table2(I)s1
UNFCCC CRF 2023,2023-04-15,2018,2.A.4,Other process uses of carbonates,2661.155527,2661.155527,0.0,0.0,0.0,0.0,0.0,recalculated_AR4_from_Table2(I)s1,Table2(I)s1
UNFCCC CRF 2023,2023-04-15,2018,2.B,Chemical industry,613.8435,411.6803,0.0,0.6784,0.0,0.0,0.0,recalculated_AR4_from_Table2(I)s1,Table2(I)s1
UNFCCC CRF 2023,2023-04-15,2018,2.B.1,Ammonia production,390.3863,390.3863,0.0,0.0,0.0,0.0,0.0,recalculated_AR4_from_Table2(I)s1,Table2(I)s1
UNFCCC CRF 2023,2023-04-15,2018,2.B.2,Nitric acid production,202.1632,0.0,0.0,0.6784,0.0,0.0,0.0,recalculated_AR4_from_Table2(I)s1,Table2(I)s1
UNFCCC CRF 2023,2023-04-15,2018,2.B.3,Adipic acid production,0.0,0.0,0.0,0.0,0.0,0.0,0.0,recalculated_AR4_from_Table2(I)s1,Table2(I)s1
UNFCCC CRF 2023,2023-04-15,2018,2.B.4,"Caprolactam, glyoxal and glyoxylic acid production",0.0,0.0,0.0,0.0,0.0,0.0,0.0,recalculated_AR4_from_Table2(I)s1,Table2(I)s1
UNFCCC CRF 2023,2023-04-15,2018,2.B.5,Carbide production,21.294,21.294,0.0,0.0,0.0,0.0,0.0,recalculated_AR4_from_Table2(I)s1,Table2(I)s1
UNFCCC CRF 2023,2023-04-15,2018,2.B.6,Titanium dioxide production,0.0,0.0,0.0,0.0,0.0,0.0,0.0,recalculated_AR4_from_Table2(I)s1,Table2(I)s1
UNFCCC CRF 2023,2023-04-15,2018,2.B.7,Soda ash production,0.0,0.0,0.0,0.0,0.0,0.0,0.0,recalculated_AR4_from_Table2(I)s1,Table2(I)s1
UNFCCC CRF 2023,2023-04-15,2018,2.B.8,Petrochemical and carbon black production,0.0,0.0,0.0,0.0,0.0,0.0,0.0,recalculated_AR4_from_Table2(I)s1,Table2(I)s1
UNFCCC CRF 2023,2023-04-15,2018,2.B.9,Fluorochemical production,0.0,0.0,0.0,0.0,0.0,0.0,0.0,recalculated_AR4_from_Table2(I)s1,Table2(I)s1
UNFCCC CRF 2023,2023-04-15,2018,2.B.10,Other (as specified in table 2(I).A-H),0.0,0.0,0.0,0.0,0.0,0.0,0.0,recalculated_AR4_from_Table2(I)s1,Table2(I)s1
UNFCCC CRF 2023,2023-04-15,2018,2.C,Metal industry,14383.74829,14246.882,0.36349,0.0,0.0,127.77904,0.0,recalculated_AR4_from_Table2(I)s1,Table2(I)s1
UNFCCC CRF 2023,2023-04-15,2018,2.C.1,Iron and steel production,9732.92525,9724.628,0.33189,0.0,0.0,0.0,0.0,recalculated_AR4_from_Table2(I)s1,Table2(I)s1
UNFCCC CRF 2023,2023-04-15,2018,2.C.2,Ferroalloys production,3713.802,3713.012,0.0316,0.0,0.0,0.0,0.0,recalculated_AR4_from_Table2(I)s1,Table2(I)s1
UNFCCC CRF 2023,2023-04-15,2018,2.C.3,Aluminium production,557.09304,429.314,0.0,0.0,0.0,127.77904,0.0,recalculated_AR4_from_Table2(I)s1,Table2(I)s1
UNFCCC CRF 2023,2023-04-15,2018,2.C.4,Magnesium production,0.0,0.0,0.0,0.0,0.0,0.0,0.0,recalculated_AR4_from_Table2(I)s1,Table2(I)s1
UNFCCC CRF 2023,2023-04-15,2018,2.C.5,Lead production,79.439,79.439,0.0,0.0,0.0,0.0,0.0,recalculated_AR4_from_Table2(I)s1,Table2(I)s1
UNFCCC CRF 2023,2023-04-15,2018,2.C.6,Zinc production,300.489,300.489,0.0,0.0,0.0,0.0,0.0,recalculated_AR4_from_Table2(I)s1,Table2(I)s1
UNFCCC CRF 2023,2023-04-15,2018,2.C.7,Other (as specified in table 2(I).A-H),0.0,0.0,0.0,0.0,0.0,0.0,0.0,recalculated_AR4_from_Table2(I)s1,Table2(I)s1
UNFCCC CRF 2023,2023-04-15,2019,2,Total industrial processes,25792.763275622267,23314.516086,0.4026,0.6538,2258.3613396222704,12.66969,0.0001017,recalculated_AR4_from_Table2(I)s1,Table2(I)s1
UNFCCC CRF 2023,2023-04-15,2019,2.A,Mineral industry,7419.647886000001,7419.647886000001,0.0,0.0,0.0,0.0,0.0,recalculated_AR4_from_Table2(I)s1,Table2(I)s1
UNFCCC CRF 2023,2023-04-15,2019,2.A.1,Cement production,3801.885,3801.885,0.0,0.0,0.0,0.0,0.0,recalculated_AR4_from_Table2(I)s1,Table2(I)s1
UNFCCC CRF 2023,2023-04-15,2019,2.A.2,Lime production,670.323,670.323,0.0,0.0,0.0,0.0,0.0,recalculated_AR4_from_Table2(I)s1,Table2(I)s1
UNFCCC CRF 2023,2023-04-15,2019,2.A.3,Glass production,19.588,19.588,0.0,0.0,0.0,0.0,0.0,recalculated_AR4_from_Table2(I)s1,Table2(I)s1
UNFCCC CRF 2023,2023-04-15,2019,2.A.4,Other process uses of carbonates,2927.8518860000004,2927.8518860000004,0.0,0.0,0.0,0.0,0.0,recalculated_AR4_from_Table2(I)s1,Table2(I)s1
UNFCCC CRF 2023,2023-04-15,2019,2.B,Chemical industry,569.2386,374.4062,0.0,0.6538,0.0,0.0,0.0,recalculated_AR4_from_Table2(I)s1,Table2(I)s1
UNFCCC CRF 2023,2023-04-15,2019,2.B.1,Ammonia production,346.0502,346.0502,0.0,0.0,0.0,0.0,0.0,recalculated_AR4_from_Table2(I)s1,Table2(I)s1
UNFCCC CRF 2023,2023-04-15,2019,2.B.2,Nitric acid production,194.8324,0.0,0.0,0.6538,0.0,0.0,0.0,recalculated_AR4_from_Table2(I)s1,Table2(I)s1
UNFCCC CRF 2023,2023-04-15,2019,2.B.3,Adipic acid production,0.0,0.0,0.0,0.0,0.0,0.0,0.0,recalculated_AR4_from_Table2(I)s1,Table2(I)s1
UNFCCC CRF 2023,2023-04-15,2019,2.B.4,"Caprolactam, glyoxal and glyoxylic acid production",0.0,0.0,0.0,0.0,0.0,0.0,0.0,recalculated_AR4_from_Table2(I)s1,Table2(I)s1
UNFCCC CRF 2023,2023-04-15,2019,2.B.5,Carbide production,28.356,28.356,0.0,0.0,0.0,0.0,0.0,recalculated_AR4_from_Table2(I)s1,Table2(I)s1
UNFCCC CRF 2023,2023-04-15,2019,2.B.6,Titanium dioxide production,0.0,0.0,0.0,0.0,0.0,0.0,0.0,recalculated_AR4_from_Table2(I)s1,Table2(I)s1
UNFCCC CRF 2023,2023-04-15,2019,2.B.7,Soda ash production,0.0,0.0,0.0,0.0,0.0,0.0,0.0,recalculated_AR4_from_Table2(I)s1,Table2(I)s1
UNFCCC CRF 2023,2023-04-15,2019,2.B.8,Petrochemical and carbon black production,0.0,0.0,0.0,0.0,0.0,0.0,0.0,recalculated_AR4_from_Table2(I)s1,Table2(I)s1
UNFCCC CRF 2023,2023-04-15,2019,2.B.9,Fluorochemical production,0.0,0.0,0.0,0.0,0.0,0.0,0.0,recalculated_AR4_from_Table2(I)s1,Table2(I)s1
UNFCCC CRF 2023,2023-04-15,2019,2.B.10,Other (as specified in table 2(I).A-H),0.0,0.0,0.0,0.0,0.0,0.0,0.0,recalculated_AR4_from_Table2(I)s1,Table2(I)s1
UNFCCC CRF 2023,2023-04-15,2019,2.C,Metal industry,15375.98169,15353.247,0.4026,0.0,0.0,12.66969,0.0,recalculated_AR4_from_Table2(I)s1,Table2(I)s1
UNFCCC CRF 2023,2023-04-15,2019,2.C.1,Iron and steel production,10945.16425,10935.882,0.37129,0.0,0.0,0.0,0.0,recalculated_AR4_from_Table2(I)s1,Table2(I)s1
UNFCCC CRF 2023,2023-04-15,2019,2.C.2,Ferroalloys production,3610.82575,3610.043,0.03131,0.0,0.0,0.0,0.0,recalculated_AR4_from_Table2(I)s1,Table2(I)s1
UNFCCC CRF 2023,2023-04-15,2019,2.C.3,Aluminium production,462.11569000000003,449.446,0.0,0.0,0.0,12.66969,0.0,recalculated_AR4_from_Table2(I)s1,Table2(I)s1
UNFCCC CRF 2023,2023-04-15,2019,2.C.4,Magnesium production,0.0,0.0,0.0,0.0,0.0,0.0,0.0,recalculated_AR4_from_Table2(I)s1,Table2(I)s1
UNFCCC CRF 2023,2023-04-15,2019,2.C.5,Lead production,68.988,68.988,0.0,0.0,0.0,0.0,0.0,recalculated_AR4_from_Table2(I)s1,Table2(I)s1
UNFCCC CRF 2023,2023-04-15,2019,2.C.6,Zinc production,288.888,288.888,0.0,0.0,0.0,0.0,0.0,recalculated_AR4_from_Table2(I)s1,Table2(I)s1
UNFCCC CRF 2023,2023-04-15,2019,2.C.7,Other (as specified in table 2(I).A-H),0.0,0.0,0.0,0.0,0.0,0.0,0.0,recalculated_AR4_from_Table2(I)s1,Table2(I)s1
UNFCCC CRF 2023,2023-04-15,2020,2,Total industrial processes,27031.37045506539,24281.689089,0.43985,0.6573,2529.7508260653917,10.75381,0.0001011,recalculated_AR4_from_Table2(I)s1,Table2(I)s1
UNFCCC CRF 2023,2023-04-15,2020,2.A,Mineral industry,8118.530189,8118.530189,0.0,0.0,0.0,0.0,0.0,recalculated_AR4_from_Table2(I)s1,Table2(I)s1
UNFCCC CRF 2023,2023-04-15,2020,2.A.1,Cement production,4450.168,4450.168,0.0,0.0,0.0,0.0,0.0,recalculated_AR4_from_Table2(I)s1,Table2(I)s1
UNFCCC CRF 2023,2023-04-15,2020,2.A.2,Lime production,636.885,636.885,0.0,0.0,0.0,0.0,0.0,recalculated_AR4_from_Table2(I)s1,Table2(I)s1
UNFCCC CRF 2023,2023-04-15,2020,2.A.3,Glass production,11.699,11.699,0.0,0.0,0.0,0.0,0.0,recalculated_AR4_from_Table2(I)s1,Table2(I)s1
UNFCCC CRF 2023,2023-04-15,2020,2.A.4,Other process uses of carbonates,3019.7781890000006,3019.7781890000006,0.0,0.0,0.0,0.0,0.0,recalculated_AR4_from_Table2(I)s1,Table2(I)s1
UNFCCC CRF 2023,2023-04-15,2020,2.B,Chemical industry,586.1406,390.2652,0.0,0.6573,0.0,0.0,0.0,recalculated_AR4_from_Table2(I)s1,Table2(I)s1
UNFCCC CRF 2023,2023-04-15,2020,2.B.1,Ammonia production,365.3347,365.3347,0.0,0.0,0.0,0.0,0.0,recalculated_AR4_from_Table2(I)s1,Table2(I)s1
UNFCCC CRF 2023,2023-04-15,2020,2.B.2,Nitric acid production,195.87539999999998,0.0,0.0,0.6573,0.0,0.0,0.0,recalculated_AR4_from_Table2(I)s1,Table2(I)s1
UNFCCC CRF 2023,2023-04-15,2020,2.B.3,Adipic acid production,0.0,0.0,0.0,0.0,0.0,0.0,0.0,recalculated_AR4_from_Table2(I)s1,Table2(I)s1
UNFCCC CRF 2023,2023-04-15,2020,2.B.4,"Caprolactam, glyoxal and glyoxylic acid production",0.0,0.0,0.0,0.0,0.0,0.0,0.0,recalculated_AR4_from_Table2(I)s1,Table2(I)s1
UNFCCC CRF 2023,2023-04-15,2020,2.B.5,Carbide production,24.9305,24.9305,0.0,0.0,0.0,0.0,0.0,recalculated_AR4_from_Table2(I)s1,Table2(I)s1
UNFCCC CRF 2023,2023-04-15,2020,2.B.6,Titanium dioxide production,0.0,0.0,0.0,0.0,0.0,0.0,0.0,recalculated_AR4_from_Table2(I)s1,Table2(I)s1
UNFCCC CRF 2023,2023-04-15,2020,2.B.7,Soda ash production,0.0,0.0,0.0,0.0,0.0,0.0,0.0,recalculated_AR4_from_Table2(I)s1,Table2(I)s1
UNFCCC CRF 2023,2023-04-15,2020,2.B.8,Petrochemical and carbon black production,0.0,0.0,0.0,0.0,0.0,0.0,0.0,recalculated_AR4_from_Table2(I)s1,Table2(I)s1
UNFCCC CRF 2023,2023-04-15,2020,2.B.9,Fluorochemical production,0.0,0.0,0.0,0.0,0.0,0.0,0.0,recalculated_AR4_from_Table2(I)s1,Table2(I)s1
UNFCCC CRF 2023,2023-04-15,2020,2.B.10,Other (as specified in table 2(I).A-H),0.0,0.0,0.0,0.0,0.0,0.0,0.0,recalculated_AR4_from_Table2(I)s1,Table2(I)s1
UNFCCC CRF 2023,2023-04-15,2020,2.C,Metal industry,15623.47976,15601.7297,0.43985,0.0,0.0,10.75381,0.0,recalculated_AR4_from_Table2(I)s1,Table2(I)s1
UNFCCC CRF 2023,2023-04-15,2020,2.C.1,Iron and steel production,10964.21795,10954.5797,0.38553,0.0,0.0,0.0,0.0,recalculated_AR4_from_Table2(I)s1,Table2(I)s1
UNFCCC CRF 2023,2023-04-15,2020,2.C.2,Ferroalloys production,3856.6490000000003,3855.291,0.05432,0.0,0.0,0.0,0.0,recalculated_AR4_from_Table2(I)s1,Table2(I)s1
UNFCCC CRF 2023,2023-04-15,2020,2.C.3,Aluminium production,460.96281,450.209,0.0,0.0,0.0,10.75381,0.0,recalculated_AR4_from_Table2(I)s1,Table2(I)s1
UNFCCC CRF 2023,2023-04-15,2020,2.C.4,Magnesium production,0.0,0.0,0.0,0.0,0.0,0.0,0.0,recalculated_AR4_from_Table2(I)s1,Table2(I)s1
UNFCCC CRF 2023,2023-04-15,2020,2.C.5,Lead production,64.153,64.153,0.0,0.0,0.0,0.0,0.0,recalculated_AR4_from_Table2(I)s1,Table2(I)s1
UNFCCC CRF 2023,2023-04-15,2020,2.C.6,Zinc production,277.497,277.497,0.0,0.0,0.0,0.0,0.0,recalculated_AR4_from_Table2(I)s1,Table2(I)s1
UNFCCC CRF 2023,2023-04-15,2020,2.C.7,Other (as specified in table 2(I).A-H),0.0,0.0,0.0,0.0,0.0,0.0,0.0,recalculated_AR4_from_Table2(I)s1,Table2(I)s1
UNFCCC CRF 2023,2023-04-15,2021,2,Total industrial processes,27083.91639987852,24125.853823,0.41335,0.7691982,2706.490723278512,9.64584,0.000104,recalculated_AR4_from_Table2(I)s1,Table2(I)s1
UNFCCC CRF 2023,2023-04-15,2021,2.A,Mineral industry,8626.526123,8626.526123,0.0,0.0,0.0,0.0,0.0,recalculated_AR4_from_Table2(I)s1,Table2(I)s1
UNFCCC CRF 2023,2023-04-15,2021,2.A.1,Cement production,3840.896,3840.896,0.0,0.0,0.0,0.0,0.0,recalculated_AR4_from_Table2(I)s1,Table2(I)s1
UNFCCC CRF 2023,2023-04-15,2021,2.A.2,Lime production,715.622,715.622,0.0,0.0,0.0,0.0,0.0,recalculated_AR4_from_Table2(I)s1,Table2(I)s1
UNFCCC CRF 2023,2023-04-15,2021,2.A.3,Glass production,20.641,20.641,0.0,0.0,0.0,0.0,0.0,recalculated_AR4_from_Table2(I)s1,Table2(I)s1
UNFCCC CRF 2023,2023-04-15,2021,2.A.4,Other process uses of carbonates,4049.367123,4049.367123,0.0,0.0,0.0,0.0,0.0,recalculated_AR4_from_Table2(I)s1,Table2(I)s1
UNFCCC CRF 2023,2023-04-15,2021,2.B,Chemical industry,680.2207635999999,450.99969999999996,0.0,0.7691982,0.0,0.0,0.0,recalculated_AR4_from_Table2(I)s1,Table2(I)s1
UNFCCC CRF 2023,2023-04-15,2021,2.B.1,Ammonia production,426.7186,426.7186,0.0,0.0,0.0,0.0,0.0,recalculated_AR4_from_Table2(I)s1,Table2(I)s1
UNFCCC CRF 2023,2023-04-15,2021,2.B.2,Nitric acid production,229.2210636,0.0,0.0,0.7691982,0.0,0.0,0.0,recalculated_AR4_from_Table2(I)s1,Table2(I)s1
UNFCCC CRF 2023,2023-04-15,2021,2.B.3,Adipic acid production,0.0,0.0,0.0,0.0,0.0,0.0,0.0,recalculated_AR4_from_Table2(I)s1,Table2(I)s1
UNFCCC CRF 2023,2023-04-15,2021,2.B.4,"Caprolactam, glyoxal and glyoxylic acid production",0.0,0.0,0.0,0.0,0.0,0.0,0.0,recalculated_AR4_from_Table2(I)s1,Table2(I)s1
UNFCCC CRF 2023,2023-04-15,2021,2.B.5,Carbide production,24.2811,24.2811,0.0,0.0,0.0,0.0,0.0,recalculated_AR4_from_Table2(I)s1,Table2(I)s1
UNFCCC CRF 2023,2023-04-15,2021,2.B.6,Titanium dioxide production,0.0,0.0,0.0,0.0,0.0,0.0,0.0,recalculated_AR4_from_Table2(I)s1,Table2(I)s1
UNFCCC CRF 2023,2023-04-15,2021,2.B.7,Soda ash production,0.0,0.0,0.0,0.0,0.0,0.0,0.0,recalculated_AR4_from_Table2(I)s1,Table2(I)s1
UNFCCC CRF 2023,2023-04-15,2021,2.B.8,Petrochemical and carbon black production,0.0,0.0,0.0,0.0,0.0,0.0,0.0,recalculated_AR4_from_Table2(I)s1,Table2(I)s1
UNFCCC CRF 2023,2023-04-15,2021,2.B.9,Fluorochemical production,0.0,0.0,0.0,0.0,0.0,0.0,0.0,recalculated_AR4_from_Table2(I)s1,Table2(I)s1
UNFCCC CRF 2023,2023-04-15,2021,2.B.10,Other (as specified in table 2(I).A-H),0.0,0.0,0.0,0.0,0.0,0.0,0.0,recalculated_AR4_from_Table2(I)s1,Table2(I)s1
UNFCCC CRF 2023,2023-04-15,2021,2.C,Metal industry,14889.48359,14869.504,0.41335,0.0,0.0,9.64584,0.0,recalculated_AR4_from_Table2(I)s1,Table2(I)s1
UNFCCC CRF 2023,2023-04-15,2021,2.C.1,Iron and steel production,10568.41775,10558.974,0.37775,0.0,0.0,0.0,0.0,recalculated_AR4_from_Table2(I)s1,Table2(I)s1
UNFCCC CRF 2023,2023-04-15,2021,2.C.2,Ferroalloys production,3523.336,3522.446,0.0356,0.0,0.0,0.0,0.0,recalculated_AR4_from_Table2(I)s1,Table2(I)s1
UNFCCC CRF 2023,2023-04-15,2021,2.C.3,Aluminium production,440.21084,430.565,0.0,0.0,0.0,9.64584,0.0,recalculated_AR4_from_Table2(I)s1,Table2(I)s1
UNFCCC CRF 2023,2023-04-15,2021,2.C.4,Magnesium production,0.0,0.0,0.0,0.0,0.0,0.0,0.0,recalculated_AR4_from_Table2(I)s1,Table2(I)s1
UNFCCC CRF 2023,2023-04-15,2021,2.C.5,Lead production,57.908,57.908,0.0,0.0,0.0,0.0,0.0,recalculated_AR4_from_Table2(I)s1,Table2(I)s1
UNFCCC CRF 2023,2023-04-15,2021,2.C.6,Zinc production,299.611,299.611,0.0,0.0,0.0,0.0,0.0,recalculated_AR4_from_Table2(I)s1,Table2(I)s1
UNFCCC CRF 2023,2023-04-15,2021,2.C.7,Other (as specified in table 2(I).A-H),0.0,0.0,0.0,0.0,0.0,0.0,0.0,recalculated_AR4_from_Table2(I)s1,Table2(I)s1
UNFCCC CRT 2025,2025-04-15,1990,2,Total industrial processes,22741.283086653988,22705.045906653988,1.294185,0.0,0.0,0.0,0.0,reported_directly_in_CRT_Table2(I),Table2(I)
UNFCCC CRT 2025,2025-04-15,1990,2.A,Mineral industry,2901.7582241376,2901.7582241376,0.0,0.0,0.0,0.0,0.0,reported_directly_in_CRT_Table2(I),Table2(I)
UNFCCC CRT 2025,2025-04-15,1990,2.A.1,Cement production,1015.078,1015.078,0.0,0.0,0.0,0.0,0.0,reported_directly_in_CRT_Table2(I),Table2(I)
UNFCCC CRT 2025,2025-04-15,1990,2.A.2,Lime production,1489.3094999999998,1489.3094999999998,0.0,0.0,0.0,0.0,0.0,reported_directly_in_CRT_Table2(I),Table2(I)
UNFCCC CRT 2025,2025-04-15,1990,2.A.3,Glass production,0.0,0.0,0.0,0.0,0.0,0.0,0.0,reported_directly_in_CRT_Table2(I),Table2(I)
UNFCCC CRT 2025,2025-04-15,1990,2.A.4,Other process uses of carbonates,397.3707241375999,397.3707241375999,0.0,0.0,0.0,0.0,0.0,reported_directly_in_CRT_Table2(I),Table2(I)
UNFCCC CRT 2025,2025-04-15,1990,2.B,Chemical industry,1270.4181296497866,1270.4181296497866,0.0,0.0,0.0,0.0,0.0,reported_directly_in_CRT_Table2(I),Table2(I)
UNFCCC CRT 2025,2025-04-15,1990,2.B.1,Ammonia production,995.4584296497866,995.4584296497866,0.0,0.0,0.0,0.0,0.0,reported_directly_in_CRT_Table2(I),Table2(I)
UNFCCC CRT 2025,2025-04-15,1990,2.B.2,Nitric acid production,0.0,0.0,0.0,0.0,0.0,0.0,0.0,reported_directly_in_CRT_Table2(I),Table2(I)
UNFCCC CRT 2025,2025-04-15,1990,2.B.3,Adipic acid production,0.0,0.0,0.0,0.0,0.0,0.0,0.0,reported_directly_in_CRT_Table2(I),Table2(I)
UNFCCC CRT 2025,2025-04-15,1990,2.B.4,"Caprolactam, glyoxal and glyoxylic acid production",0.0,0.0,0.0,0.0,0.0,0.0,0.0,reported_directly_in_CRT_Table2(I),Table2(I)
UNFCCC CRT 2025,2025-04-15,1990,2.B.5,Carbide production,274.9597,274.9597,0.0,0.0,0.0,0.0,0.0,reported_directly_in_CRT_Table2(I),Table2(I)
UNFCCC CRT 2025,2025-04-15,1990,2.B.6,Titanium dioxide production,0.0,0.0,0.0,0.0,0.0,0.0,0.0,reported_directly_in_CRT_Table2(I),Table2(I)
UNFCCC CRT 2025,2025-04-15,1990,2.B.7,Soda ash production,0.0,0.0,0.0,0.0,0.0,0.0,0.0,reported_directly_in_CRT_Table2(I),Table2(I)
UNFCCC CRT 2025,2025-04-15,1990,2.B.8,Petrochemical and carbon black production,0.0,0.0,0.0,0.0,0.0,0.0,0.0,reported_directly_in_CRT_Table2(I),Table2(I)
UNFCCC CRT 2025,2025-04-15,1990,2.B.9,Fluorochemical production,0.0,0.0,0.0,0.0,0.0,0.0,0.0,reported_directly_in_CRT_Table2(I),Table2(I)
UNFCCC CRT 2025,2025-04-15,1990,2.B.10,Other,0.0,0.0,0.0,0.0,0.0,0.0,0.0,reported_directly_in_CRT_Table2(I),Table2(I)
UNFCCC CRT 2025,2025-04-15,1990,2.C,Metal industry,18566.748673906604,18530.511493906604,1.294185,0.0,0.0,0.0,0.0,reported_directly_in_CRT_Table2(I),Table2(I)
UNFCCC CRT 2025,2025-04-15,1990,2.C.1,Iron and steel production,16136.459281906606,16117.415921906606,0.68012,0.0,0.0,0.0,0.0,reported_directly_in_CRT_Table2(I),Table2(I)
UNFCCC CRT 2025,2025-04-15,1990,2.C.2,Ferroalloys production,2163.143032,2145.949212,0.614065,0.0,0.0,0.0,0.0,reported_directly_in_CRT_Table2(I),Table2(I)
UNFCCC CRT 2025,2025-04-15,1990,2.C.3,Aluminium production,0.0,0.0,0.0,0.0,0.0,0.0,0.0,reported_directly_in_CRT_Table2(I),Table2(I)
UNFCCC CRT 2025,2025-04-15,1990,2.C.4,Magnesium production,0.0,0.0,0.0,0.0,0.0,0.0,0.0,reported_directly_in_CRT_Table2(I),Table2(I)
UNFCCC CRT 2025,2025-04-15,1990,2.C.5,Lead production,150.95600000000002,150.95600000000002,0.0,0.0,0.0,0.0,0.0,reported_directly_in_CRT_Table2(I),Table2(I)
UNFCCC CRT 2025,2025-04-15,1990,2.C.6,Zinc production,116.19036,116.19036,0.0,0.0,0.0,0.0,0.0,reported_directly_in_CRT_Table2(I),Table2(I)
UNFCCC CRT 2025,2025-04-15,1990,2.C.7,Other,0.0,0.0,0.0,0.0,0.0,0.0,0.0,reported_directly_in_CRT_Table2(I),Table2(I)
UNFCCC CRT 2025,2025-04-15,1990,2.D,Non-energy products from fuels and solvent use (4),2.358058960000054,2.358058960000054,0.0,0.0,0.0,0.0,0.0,reported_directly_in_CRT_Table2(I),Table2(I)
UNFCCC CRT 2025,2025-04-15,1990,2.D.1,Lubricant use,2.358,2.358,0.0,0.0,0.0,0.0,0.0,reported_directly_in_CRT_Table2(I),Table2(I)
UNFCCC CRT 2025,2025-04-15,1990,2.D.2,Paraffin wax use,5.8960000053600006e-05,5.8960000053600006e-05,0.0,0.0,0.0,0.0,0.0,reported_directly_in_CRT_Table2(I),Table2(I)
UNFCCC CRT 2025,2025-04-15,1990,2.D.3,Other,0.0,0.0,0.0,0.0,0.0,0.0,0.0,reported_directly_in_CRT_Table2(I),Table2(I)
UNFCCC CRT 2025,2025-04-15,1990,2.E,Electronics industry,0.0,0.0,0.0,0.0,0.0,0.0,0.0,reported_directly_in_CRT_Table2(I),Table2(I)
UNFCCC CRT 2025,2025-04-15,1990,2.E.1,Integrated circuit or semiconductor,0.0,0.0,0.0,0.0,0.0,0.0,0.0,reported_directly_in_CRT_Table2(I),Table2(I)
UNFCCC CRT 2025,2025-04-15,1990,2.E.2,TFT flat panel display,0.0,0.0,0.0,0.0,0.0,0.0,0.0,reported_directly_in_CRT_Table2(I),Table2(I)
UNFCCC CRT 2025,2025-04-15,1990,2.E.3,Photovoltaics,0.0,0.0,0.0,0.0,0.0,0.0,0.0,reported_directly_in_CRT_Table2(I),Table2(I)
UNFCCC CRT 2025,2025-04-15,1990,2.E.4,Heat transfer fluid,0.0,0.0,0.0,0.0,0.0,0.0,0.0,reported_directly_in_CRT_Table2(I),Table2(I)
UNFCCC CRT 2025,2025-04-15,1990,2.E.5,Other,0.0,0.0,0.0,0.0,0.0,0.0,0.0,reported_directly_in_CRT_Table2(I),Table2(I)
UNFCCC CRT 2025,2025-04-15,1990,2.F,Product uses as substitutes for ODS,0.0,0.0,0.0,0.0,0.0,0.0,0.0,reported_directly_in_CRT_Table2(I),Table2(I)
UNFCCC CRT 2025,2025-04-15,1990,2.F.1,Refrigeration and air conditioning,0.0,0.0,0.0,0.0,0.0,0.0,0.0,reported_directly_in_CRT_Table2(I),Table2(I)
UNFCCC CRT 2025,2025-04-15,1990,2.F.2,Foam blowing agents,0.0,0.0,0.0,0.0,0.0,0.0,0.0,reported_directly_in_CRT_Table2(I),Table2(I)
UNFCCC CRT 2025,2025-04-15,1990,2.F.3,Fire protection,0.0,0.0,0.0,0.0,0.0,0.0,0.0,reported_directly_in_CRT_Table2(I),Table2(I)
UNFCCC CRT 2025,2025-04-15,1990,2.F.4,Aerosols,0.0,0.0,0.0,0.0,0.0,0.0,0.0,reported_directly_in_CRT_Table2(I),Table2(I)
UNFCCC CRT 2025,2025-04-15,1990,2.F.5,Solvents,0.0,0.0,0.0,0.0,0.0,0.0,0.0,reported_directly_in_CRT_Table2(I),Table2(I)
UNFCCC CRT 2025,2025-04-15,1990,2.F.6,Other applications,0.0,0.0,0.0,0.0,0.0,0.0,0.0,reported_directly_in_CRT_Table2(I),Table2(I)
UNFCCC CRT 2025,2025-04-15,1990,2.G,Other product manufacture and use,0.0,0.0,0.0,0.0,0.0,0.0,0.0,reported_directly_in_CRT_Table2(I),Table2(I)
UNFCCC CRT 2025,2025-04-15,1990,2.G.1,Electrical equipment,0.0,0.0,0.0,0.0,0.0,0.0,0.0,reported_directly_in_CRT_Table2(I),Table2(I)
UNFCCC CRT 2025,2025-04-15,1990,2.G.2,SF6 and PFCs from other product use,0.0,0.0,0.0,0.0,0.0,0.0,0.0,reported_directly_in_CRT_Table2(I),Table2(I)
UNFCCC CRT 2025,2025-04-15,1990,2.G.3,N2O from product uses,0.0,0.0,0.0,0.0,0.0,0.0,0.0,reported_directly_in_CRT_Table2(I),Table2(I)
UNFCCC CRT 2025,2025-04-15,1990,2.G.4,Other,0.0,0.0,0.0,0.0,0.0,0.0,0.0,reported_directly_in_CRT_Table2(I),Table2(I)
UNFCCC CRT 2025,2025-04-15,1990,2.H,Other (5),0.0,0.0,0.0,0.0,0.0,0.0,0.0,reported_directly_in_CRT_Table2(I),Table2(I)
UNFCCC CRT 2025,2025-04-15,1990,2.H.1,Pulp and paper,0.0,0.0,0.0,0.0,0.0,0.0,0.0,reported_directly_in_CRT_Table2(I),Table2(I)
UNFCCC CRT 2025,2025-04-15,1990,2.H.2,Food and beverages industry,0.0,0.0,0.0,0.0,0.0,0.0,0.0,reported_directly_in_CRT_Table2(I),Table2(I)
UNFCCC CRT 2025,2025-04-15,1990,2.H.3,Other (please specify),0.0,0.0,0.0,0.0,0.0,0.0,0.0,reported_directly_in_CRT_Table2(I),Table2(I)
UNFCCC CRT 2025,2025-04-15,1991,2,Total industrial processes,21717.253075386285,21685.022219386286,1.151102,0.0,0.0,0.0,0.0,reported_directly_in_CRT_Table2(I),Table2(I)
UNFCCC CRT 2025,2025-04-15,1991,2.A,Mineral industry,2525.16836912616,2525.16836912616,0.0,0.0,0.0,0.0,0.0,reported_directly_in_CRT_Table2(I),Table2(I)
UNFCCC CRT 2025,2025-04-15,1991,2.A.1,Cement production,804.064,804.064,0.0,0.0,0.0,0.0,0.0,reported_directly_in_CRT_Table2(I),Table2(I)
UNFCCC CRT 2025,2025-04-15,1991,2.A.2,Lime production,1381.309,1381.309,0.0,0.0,0.0,0.0,0.0,reported_directly_in_CRT_Table2(I),Table2(I)
UNFCCC CRT 2025,2025-04-15,1991,2.A.3,Glass production,0.0,0.0,0.0,0.0,0.0,0.0,0.0,reported_directly_in_CRT_Table2(I),Table2(I)
UNFCCC CRT 2025,2025-04-15,1991,2.A.4,Other process uses of carbonates,339.79536912616004,339.79536912616004,0.0,0.0,0.0,0.0,0.0,reported_directly_in_CRT_Table2(I),Table2(I)
UNFCCC CRT 2025,2025-04-15,1991,2.B,Chemical industry,1203.3772746903999,1203.3772746903999,0.0,0.0,0.0,0.0,0.0,reported_directly_in_CRT_Table2(I),Table2(I)
UNFCCC CRT 2025,2025-04-15,1991,2.B.1,Ammonia production,989.1262746903998,989.1262746903998,0.0,0.0,0.0,0.0,0.0,reported_directly_in_CRT_Table2(I),Table2(I)
UNFCCC CRT 2025,2025-04-15,1991,2.B.2,Nitric acid production,0.0,0.0,0.0,0.0,0.0,0.0,0.0,reported_directly_in_CRT_Table2(I),Table2(I)
UNFCCC CRT 2025,2025-04-15,1991,2.B.3,Adipic acid production,0.0,0.0,0.0,0.0,0.0,0.0,0.0,reported_directly_in_CRT_Table2(I),Table2(I)
UNFCCC CRT 2025,2025-04-15,1991,2.B.4,"Caprolactam, glyoxal and glyoxylic acid production",0.0,0.0,0.0,0.0,0.0,0.0,0.0,reported_directly_in_CRT_Table2(I),Table2(I)
UNFCCC CRT 2025,2025-04-15,1991,2.B.5,Carbide production,214.251,214.251,0.0,0.0,0.0,0.0,0.0,reported_directly_in_CRT_Table2(I),Table2(I)
UNFCCC CRT 2025,2025-04-15,1991,2.B.6,Titanium dioxide production,0.0,0.0,0.0,0.0,0.0,0.0,0.0,reported_directly_in_CRT_Table2(I),Table2(I)
UNFCCC CRT 2025,2025-04-15,1991,2.B.7,Soda ash production,0.0,0.0,0.0,0.0,0.0,0.0,0.0,reported_directly_in_CRT_Table2(I),Table2(I)
UNFCCC CRT 2025,2025-04-15,1991,2.B.8,Petrochemical and carbon black production,0.0,0.0,0.0,0.0,0.0,0.0,0.0,reported_directly_in_CRT_Table2(I),Table2(I)
UNFCCC CRT 2025,2025-04-15,1991,2.B.9,Fluorochemical production,0.0,0.0,0.0,0.0,0.0,0.0,0.0,reported_directly_in_CRT_Table2(I),Table2(I)
UNFCCC CRT 2025,2025-04-15,1991,2.B.10,Other,0.0,0.0,0.0,0.0,0.0,0.0,0.0,reported_directly_in_CRT_Table2(I),Table2(I)
UNFCCC CRT 2025,2025-04-15,1991,2.C,Metal industry,17986.467313649726,17954.236457649728,1.151102,0.0,0.0,0.0,0.0,reported_directly_in_CRT_Table2(I),Table2(I)
UNFCCC CRT 2025,2025-04-15,1991,2.C.1,Iron and steel production,15694.342045649726,15676.843165649727,0.62496,0.0,0.0,0.0,0.0,reported_directly_in_CRT_Table2(I),Table2(I)
UNFCCC CRT 2025,2025-04-15,1991,2.C.2,Ferroalloys production,2059.620008,2044.888032,0.5261420000000001,0.0,0.0,0.0,0.0,reported_directly_in_CRT_Table2(I),Table2(I)
UNFCCC CRT 2025,2025-04-15,1991,2.C.3,Aluminium production,0.0,0.0,0.0,0.0,0.0,0.0,0.0,reported_directly_in_CRT_Table2(I),Table2(I)
UNFCCC CRT 2025,2025-04-15,1991,2.C.4,Magnesium production,0.0,0.0,0.0,0.0,0.0,0.0,0.0,reported_directly_in_CRT_Table2(I),Table2(I)
UNFCCC CRT 2025,2025-04-15,1991,2.C.5,Lead production,137.488,137.488,0.0,0.0,0.0,0.0,0.0,reported_directly_in_CRT_Table2(I),Table2(I)
UNFCCC CRT 2025,2025-04-15,1991,2.C.6,Zinc production,95.01726000000001,95.01726000000001,0.0,0.0,0.0,0.0,0.0,reported_directly_in_CRT_Table2(I),Table2(I)
UNFCCC CRT 2025,2025-04-15,1991,2.C.7,Other,0.0,0.0,0.0,0.0,0.0,0.0,0.0,reported_directly_in_CRT_Table2(I),Table2(I)
UNFCCC CRT 2025,2025-04-15,1991,2.D,Non-energy products from fuels and solvent use (4),2.2401179200001073,2.2401179200001073,0.0,0.0,0.0,0.0,0.0,reported_directly_in_CRT_Table2(I),Table2(I)
UNFCCC CRT 2025,2025-04-15,1991,2.D.1,Lubricant use,2.24,2.24,0.0,0.0,0.0,0.0,0.0,reported_directly_in_CRT_Table2(I),Table2(I)
UNFCCC CRT 2025,2025-04-15,1991,2.D.2,Paraffin wax use,0.00011792000010720001,0.00011792000010720001,0.0,0.0,0.0,0.0,0.0,reported_directly_in_CRT_Table2(I),Table2(I)
UNFCCC CRT 2025,2025-04-15,1991,2.D.3,Other,0.0,0.0,0.0,0.0,0.0,0.0,0.0,reported_directly_in_CRT_Table2(I),Table2(I)
UNFCCC CRT 2025,2025-04-15,1991,2.E,Electronics industry,0.0,0.0,0.0,0.0,0.0,0.0,0.0,reported_directly_in_CRT_Table2(I),Table2(I)
UNFCCC CRT 2025,2025-04-15,1991,2.E.1,Integrated circuit or semiconductor,0.0,0.0,0.0,0.0,0.0,0.0,0.0,reported_directly_in_CRT_Table2(I),Table2(I)
UNFCCC CRT 2025,2025-04-15,1991,2.E.2,TFT flat panel display,0.0,0.0,0.0,0.0,0.0,0.0,0.0,reported_directly_in_CRT_Table2(I),Table2(I)
UNFCCC CRT 2025,2025-04-15,1991,2.E.3,Photovoltaics,0.0,0.0,0.0,0.0,0.0,0.0,0.0,reported_directly_in_CRT_Table2(I),Table2(I)
UNFCCC CRT 2025,2025-04-15,1991,2.E.4,Heat transfer fluid,0.0,0.0,0.0,0.0,0.0,0.0,0.0,reported_directly_in_CRT_Table2(I),Table2(I)
UNFCCC CRT 2025,2025-04-15,1991,2.E.5,Other,0.0,0.0,0.0,0.0,0.0,0.0,0.0,reported_directly_in_CRT_Table2(I),Table2(I)
UNFCCC CRT 2025,2025-04-15,1991,2.F,Product uses as substitutes for ODS,0.0,0.0,0.0,0.0,0.0,0.0,0.0,reported_directly_in_CRT_Table2(I),Table2(I)
UNFCCC CRT 2025,2025-04-15,1991,2.F.1,Refrigeration and air conditioning,0.0,0.0,0.0,0.0,0.0,0.0,0.0,reported_directly_in_CRT_Table2(I),Table2(I)
UNFCCC CRT 2025,2025-04-15,1991,2.F.2,Foam blowing agents,0.0,0.0,0.0,0.0,0.0,0.0,0.0,reported_directly_in_CRT_Table2(I),Table2(I)
UNFCCC CRT 2025,2025-04-15,1991,2.F.3,Fire protection,0.0,0.0,0.0,0.0,0.0,0.0,0.0,reported_directly_in_CRT_Table2(I),Table2(I)
UNFCCC CRT 2025,2025-04-15,1991,2.F.4,Aerosols,0.0,0.0,0.0,0.0,0.0,0.0,0.0,reported_directly_in_CRT_Table2(I),Table2(I)
UNFCCC CRT 2025,2025-04-15,1991,2.F.5,Solvents,0.0,0.0,0.0,0.0,0.0,0.0,0.0,reported_directly_in_CRT_Table2(I),Table2(I)
UNFCCC CRT 2025,2025-04-15,1991,2.F.6,Other applications,0.0,0.0,0.0,0.0,0.0,0.0,0.0,reported_directly_in_CRT_Table2(I),Table2(I)
UNFCCC CRT 2025,2025-04-15,1991,2.G,Other product manufacture and use,0.0,0.0,0.0,0.0,0.0,0.0,0.0,reported_directly_in_CRT_Table2(I),Table2(I)
UNFCCC CRT 2025,2025-04-15,1991,2.G.1,Electrical equipment,0.0,0.0,0.0,0.0,0.0,0.0,0.0,reported_directly_in_CRT_Table2(I),Table2(I)
UNFCCC CRT 2025,2025-04-15,1991,2.G.2,SF6 and PFCs from other product use,0.0,0.0,0.0,0.0,0.0,0.0,0.0,reported_directly_in_CRT_Table2(I),Table2(I)
UNFCCC CRT 2025,2025-04-15,1991,2.G.3,N2O from product uses,0.0,0.0,0.0,0.0,0.0,0.0,0.0,reported_directly_in_CRT_Table2(I),Table2(I)
UNFCCC CRT 2025,2025-04-15,1991,2.G.4,Other,0.0,0.0,0.0,0.0,0.0,0.0,0.0,reported_directly_in_CRT_Table2(I),Table2(I)
UNFCCC CRT 2025,2025-04-15,1991,2.H,Other (5),0.0,0.0,0.0,0.0,0.0,0.0,0.0,reported_directly_in_CRT_Table2(I),Table2(I)
UNFCCC CRT 2025,2025-04-15,1991,2.H.1,Pulp and paper,0.0,0.0,0.0,0.0,0.0,0.0,0.0,reported_directly_in_CRT_Table2(I),Table2(I)
UNFCCC CRT 2025,2025-04-15,1991,2.H.2,Food and beverages industry,0.0,0.0,0.0,0.0,0.0,0.0,0.0,reported_directly_in_CRT_Table2(I),Table2(I)
UNFCCC CRT 2025,2025-04-15,1991,2.H.3,Other (please specify),0.0,0.0,0.0,0.0,0.0,0.0,0.0,reported_directly_in_CRT_Table2(I),Table2(I)
UNFCCC CRT 2025,2025-04-15,1992,2,Total industrial processes,19798.78352403571,19771.38320003571,0.978583,0.0,0.0,0.0,0.0,reported_directly_in_CRT_Table2(I),Table2(I)
UNFCCC CRT 2025,2025-04-15,1992,2.A,Mineral industry,2246.2593672335997,2246.2593672335997,0.0,0.0,0.0,0.0,0.0,reported_directly_in_CRT_Table2(I),Table2(I)
UNFCCC CRT 2025,2025-04-15,1992,2.A.1,Cement production,699.188,699.188,0.0,0.0,0.0,0.0,0.0,reported_directly_in_CRT_Table2(I),Table2(I)
UNFCCC CRT 2025,2025-04-15,1992,2.A.2,Lime production,1252.767,1252.767,0.0,0.0,0.0,0.0,0.0,reported_directly_in_CRT_Table2(I),Table2(I)
UNFCCC CRT 2025,2025-04-15,1992,2.A.3,Glass production,0.0,0.0,0.0,0.0,0.0,0.0,0.0,reported_directly_in_CRT_Table2(I),Table2(I)
UNFCCC CRT 2025,2025-04-15,1992,2.A.4,Other process uses of carbonates,294.30436723360003,294.30436723360003,0.0,0.0,0.0,0.0,0.0,reported_directly_in_CRT_Table2(I),Table2(I)
UNFCCC CRT 2025,2025-04-15,1992,2.B,Chemical industry,845.9010324286132,845.9010324286132,0.0,0.0,0.0,0.0,0.0,reported_directly_in_CRT_Table2(I),Table2(I)
UNFCCC CRT 2025,2025-04-15,1992,2.B.1,Ammonia production,615.9658324286132,615.9658324286132,0.0,0.0,0.0,0.0,0.0,reported_directly_in_CRT_Table2(I),Table2(I)
UNFCCC CRT 2025,2025-04-15,1992,2.B.2,Nitric acid production,0.0,0.0,0.0,0.0,0.0,0.0,0.0,reported_directly_in_CRT_Table2(I),Table2(I)
UNFCCC CRT 2025,2025-04-15,1992,2.B.3,Adipic acid production,0.0,0.0,0.0,0.0,0.0,0.0,0.0,reported_directly_in_CRT_Table2(I),Table2(I)
UNFCCC CRT 2025,2025-04-15,1992,2.B.4,"Caprolactam, glyoxal and glyoxylic acid production",0.0,0.0,0.0,0.0,0.0,0.0,0.0,reported_directly_in_CRT_Table2(I),Table2(I)
UNFCCC CRT 2025,2025-04-15,1992,2.B.5,Carbide production,229.93519999999998,229.93519999999998,0.0,0.0,0.0,0.0,0.0,reported_directly_in_CRT_Table2(I),Table2(I)
UNFCCC CRT 2025,2025-04-15,1992,2.B.6,Titanium dioxide production,0.0,0.0,0.0,0.0,0.0,0.0,0.0,reported_directly_in_CRT_Table2(I),Table2(I)
UNFCCC CRT 2025,2025-04-15,1992,2.B.7,Soda ash production,0.0,0.0,0.0,0.0,0.0,0.0,0.0,reported_directly_in_CRT_Table2(I),Table2(I)
UNFCCC CRT 2025,2025-04-15,1992,2.B.8,Petrochemical and carbon black production,0.0,0.0,0.0,0.0,0.0,0.0,0.0,reported_directly_in_CRT_Table2(I),Table2(I)
UNFCCC CRT 2025,2025-04-15,1992,2.B.9,Fluorochemical production,0.0,0.0,0.0,0.0,0.0,0.0,0.0,reported_directly_in_CRT_Table2(I),Table2(I)
UNFCCC CRT 2025,2025-04-15,1992,2.B.10,Other,0.0,0.0,0.0,0.0,0.0,0.0,0.0,reported_directly_in_CRT_Table2(I),Table2(I)
UNFCCC CRT 2025,2025-04-15,1992,2.C,Metal industry,16704.492947493494,16677.092623493496,0.978583,0.0,0.0,0.0,0.0,reported_directly_in_CRT_Table2(I),Table2(I)
UNFCCC CRT 2025,2025-04-15,1992,2.C.1,Iron and steel production,14495.657713725499,14479.899313725498,0.5628,0.0,0.0,0.0,0.0,reported_directly_in_CRT_Table2(I),Table2(I)
UNFCCC CRT 2025,2025-04-15,1992,2.C.2,Ferroalloys production,1997.411653768,1985.769729768,0.415783,0.0,0.0,0.0,0.0,reported_directly_in_CRT_Table2(I),Table2(I)
UNFCCC CRT 2025,2025-04-15,1992,2.C.3,Aluminium production,0.0,0.0,0.0,0.0,0.0,0.0,0.0,reported_directly_in_CRT_Table2(I),Table2(I)
UNFCCC CRT 2025,2025-04-15,1992,2.C.4,Magnesium production,0.0,0.0,0.0,0.0,0.0,0.0,0.0,reported_directly_in_CRT_Table2(I),Table2(I)
UNFCCC CRT 2025,2025-04-15,1992,2.C.5,Lead production,126.464,126.464,0.0,0.0,0.0,0.0,0.0,reported_directly_in_CRT_Table2(I),Table2(I)
UNFCCC CRT 2025,2025-04-15,1992,2.C.6,Zinc production,84.95958,84.95958,0.0,0.0,0.0,0.0,0.0,reported_directly_in_CRT_Table2(I),Table2(I)
UNFCCC CRT 2025,2025-04-15,1992,2.C.7,Other,0.0,0.0,0.0,0.0,0.0,0.0,0.0,reported_directly_in_CRT_Table2(I),Table2(I)
UNFCCC CRT 2025,2025-04-15,1992,2.D,Non-energy products from fuels and solvent use (4),2.130176880000161,2.130176880000161,0.0,0.0,0.0,0.0,0.0,reported_directly_in_CRT_Table2(I),Table2(I)
UNFCCC CRT 2025,2025-04-15,1992,2.D.1,Lubricant use,2.13,2.13,0.0,0.0,0.0,0.0,0.0,reported_directly_in_CRT_Table2(I),Table2(I)
UNFCCC CRT 2025,2025-04-15,1992,2.D.2,Paraffin wax use,0.00017688000016080003,0.00017688000016080003,0.0,0.0,0.0,0.0,0.0,reported_directly_in_CRT_Table2(I),Table2(I)
UNFCCC CRT 2025,2025-04-15,1992,2.D.3,Other,0.0,0.0,0.0,0.0,0.0,0.0,0.0,reported_directly_in_CRT_Table2(I),Table2(I)
UNFCCC CRT 2025,2025-04-15,1992,2.E,Electronics industry,0.0,0.0,0.0,0.0,0.0,0.0,0.0,reported_directly_in_CRT_Table2(I),Table2(I)
UNFCCC CRT 2025,2025-04-15,1992,2.E.1,Integrated circuit or semiconductor,0.0,0.0,0.0,0.0,0.0,0.0,0.0,reported_directly_in_CRT_Table2(I),Table2(I)
UNFCCC CRT 2025,2025-04-15,1992,2.E.2,TFT flat panel display,0.0,0.0,0.0,0.0,0.0,0.0,0.0,reported_directly_in_CRT_Table2(I),Table2(I)
UNFCCC CRT 2025,2025-04-15,1992,2.E.3,Photovoltaics,0.0,0.0,0.0,0.0,0.0,0.0,0.0,reported_directly_in_CRT_Table2(I),Table2(I)
UNFCCC CRT 2025,2025-04-15,1992,2.E.4,Heat transfer fluid,0.0,0.0,0.0,0.0,0.0,0.0,0.0,reported_directly_in_CRT_Table2(I),Table2(I)
UNFCCC CRT 2025,2025-04-15,1992,2.E.5,Other,0.0,0.0,0.0,0.0,0.0,0.0,0.0,reported_directly_in_CRT_Table2(I),Table2(I)
UNFCCC CRT 2025,2025-04-15,1992,2.F,Product uses as substitutes for ODS,0.0,0.0,0.0,0.0,0.0,0.0,0.0,reported_directly_in_CRT_Table2(I),Table2(I)
UNFCCC CRT 2025,2025-04-15,1992,2.F.1,Refrigeration and air conditioning,0.0,0.0,0.0,0.0,0.0,0.0,0.0,reported_directly_in_CRT_Table2(I),Table2(I)
UNFCCC CRT 2025,2025-04-15,1992,2.F.2,Foam blowing agents,0.0,0.0,0.0,0.0,0.0,0.0,0.0,reported_directly_in_CRT_Table2(I),Table2(I)
UNFCCC CRT 2025,2025-04-15,1992,2.F.3,Fire protection,0.0,0.0,0.0,0.0,0.0,0.0,0.0,reported_directly_in_CRT_Table2(I),Table2(I)
UNFCCC CRT 2025,2025-04-15,1992,2.F.4,Aerosols,0.0,0.0,0.0,0.0,0.0,0.0,0.0,reported_directly_in_CRT_Table2(I),Table2(I)
UNFCCC CRT 2025,2025-04-15,1992,2.F.5,Solvents,0.0,0.0,0.0,0.0,0.0,0.0,0.0,reported_directly_in_CRT_Table2(I),Table2(I)
UNFCCC CRT 2025,2025-04-15,1992,2.F.6,Other applications,0.0,0.0,0.0,0.0,0.0,0.0,0.0,reported_directly_in_CRT_Table2(I),Table2(I)
UNFCCC CRT 2025,2025-04-15,1992,2.G,Other product manufacture and use,0.0,0.0,0.0,0.0,0.0,0.0,0.0,reported_directly_in_CRT_Table2(I),Table2(I)
UNFCCC CRT 2025,2025-04-15,1992,2.G.1,Electrical equipment,0.0,0.0,0.0,0.0,0.0,0.0,0.0,reported_directly_in_CRT_Table2(I),Table2(I)
UNFCCC CRT 2025,2025-04-15,1992,2.G.2,SF6 and PFCs from other product use,0.0,0.0,0.0,0.0,0.0,0.0,0.0,reported_directly_in_CRT_Table2(I),Table2(I)
UNFCCC CRT 2025,2025-04-15,1992,2.G.3,N2O from product uses,0.0,0.0,0.0,0.0,0.0,0.0,0.0,reported_directly_in_CRT_Table2(I),Table2(I)
UNFCCC CRT 2025,2025-04-15,1992,2.G.4,Other,0.0,0.0,0.0,0.0,0.0,0.0,0.0,reported_directly_in_CRT_Table2(I),Table2(I)
UNFCCC CRT 2025,2025-04-15,1992,2.H,Other (5),0.0,0.0,0.0,0.0,0.0,0.0,0.0,reported_directly_in_CRT_Table2(I),Table2(I)
UNFCCC CRT 2025,2025-04-15,1992,2.H.1,Pulp and paper,0.0,0.0,0.0,0.0,0.0,0.0,0.0,reported_directly_in_CRT_Table2(I),Table2(I)
UNFCCC CRT 2025,2025-04-15,1992,2.H.2,Food and beverages industry,0.0,0.0,0.0,0.0,0.0,0.0,0.0,reported_directly_in_CRT_Table2(I),Table2(I)
UNFCCC CRT 2025,2025-04-15,1992,2.H.3,Other (please specify),0.0,0.0,0.0,0.0,0.0,0.0,0.0,reported_directly_in_CRT_Table2(I),Table2(I)
UNFCCC CRT 2025,2025-04-15,1993,2,Total industrial processes,16822.87243073113,16801.403091153632,0.754635,0.0,0.33955957749999993,0.0,0.0,reported_directly_in_CRT_Table2(I),Table2(I)
UNFCCC CRT 2025,2025-04-15,1993,2.A,Mineral industry,1677.11288921176,1677.11288921176,0.0,0.0,0.0,0.0,0.0,reported_directly_in_CRT_Table2(I),Table2(I)
UNFCCC CRT 2025,2025-04-15,1993,2.A.1,Cement production,352.883,352.883,0.0,0.0,0.0,0.0,0.0,reported_directly_in_CRT_Table2(I),Table2(I)
UNFCCC CRT 2025,2025-04-15,1993,2.A.2,Lime production,849.435,849.435,0.0,0.0,0.0,0.0,0.0,reported_directly_in_CRT_Table2(I),Table2(I)
UNFCCC CRT 2025,2025-04-15,1993,2.A.3,Glass production,0.0,0.0,0.0,0.0,0.0,0.0,0.0,reported_directly_in_CRT_Table2(I),Table2(I)
UNFCCC CRT 2025,2025-04-15,1993,2.A.4,Other process uses of carbonates,474.79488921175994,474.79488921175994,0.0,0.0,0.0,0.0,0.0,reported_directly_in_CRT_Table2(I),Table2(I)
UNFCCC CRT 2025,2025-04-15,1993,2.B,Chemical industry,379.11324136392,379.11324136392,0.0,0.0,0.0,0.0,0.0,reported_directly_in_CRT_Table2(I),Table2(I)
UNFCCC CRT 2025,2025-04-15,1993,2.B.1,Ammonia production,244.33384136392002,244.33384136392002,0.0,0.0,0.0,0.0,0.0,reported_directly_in_CRT_Table2(I),Table2(I)
UNFCCC CRT 2025,2025-04-15,1993,2.B.2,Nitric acid production,0.0,0.0,0.0,0.0,0.0,0.0,0.0,reported_directly_in_CRT_Table2(I),Table2(I)
UNFCCC CRT 2025,2025-04-15,1993,2.B.3,Adipic acid production,0.0,0.0,0.0,0.0,0.0,0.0,0.0,reported_directly_in_CRT_Table2(I),Table2(I)
UNFCCC CRT 2025,2025-04-15,1993,2.B.4,"Caprolactam, glyoxal and glyoxylic acid production",0.0,0.0,0.0,0.0,0.0,0.0,0.0,reported_directly_in_CRT_Table2(I),Table2(I)
UNFCCC CRT 2025,2025-04-15,1993,2.B.5,Carbide production,134.77939999999998,134.77939999999998,0.0,0.0,0.0,0.0,0.0,reported_directly_in_CRT_Table2(I),Table2(I)
UNFCCC CRT 2025,2025-04-15,1993,2.B.6,Titanium dioxide production,0.0,0.0,0.0,0.0,0.0,0.0,0.0,reported_directly_in_CRT_Table2(I),Table2(I)
UNFCCC CRT 2025,2025-04-15,1993,2.B.7,Soda ash production,0.0,0.0,0.0,0.0,0.0,0.0,0.0,reported_directly_in_CRT_Table2(I),Table2(I)
UNFCCC CRT 2025,2025-04-15,1993,2.B.8,Petrochemical and carbon black production,0.0,0.0,0.0,0.0,0.0,0.0,0.0,reported_directly_in_CRT_Table2(I),Table2(I)
UNFCCC CRT 2025,2025-04-15,1993,2.B.9,Fluorochemical production,0.0,0.0,0.0,0.0,0.0,0.0,0.0,reported_directly_in_CRT_Table2(I),Table2(I)
UNFCCC CRT 2025,2025-04-15,1993,2.B.10,Other,0.0,0.0,0.0,0.0,0.0,0.0,0.0,reported_directly_in_CRT_Table2(I),Table2(I)
UNFCCC CRT 2025,2025-04-15,1993,2.C,Metal industry,14764.301904737948,14743.172124737948,0.754635,0.0,0.0,0.0,0.0,reported_directly_in_CRT_Table2(I),Table2(I)
UNFCCC CRT 2025,2025-04-15,1993,2.C.1,Iron and steel production,12562.159975033948,12549.565015033948,0.44982,0.0,0.0,0.0,0.0,reported_directly_in_CRT_Table2(I),Table2(I)
UNFCCC CRT 2025,2025-04-15,1993,2.C.2,Ferroalloys production,2027.1144497039998,2018.5796297039997,0.304815,0.0,0.0,0.0,0.0,reported_directly_in_CRT_Table2(I),Table2(I)
UNFCCC CRT 2025,2025-04-15,1993,2.C.3,Aluminium production,0.0,0.0,0.0,0.0,0.0,0.0,0.0,reported_directly_in_CRT_Table2(I),Table2(I)
UNFCCC CRT 2025,2025-04-15,1993,2.C.4,Magnesium production,0.0,0.0,0.0,0.0,0.0,0.0,0.0,reported_directly_in_CRT_Table2(I),Table2(I)
UNFCCC CRT 2025,2025-04-15,1993,2.C.5,Lead production,132.65200000000002,132.65200000000002,0.0,0.0,0.0,0.0,0.0,reported_directly_in_CRT_Table2(I),Table2(I)
UNFCCC CRT 2025,2025-04-15,1993,2.C.6,Zinc production,42.37548,42.37548,0.0,0.0,0.0,0.0,0.0,reported_directly_in_CRT_Table2(I),Table2(I)
UNFCCC CRT 2025,2025-04-15,1993,2.C.7,Other,0.0,0.0,0.0,0.0,0.0,0.0,0.0,reported_directly_in_CRT_Table2(I),Table2(I)
UNFCCC CRT 2025,2025-04-15,1993,2.D,Non-energy products from fuels and solvent use (4),2.004835840000214,2.004835840000214,0.0,0.0,0.0,0.0,0.0,reported_directly_in_CRT_Table2(I),Table2(I)
UNFCCC CRT 2025,2025-04-15,1993,2.D.1,Lubricant use,2.0046,2.0046,0.0,0.0,0.0,0.0,0.0,reported_directly_in_CRT_Table2(I),Table2(I)
UNFCCC CRT 2025,2025-04-15,1993,2.D.2,Paraffin wax use,0.00023584000021440002,0.00023584000021440002,0.0,0.0,0.0,0.0,0.0,reported_directly_in_CRT_Table2(I),Table2(I)
UNFCCC CRT 2025,2025-04-15,1993,2.D.3,Other,0.0,0.0,0.0,0.0,0.0,0.0,0.0,reported_directly_in_CRT_Table2(I),Table2(I)
UNFCCC CRT 2025,2025-04-15,1993,2.E,Electronics industry,0.0,0.0,0.0,0.0,0.0,0.0,0.0,reported_directly_in_CRT_Table2(I),Table2(I)
UNFCCC CRT 2025,2025-04-15,1993,2.E.1,Integrated circuit or semiconductor,0.0,0.0,0.0,0.0,0.0,0.0,0.0,reported_directly_in_CRT_Table2(I),Table2(I)
UNFCCC CRT 2025,2025-04-15,1993,2.E.2,TFT flat panel display,0.0,0.0,0.0,0.0,0.0,0.0,0.0,reported_directly_in_CRT_Table2(I),Table2(I)
UNFCCC CRT 2025,2025-04-15,1993,2.E.3,Photovoltaics,0.0,0.0,0.0,0.0,0.0,0.0,0.0,reported_directly_in_CRT_Table2(I),Table2(I)
UNFCCC CRT 2025,2025-04-15,1993,2.E.4,Heat transfer fluid,0.0,0.0,0.0,0.0,0.0,0.0,0.0,reported_directly_in_CRT_Table2(I),Table2(I)
UNFCCC CRT 2025,2025-04-15,1993,2.E.5,Other,0.0,0.0,0.0,0.0,0.0,0.0,0.0,reported_directly_in_CRT_Table2(I),Table2(I)
UNFCCC CRT 2025,2025-04-15,1993,2.F,Product uses as substitutes for ODS,0.33955957749999993,0.0,0.0,0.0,0.33955957749999993,0.0,0.0,reported_directly_in_CRT_Table2(I),Table2(I)
UNFCCC CRT 2025,2025-04-15,1993,2.F.1,Refrigeration and air conditioning,0.33955957749999993,0.0,0.0,0.0,0.33955957749999993,0.0,0.0,reported_directly_in_CRT_Table2(I),Table2(I)
UNFCCC CRT 2025,2025-04-15,1993,2.F.2,Foam blowing agents,0.0,0.0,0.0,0.0,0.0,0.0,0.0,reported_directly_in_CRT_Table2(I),Table2(I)
UNFCCC CRT 2025,2025-04-15,1993,2.F.3,Fire protection,0.0,0.0,0.0,0.0,0.0,0.0,0.0,reported_directly_in_CRT_Table2(I),Table2(I)
UNFCCC CRT 2025,2025-04-15,1993,2.F.4,Aerosols,0.0,0.0,0.0,0.0,0.0,0.0,0.0,reported_directly_in_CRT_Table2(I),Table2(I)
UNFCCC CRT 2025,2025-04-15,1993,2.F.5,Solvents,0.0,0.0,0.0,0.0,0.0,0.0,0.0,reported_directly_in_CRT_Table2(I),Table2(I)
UNFCCC CRT 2025,2025-04-15,1993,2.F.6,Other applications,0.0,0.0,0.0,0.0,0.0,0.0,0.0,reported_directly_in_CRT_Table2(I),Table2(I)
UNFCCC CRT 2025,2025-04-15,1993,2.G,Other product manufacture and use,0.0,0.0,0.0,0.0,0.0,0.0,0.0,reported_directly_in_CRT_Table2(I),Table2(I)
UNFCCC CRT 2025,2025-04-15,1993,2.G.1,Electrical equipment,0.0,0.0,0.0,0.0,0.0,0.0,0.0,reported_directly_in_CRT_Table2(I),Table2(I)
UNFCCC CRT 2025,2025-04-15,1993,2.G.2,SF6 and PFCs from other product use,0.0,0.0,0.0,0.0,0.0,0.0,0.0,reported_directly_in_CRT_Table2(I),Table2(I)
UNFCCC CRT 2025,2025-04-15,1993,2.G.3,N2O from product uses,0.0,0.0,0.0,0.0,0.0,0.0,0.0,reported_directly_in_CRT_Table2(I),Table2(I)
UNFCCC CRT 2025,2025-04-15,1993,2.G.4,Other,0.0,0.0,0.0,0.0,0.0,0.0,0.0,reported_directly_in_CRT_Table2(I),Table2(I)
UNFCCC CRT 2025,2025-04-15,1993,2.H,Other (5),0.0,0.0,0.0,0.0,0.0,0.0,0.0,reported_directly_in_CRT_Table2(I),Table2(I)
UNFCCC CRT 2025,2025-04-15,1993,2.H.1,Pulp and paper,0.0,0.0,0.0,0.0,0.0,0.0,0.0,reported_directly_in_CRT_Table2(I),Table2(I)
UNFCCC CRT 2025,2025-04-15,1993,2.H.2,Food and beverages industry,0.0,0.0,0.0,0.0,0.0,0.0,0.0,reported_directly_in_CRT_Table2(I),Table2(I)
UNFCCC CRT 2025,2025-04-15,1993,2.H.3,Other (please specify),0.0,0.0,0.0,0.0,0.0,0.0,0.0,reported_directly_in_CRT_Table2(I),Table2(I)
UNFCCC CRT 2025,2025-04-15,1994,2,Total industrial processes,12686.477154501561,12672.03157801756,0.47537700000000005,0.0,1.135020484,0.0,0.0,reported_directly_in_CRT_Table2(I),Table2(I)
UNFCCC CRT 2025,2025-04-15,1994,2.A,Mineral industry,1194.9039167904,1194.9039167904,0.0,0.0,0.0,0.0,0.0,reported_directly_in_CRT_Table2(I),Table2(I)
UNFCCC CRT 2025,2025-04-15,1994,2.A.1,Cement production,168.706,168.706,0.0,0.0,0.0,0.0,0.0,reported_directly_in_CRT_Table2(I),Table2(I)
UNFCCC CRT 2025,2025-04-15,1994,2.A.2,Lime production,547.817,547.817,0.0,0.0,0.0,0.0,0.0,reported_directly_in_CRT_Table2(I),Table2(I)
UNFCCC CRT 2025,2025-04-15,1994,2.A.3,Glass production,0.0,0.0,0.0,0.0,0.0,0.0,0.0,reported_directly_in_CRT_Table2(I),Table2(I)
UNFCCC CRT 2025,2025-04-15,1994,2.A.4,Other process uses of carbonates,478.3809167904,478.3809167904,0.0,0.0,0.0,0.0,0.0,reported_directly_in_CRT_Table2(I),Table2(I)
UNFCCC CRT 2025,2025-04-15,1994,2.B,Chemical industry,171.00452165458668,171.00452165458668,0.0,0.0,0.0,0.0,0.0,reported_directly_in_CRT_Table2(I),Table2(I)
UNFCCC CRT 2025,2025-04-15,1994,2.B.1,Ammonia production,91.48872165458668,91.48872165458668,0.0,0.0,0.0,0.0,0.0,reported_directly_in_CRT_Table2(I),Table2(I)
UNFCCC CRT 2025,2025-04-15,1994,2.B.2,Nitric acid production,0.0,0.0,0.0,0.0,0.0,0.0,0.0,reported_directly_in_CRT_Table2(I),Table2(I)
UNFCCC CRT 2025,2025-04-15,1994,2.B.3,Adipic acid production,0.0,0.0,0.0,0.0,0.0,0.0,0.0,reported_directly_in_CRT_Table2(I),Table2(I)
UNFCCC CRT 2025,2025-04-15,1994,2.B.4,"Caprolactam, glyoxal and glyoxylic acid production",0.0,0.0,0.0,0.0,0.0,0.0,0.0,reported_directly_in_CRT_Table2(I),Table2(I)
UNFCCC CRT 2025,2025-04-15,1994,2.B.5,Carbide production,79.5158,79.5158,0.0,0.0,0.0,0.0,0.0,reported_directly_in_CRT_Table2(I),Table2(I)
UNFCCC CRT 2025,2025-04-15,1994,2.B.6,Titanium dioxide production,0.0,0.0,0.0,0.0,0.0,0.0,0.0,reported_directly_in_CRT_Table2(I),Table2(I)
UNFCCC CRT 2025,2025-04-15,1994,2.B.7,Soda ash production,0.0,0.0,0.0,0.0,0.0,0.0,0.0,reported_directly_in_CRT_Table2(I),Table2(I)
UNFCCC CRT 2025,2025-04-15,1994,2.B.8,Petrochemical and carbon black production,0.0,0.0,0.0,0.0,0.0,0.0,0.0,reported_directly_in_CRT_Table2(I),Table2(I)
UNFCCC CRT 2025,2025-04-15,1994,2.B.9,Fluorochemical production,0.0,0.0,0.0,0.0,0.0,0.0,0.0,reported_directly_in_CRT_Table2(I),Table2(I)
UNFCCC CRT 2025,2025-04-15,1994,2.B.10,Other,0.0,0.0,0.0,0.0,0.0,0.0,0.0,reported_directly_in_CRT_Table2(I),Table2(I)
UNFCCC CRT 2025,2025-04-15,1994,2.C,Metal industry,11317.547400772573,11304.236844772573,0.47537700000000005,0.0,0.0,0.0,0.0,reported_directly_in_CRT_Table2(I),Table2(I)
UNFCCC CRT 2025,2025-04-15,1994,2.C.1,Iron and steel production,9897.817684772574,9888.989844772574,0.31528,0.0,0.0,0.0,0.0,reported_directly_in_CRT_Table2(I),Table2(I)
UNFCCC CRT 2025,2025-04-15,1994,2.C.2,Ferroalloys production,1287.677156,1283.19444,0.16009700000000002,0.0,0.0,0.0,0.0,reported_directly_in_CRT_Table2(I),Table2(I)
UNFCCC CRT 2025,2025-04-15,1994,2.C.3,Aluminium production,0.0,0.0,0.0,0.0,0.0,0.0,0.0,reported_directly_in_CRT_Table2(I),Table2(I)
UNFCCC CRT 2025,2025-04-15,1994,2.C.4,Magnesium production,0.0,0.0,0.0,0.0,0.0,0.0,0.0,reported_directly_in_CRT_Table2(I),Table2(I)
UNFCCC CRT 2025,2025-04-15,1994,2.C.5,Lead production,71.604,71.604,0.0,0.0,0.0,0.0,0.0,reported_directly_in_CRT_Table2(I),Table2(I)
UNFCCC CRT 2025,2025-04-15,1994,2.C.6,Zinc production,60.44856000000001,60.44856000000001,0.0,0.0,0.0,0.0,0.0,reported_directly_in_CRT_Table2(I),Table2(I)
UNFCCC CRT 2025,2025-04-15,1994,2.C.7,Other,0.0,0.0,0.0,0.0,0.0,0.0,0.0,reported_directly_in_CRT_Table2(I),Table2(I)
UNFCCC CRT 2025,2025-04-15,1994,2.D,Non-energy products from fuels and solvent use (4),1.886294800000268,1.886294800000268,0.0,0.0,0.0,0.0,0.0,reported_directly_in_CRT_Table2(I),Table2(I)
UNFCCC CRT 2025,2025-04-15,1994,2.D.1,Lubricant use,1.886,1.886,0.0,0.0,0.0,0.0,0.0,reported_directly_in_CRT_Table2(I),Table2(I)
UNFCCC CRT 2025,2025-04-15,1994,2.D.2,Paraffin wax use,0.00029480000026800015,0.00029480000026800015,0.0,0.0,0.0,0.0,0.0,reported_directly_in_CRT_Table2(I),Table2(I)
UNFCCC CRT 2025,2025-04-15,1994,2.D.3,Other,0.0,0.0,0.0,0.0,0.0,0.0,0.0,reported_directly_in_CRT_Table2(I),Table2(I)
UNFCCC CRT 2025,2025-04-15,1994,2.E,Electronics industry,0.0,0.0,0.0,0.0,0.0,0.0,0.0,reported_directly_in_CRT_Table2(I),Table2(I)
UNFCCC CRT 2025,2025-04-15,1994,2.E.1,Integrated circuit or semiconductor,0.0,0.0,0.0,0.0,0.0,0.0,0.0,reported_directly_in_CRT_Table2(I),Table2(I)
UNFCCC CRT 2025,2025-04-15,1994,2.E.2,TFT flat panel display,0.0,0.0,0.0,0.0,0.0,0.0,0.0,reported_directly_in_CRT_Table2(I),Table2(I)
UNFCCC CRT 2025,2025-04-15,1994,2.E.3,Photovoltaics,0.0,0.0,0.0,0.0,0.0,0.0,0.0,reported_directly_in_CRT_Table2(I),Table2(I)
UNFCCC CRT 2025,2025-04-15,1994,2.E.4,Heat transfer fluid,0.0,0.0,0.0,0.0,0.0,0.0,0.0,reported_directly_in_CRT_Table2(I),Table2(I)
UNFCCC CRT 2025,2025-04-15,1994,2.E.5,Other,0.0,0.0,0.0,0.0,0.0,0.0,0.0,reported_directly_in_CRT_Table2(I),Table2(I)
UNFCCC CRT 2025,2025-04-15,1994,2.F,Product uses as substitutes for ODS,1.135020484,0.0,0.0,0.0,1.135020484,0.0,0.0,reported_directly_in_CRT_Table2(I),Table2(I)
UNFCCC CRT 2025,2025-04-15,1994,2.F.1,Refrigeration and air conditioning,1.135020484,0.0,0.0,0.0,1.135020484,0.0,0.0,reported_directly_in_CRT_Table2(I),Table2(I)
UNFCCC CRT 2025,2025-04-15,1994,2.F.2,Foam blowing agents,0.0,0.0,0.0,0.0,0.0,0.0,0.0,reported_directly_in_CRT_Table2(I),Table2(I)
UNFCCC CRT 2025,2025-04-15,1994,2.F.3,Fire protection,0.0,0.0,0.0,0.0,0.0,0.0,0.0,reported_directly_in_CRT_Table2(I),Table2(I)
UNFCCC CRT 2025,2025-04-15,1994,2.F.4,Aerosols,0.0,0.0,0.0,0.0,0.0,0.0,0.0,reported_directly_in_CRT_Table2(I),Table2(I)
UNFCCC CRT 2025,2025-04-15,1994,2.F.5,Solvents,0.0,0.0,0.0,0.0,0.0,0.0,0.0,reported_directly_in_CRT_Table2(I),Table2(I)
UNFCCC CRT 2025,2025-04-15,1994,2.F.6,Other applications,0.0,0.0,0.0,0.0,0.0,0.0,0.0,reported_directly_in_CRT_Table2(I),Table2(I)
UNFCCC CRT 2025,2025-04-15,1994,2.G,Other product manufacture and use,0.0,0.0,0.0,0.0,0.0,0.0,0.0,reported_directly_in_CRT_Table2(I),Table2(I)
UNFCCC CRT 2025,2025-04-15,1994,2.G.1,Electrical equipment,0.0,0.0,0.0,0.0,0.0,0.0,0.0,reported_directly_in_CRT_Table2(I),Table2(I)
UNFCCC CRT 2025,2025-04-15,1994,2.G.2,SF6 and PFCs from other product use,0.0,0.0,0.0,0.0,0.0,0.0,0.0,reported_directly_in_CRT_Table2(I),Table2(I)
UNFCCC CRT 2025,2025-04-15,1994,2.G.3,N2O from product uses,0.0,0.0,0.0,0.0,0.0,0.0,0.0,reported_directly_in_CRT_Table2(I),Table2(I)
UNFCCC CRT 2025,2025-04-15,1994,2.G.4,Other,0.0,0.0,0.0,0.0,0.0,0.0,0.0,reported_directly_in_CRT_Table2(I),Table2(I)
UNFCCC CRT 2025,2025-04-15,1994,2.H,Other (5),0.0,0.0,0.0,0.0,0.0,0.0,0.0,reported_directly_in_CRT_Table2(I),Table2(I)
UNFCCC CRT 2025,2025-04-15,1994,2.H.1,Pulp and paper,0.0,0.0,0.0,0.0,0.0,0.0,0.0,reported_directly_in_CRT_Table2(I),Table2(I)
UNFCCC CRT 2025,2025-04-15,1994,2.H.2,Food and beverages industry,0.0,0.0,0.0,0.0,0.0,0.0,0.0,reported_directly_in_CRT_Table2(I),Table2(I)
UNFCCC CRT 2025,2025-04-15,1994,2.H.3,Other (please specify),0.0,0.0,0.0,0.0,0.0,0.0,0.0,reported_directly_in_CRT_Table2(I),Table2(I)
UNFCCC CRT 2025,2025-04-15,1995,2,Total industrial processes,13991.216058472983,13973.480066317663,0.48628800000000005,0.0,4.11992815532,0.0,0.0,reported_directly_in_CRT_Table2(I),Table2(I)
UNFCCC CRT 2025,2025-04-15,1995,2.A,Mineral industry,1228.0758923224,1228.0758923224,0.0,0.0,0.0,0.0,0.0,reported_directly_in_CRT_Table2(I),Table2(I)
UNFCCC CRT 2025,2025-04-15,1995,2.A.1,Cement production,97.929,97.929,0.0,0.0,0.0,0.0,0.0,reported_directly_in_CRT_Table2(I),Table2(I)
UNFCCC CRT 2025,2025-04-15,1995,2.A.2,Lime production,552.646,552.646,0.0,0.0,0.0,0.0,0.0,reported_directly_in_CRT_Table2(I),Table2(I)
UNFCCC CRT 2025,2025-04-15,1995,2.A.3,Glass production,0.0,0.0,0.0,0.0,0.0,0.0,0.0,reported_directly_in_CRT_Table2(I),Table2(I)
UNFCCC CRT 2025,2025-04-15,1995,2.A.4,Other process uses of carbonates,577.5008923224001,577.5008923224001,0.0,0.0,0.0,0.0,0.0,reported_directly_in_CRT_Table2(I),Table2(I)
UNFCCC CRT 2025,2025-04-15,1995,2.B,Chemical industry,228.27980123989335,228.27980123989335,0.0,0.0,0.0,0.0,0.0,reported_directly_in_CRT_Table2(I),Table2(I)
UNFCCC CRT 2025,2025-04-15,1995,2.B.1,Ammonia production,129.26330123989334,129.26330123989334,0.0,0.0,0.0,0.0,0.0,reported_directly_in_CRT_Table2(I),Table2(I)
UNFCCC CRT 2025,2025-04-15,1995,2.B.2,Nitric acid production,0.0,0.0,0.0,0.0,0.0,0.0,0.0,reported_directly_in_CRT_Table2(I),Table2(I)
UNFCCC CRT 2025,2025-04-15,1995,2.B.3,Adipic acid production,0.0,0.0,0.0,0.0,0.0,0.0,0.0,reported_directly_in_CRT_Table2(I),Table2(I)
UNFCCC CRT 2025,2025-04-15,1995,2.B.4,"Caprolactam, glyoxal and glyoxylic acid production",0.0,0.0,0.0,0.0,0.0,0.0,0.0,reported_directly_in_CRT_Table2(I),Table2(I)
UNFCCC CRT 2025,2025-04-15,1995,2.B.5,Carbide production,99.0165,99.0165,0.0,0.0,0.0,0.0,0.0,reported_directly_in_CRT_Table2(I),Table2(I)
UNFCCC CRT 2025,2025-04-15,1995,2.B.6,Titanium dioxide production,0.0,0.0,0.0,0.0,0.0,0.0,0.0,reported_directly_in_CRT_Table2(I),Table2(I)
UNFCCC CRT 2025,2025-04-15,1995,2.B.7,Soda ash production,0.0,0.0,0.0,0.0,0.0,0.0,0.0,reported_directly_in_CRT_Table2(I),Table2(I)
UNFCCC CRT 2025,2025-04-15,1995,2.B.8,Petrochemical and carbon black production,0.0,0.0,0.0,0.0,0.0,0.0,0.0,reported_directly_in_CRT_Table2(I),Table2(I)
UNFCCC CRT 2025,2025-04-15,1995,2.B.9,Fluorochemical production,0.0,0.0,0.0,0.0,0.0,0.0,0.0,reported_directly_in_CRT_Table2(I),Table2(I)
UNFCCC CRT 2025,2025-04-15,1995,2.B.10,Other,0.0,0.0,0.0,0.0,0.0,0.0,0.0,reported_directly_in_CRT_Table2(I),Table2(I)
UNFCCC CRT 2025,2025-04-15,1995,2.C,Metal industry,12529.02908299537,12515.41301899537,0.48628800000000005,0.0,0.0,0.0,0.0,reported_directly_in_CRT_Table2(I),Table2(I)
UNFCCC CRT 2025,2025-04-15,1995,2.C.1,Iron and steel production,10812.467482995371,10804.47068299537,0.2856,0.0,0.0,0.0,0.0,reported_directly_in_CRT_Table2(I),Table2(I)
UNFCCC CRT 2025,2025-04-15,1995,2.C.2,Ferroalloys production,1599.36192,1593.7426560000001,0.200688,0.0,0.0,0.0,0.0,reported_directly_in_CRT_Table2(I),Table2(I)
UNFCCC CRT 2025,2025-04-15,1995,2.C.3,Aluminium production,0.0,0.0,0.0,0.0,0.0,0.0,0.0,reported_directly_in_CRT_Table2(I),Table2(I)
UNFCCC CRT 2025,2025-04-15,1995,2.C.4,Magnesium production,0.0,0.0,0.0,0.0,0.0,0.0,0.0,reported_directly_in_CRT_Table2(I),Table2(I)
UNFCCC CRT 2025,2025-04-15,1995,2.C.5,Lead production,46.02,46.02,0.0,0.0,0.0,0.0,0.0,reported_directly_in_CRT_Table2(I),Table2(I)
UNFCCC CRT 2025,2025-04-15,1995,2.C.6,Zinc production,71.17968,71.17968,0.0,0.0,0.0,0.0,0.0,reported_directly_in_CRT_Table2(I),Table2(I)
UNFCCC CRT 2025,2025-04-15,1995,2.C.7,Other,0.0,0.0,0.0,0.0,0.0,0.0,0.0,reported_directly_in_CRT_Table2(I),Table2(I)
UNFCCC CRT 2025,2025-04-15,1995,2.D,Non-energy products from fuels and solvent use (4),1.7113537600003217,1.7113537600003217,0.0,0.0,0.0,0.0,0.0,reported_directly_in_CRT_Table2(I),Table2(I)
UNFCCC CRT 2025,2025-04-15,1995,2.D.1,Lubricant use,1.711,1.711,0.0,0.0,0.0,0.0,0.0,reported_directly_in_CRT_Table2(I),Table2(I)
UNFCCC CRT 2025,2025-04-15,1995,2.D.2,Paraffin wax use,0.00035376000032160006,0.00035376000032160006,0.0,0.0,0.0,0.0,0.0,reported_directly_in_CRT_Table2(I),Table2(I)
UNFCCC CRT 2025,2025-04-15,1995,2.D.3,Other,0.0,0.0,0.0,0.0,0.0,0.0,0.0,reported_directly_in_CRT_Table2(I),Table2(I)
UNFCCC CRT 2025,2025-04-15,1995,2.E,Electronics industry,0.0,0.0,0.0,0.0,0.0,0.0,0.0,reported_directly_in_CRT_Table2(I),Table2(I)
UNFCCC CRT 2025,2025-04-15,1995,2.E.1,Integrated circuit or semiconductor,0.0,0.0,0.0,0.0,0.0,0.0,0.0,reported_directly_in_CRT_Table2(I),Table2(I)
UNFCCC CRT 2025,2025-04-15,1995,2.E.2,TFT flat panel display,0.0,0.0,0.0,0.0,0.0,0.0,0.0,reported_directly_in_CRT_Table2(I),Table2(I)
UNFCCC CRT 2025,2025-04-15,1995,2.E.3,Photovoltaics,0.0,0.0,0.0,0.0,0.0,0.0,0.0,reported_directly_in_CRT_Table2(I),Table2(I)
UNFCCC CRT 2025,2025-04-15,1995,2.E.4,Heat transfer fluid,0.0,0.0,0.0,0.0,0.0,0.0,0.0,reported_directly_in_CRT_Table2(I),Table2(I)
UNFCCC CRT 2025,2025-04-15,1995,2.E.5,Other,0.0,0.0,0.0,0.0,0.0,0.0,0.0,reported_directly_in_CRT_Table2(I),Table2(I)
UNFCCC CRT 2025,2025-04-15,1995,2.F,Product uses as substitutes for ODS,4.11992815532,0.0,0.0,0.0,4.11992815532,0.0,0.0,reported_directly_in_CRT_Table2(I),Table2(I)
UNFCCC CRT 2025,2025-04-15,1995,2.F.1,Refrigeration and air conditioning,4.11992815532,0.0,0.0,0.0,4.11992815532,0.0,0.0,reported_directly_in_CRT_Table2(I),Table2(I)
UNFCCC CRT 2025,2025-04-15,1995,2.F.2,Foam blowing agents,0.0,0.0,0.0,0.0,0.0,0.0,0.0,reported_directly_in_CRT_Table2(I),Table2(I)
UNFCCC CRT 2025,2025-04-15,1995,2.F.3,Fire protection,0.0,0.0,0.0,0.0,0.0,0.0,0.0,reported_directly_in_CRT_Table2(I),Table2(I)
UNFCCC CRT 2025,2025-04-15,1995,2.F.4,Aerosols,0.0,0.0,0.0,0.0,0.0,0.0,0.0,reported_directly_in_CRT_Table2(I),Table2(I)
UNFCCC CRT 2025,2025-04-15,1995,2.F.5,Solvents,0.0,0.0,0.0,0.0,0.0,0.0,0.0,reported_directly_in_CRT_Table2(I),Table2(I)
UNFCCC CRT 2025,2025-04-15,1995,2.F.6,Other applications,0.0,0.0,0.0,0.0,0.0,0.0,0.0,reported_directly_in_CRT_Table2(I),Table2(I)
UNFCCC CRT 2025,2025-04-15,1995,2.G,Other product manufacture and use,0.0,0.0,0.0,0.0,0.0,0.0,0.0,reported_directly_in_CRT_Table2(I),Table2(I)
UNFCCC CRT 2025,2025-04-15,1995,2.G.1,Electrical equipment,0.0,0.0,0.0,0.0,0.0,0.0,0.0,reported_directly_in_CRT_Table2(I),Table2(I)
UNFCCC CRT 2025,2025-04-15,1995,2.G.2,SF6 and PFCs from other product use,0.0,0.0,0.0,0.0,0.0,0.0,0.0,reported_directly_in_CRT_Table2(I),Table2(I)
UNFCCC CRT 2025,2025-04-15,1995,2.G.3,N2O from product uses,0.0,0.0,0.0,0.0,0.0,0.0,0.0,reported_directly_in_CRT_Table2(I),Table2(I)
UNFCCC CRT 2025,2025-04-15,1995,2.G.4,Other,0.0,0.0,0.0,0.0,0.0,0.0,0.0,reported_directly_in_CRT_Table2(I),Table2(I)
UNFCCC CRT 2025,2025-04-15,1995,2.H,Other (5),0.0,0.0,0.0,0.0,0.0,0.0,0.0,reported_directly_in_CRT_Table2(I),Table2(I)
UNFCCC CRT 2025,2025-04-15,1995,2.H.1,Pulp and paper,0.0,0.0,0.0,0.0,0.0,0.0,0.0,reported_directly_in_CRT_Table2(I),Table2(I)
UNFCCC CRT 2025,2025-04-15,1995,2.H.2,Food and beverages industry,0.0,0.0,0.0,0.0,0.0,0.0,0.0,reported_directly_in_CRT_Table2(I),Table2(I)
UNFCCC CRT 2025,2025-04-15,1995,2.H.3,Other (please specify),0.0,0.0,0.0,0.0,0.0,0.0,0.0,reported_directly_in_CRT_Table2(I),Table2(I)
UNFCCC CRT 2025,2025-04-15,1996,2,Total industrial processes,12257.786189204246,12243.130328287125,0.334833,0.0,5.28053691712,0.0,0.0,reported_directly_in_CRT_Table2(I),Table2(I)
UNFCCC CRT 2025,2025-04-15,1996,2.A,Mineral industry,1084.9649060000002,1084.9649060000002,0.0,0.0,0.0,0.0,0.0,reported_directly_in_CRT_Table2(I),Table2(I)
UNFCCC CRT 2025,2025-04-15,1996,2.A.1,Cement production,15.839,15.839,0.0,0.0,0.0,0.0,0.0,reported_directly_in_CRT_Table2(I),Table2(I)
UNFCCC CRT 2025,2025-04-15,1996,2.A.2,Lime production,428.55,428.55,0.0,0.0,0.0,0.0,0.0,reported_directly_in_CRT_Table2(I),Table2(I)
UNFCCC CRT 2025,2025-04-15,1996,2.A.3,Glass production,0.0,0.0,0.0,0.0,0.0,0.0,0.0,reported_directly_in_CRT_Table2(I),Table2(I)
UNFCCC CRT 2025,2025-04-15,1996,2.A.4,Other process uses of carbonates,640.575906,640.575906,0.0,0.0,0.0,0.0,0.0,reported_directly_in_CRT_Table2(I),Table2(I)
UNFCCC CRT 2025,2025-04-15,1996,2.B,Chemical industry,274.90115562213333,274.90115562213333,0.0,0.0,0.0,0.0,0.0,reported_directly_in_CRT_Table2(I),Table2(I)
UNFCCC CRT 2025,2025-04-15,1996,2.B.1,Ammonia production,198.69865562213332,198.69865562213332,0.0,0.0,0.0,0.0,0.0,reported_directly_in_CRT_Table2(I),Table2(I)
UNFCCC CRT 2025,2025-04-15,1996,2.B.2,Nitric acid production,0.0,0.0,0.0,0.0,0.0,0.0,0.0,reported_directly_in_CRT_Table2(I),Table2(I)
UNFCCC CRT 2025,2025-04-15,1996,2.B.3,Adipic acid production,0.0,0.0,0.0,0.0,0.0,0.0,0.0,reported_directly_in_CRT_Table2(I),Table2(I)
UNFCCC CRT 2025,2025-04-15,1996,2.B.4,"Caprolactam, glyoxal and glyoxylic acid production",0.0,0.0,0.0,0.0,0.0,0.0,0.0,reported_directly_in_CRT_Table2(I),Table2(I)
UNFCCC CRT 2025,2025-04-15,1996,2.B.5,Carbide production,76.2025,76.2025,0.0,0.0,0.0,0.0,0.0,reported_directly_in_CRT_Table2(I),Table2(I)
UNFCCC CRT 2025,2025-04-15,1996,2.B.6,Titanium dioxide production,0.0,0.0,0.0,0.0,0.0,0.0,0.0,reported_directly_in_CRT_Table2(I),Table2(I)
UNFCCC CRT 2025,2025-04-15,1996,2.B.7,Soda ash production,0.0,0.0,0.0,0.0,0.0,0.0,0.0,reported_directly_in_CRT_Table2(I),Table2(I)
UNFCCC CRT 2025,2025-04-15,1996,2.B.8,Petrochemical and carbon black production,0.0,0.0,0.0,0.0,0.0,0.0,0.0,reported_directly_in_CRT_Table2(I),Table2(I)
UNFCCC CRT 2025,2025-04-15,1996,2.B.9,Fluorochemical production,0.0,0.0,0.0,0.0,0.0,0.0,0.0,reported_directly_in_CRT_Table2(I),Table2(I)
UNFCCC CRT 2025,2025-04-15,1996,2.B.10,Other,0.0,0.0,0.0,0.0,0.0,0.0,0.0,reported_directly_in_CRT_Table2(I),Table2(I)
UNFCCC CRT 2025,2025-04-15,1996,2.C,Metal industry,10891.046177944992,10881.670853944992,0.334833,0.0,0.0,0.0,0.0,reported_directly_in_CRT_Table2(I),Table2(I)
UNFCCC CRT 2025,2025-04-15,1996,2.C.1,Iron and steel production,9828.224348648993,9821.019948648993,0.2573,0.0,0.0,0.0,0.0,reported_directly_in_CRT_Table2(I),Table2(I)
UNFCCC CRT 2025,2025-04-15,1996,2.C.2,Ferroalloys production,944.6230492959999,942.4521252959998,0.077533,0.0,0.0,0.0,0.0,reported_directly_in_CRT_Table2(I),Table2(I)
UNFCCC CRT 2025,2025-04-15,1996,2.C.3,Aluminium production,0.0,0.0,0.0,0.0,0.0,0.0,0.0,reported_directly_in_CRT_Table2(I),Table2(I)
UNFCCC CRT 2025,2025-04-15,1996,2.C.4,Magnesium production,0.0,0.0,0.0,0.0,0.0,0.0,0.0,reported_directly_in_CRT_Table2(I),Table2(I)
UNFCCC CRT 2025,2025-04-15,1996,2.C.5,Lead production,34.996,34.996,0.0,0.0,0.0,0.0,0.0,reported_directly_in_CRT_Table2(I),Table2(I)
UNFCCC CRT 2025,2025-04-15,1996,2.C.6,Zinc production,83.20278,83.20278,0.0,0.0,0.0,0.0,0.0,reported_directly_in_CRT_Table2(I),Table2(I)
UNFCCC CRT 2025,2025-04-15,1996,2.C.7,Other,0.0,0.0,0.0,0.0,0.0,0.0,0.0,reported_directly_in_CRT_Table2(I),Table2(I)
UNFCCC CRT 2025,2025-04-15,1996,2.D,Non-energy products from fuels and solvent use (4),1.5934127200003751,1.5934127200003751,0.0,0.0,0.0,0.0,0.0,reported_directly_in_CRT_Table2(I),Table2(I)
UNFCCC CRT 2025,2025-04-15,1996,2.D.1,Lubricant use,1.593,1.593,0.0,0.0,0.0,0.0,0.0,reported_directly_in_CRT_Table2(I),Table2(I)
UNFCCC CRT 2025,2025-04-15,1996,2.D.2,Paraffin wax use,0.0004127200003752001,0.0004127200003752001,0.0,0.0,0.0,0.0,0.0,reported_directly_in_CRT_Table2(I),Table2(I)
UNFCCC CRT 2025,2025-04-15,1996,2.D.3,Other,0.0,0.0,0.0,0.0,0.0,0.0,0.0,reported_directly_in_CRT_Table2(I),Table2(I)
UNFCCC CRT 2025,2025-04-15,1996,2.E,Electronics industry,0.0,0.0,0.0,0.0,0.0,0.0,0.0,reported_directly_in_CRT_Table2(I),Table2(I)
UNFCCC CRT 2025,2025-04-15,1996,2.E.1,Integrated circuit or semiconductor,0.0,0.0,0.0,0.0,0.0,0.0,0.0,reported_directly_in_CRT_Table2(I),Table2(I)
UNFCCC CRT 2025,2025-04-15,1996,2.E.2,TFT flat panel display,0.0,0.0,0.0,0.0,0.0,0.0,0.0,reported_directly_in_CRT_Table2(I),Table2(I)
UNFCCC CRT 2025,2025-04-15,1996,2.E.3,Photovoltaics,0.0,0.0,0.0,0.0,0.0,0.0,0.0,reported_directly_in_CRT_Table2(I),Table2(I)
UNFCCC CRT 2025,2025-04-15,1996,2.E.4,Heat transfer fluid,0.0,0.0,0.0,0.0,0.0,0.0,0.0,reported_directly_in_CRT_Table2(I),Table2(I)
UNFCCC CRT 2025,2025-04-15,1996,2.E.5,Other,0.0,0.0,0.0,0.0,0.0,0.0,0.0,reported_directly_in_CRT_Table2(I),Table2(I)
UNFCCC CRT 2025,2025-04-15,1996,2.F,Product uses as substitutes for ODS,5.28053691712,0.0,0.0,0.0,5.28053691712,0.0,0.0,reported_directly_in_CRT_Table2(I),Table2(I)
UNFCCC CRT 2025,2025-04-15,1996,2.F.1,Refrigeration and air conditioning,5.28053691712,0.0,0.0,0.0,5.28053691712,0.0,0.0,reported_directly_in_CRT_Table2(I),Table2(I)
UNFCCC CRT 2025,2025-04-15,1996,2.F.2,Foam blowing agents,0.0,0.0,0.0,0.0,0.0,0.0,0.0,reported_directly_in_CRT_Table2(I),Table2(I)
UNFCCC CRT 2025,2025-04-15,1996,2.F.3,Fire protection,0.0,0.0,0.0,0.0,0.0,0.0,0.0,reported_directly_in_CRT_Table2(I),Table2(I)
UNFCCC CRT 2025,2025-04-15,1996,2.F.4,Aerosols,0.0,0.0,0.0,0.0,0.0,0.0,0.0,reported_directly_in_CRT_Table2(I),Table2(I)
UNFCCC CRT 2025,2025-04-15,1996,2.F.5,Solvents,0.0,0.0,0.0,0.0,0.0,0.0,0.0,reported_directly_in_CRT_Table2(I),Table2(I)
UNFCCC CRT 2025,2025-04-15,1996,2.F.6,Other applications,0.0,0.0,0.0,0.0,0.0,0.0,0.0,reported_directly_in_CRT_Table2(I),Table2(I)
UNFCCC CRT 2025,2025-04-15,1996,2.G,Other product manufacture and use,0.0,0.0,0.0,0.0,0.0,0.0,0.0,reported_directly_in_CRT_Table2(I),Table2(I)
UNFCCC CRT 2025,2025-04-15,1996,2.G.1,Electrical equipment,0.0,0.0,0.0,0.0,0.0,0.0,0.0,reported_directly_in_CRT_Table2(I),Table2(I)
UNFCCC CRT 2025,2025-04-15,1996,2.G.2,SF6 and PFCs from other product use,0.0,0.0,0.0,0.0,0.0,0.0,0.0,reported_directly_in_CRT_Table2(I),Table2(I)
UNFCCC CRT 2025,2025-04-15,1996,2.G.3,N2O from product uses,0.0,0.0,0.0,0.0,0.0,0.0,0.0,reported_directly_in_CRT_Table2(I),Table2(I)
UNFCCC CRT 2025,2025-04-15,1996,2.G.4,Other,0.0,0.0,0.0,0.0,0.0,0.0,0.0,reported_directly_in_CRT_Table2(I),Table2(I)
UNFCCC CRT 2025,2025-04-15,1996,2.H,Other (5),0.0,0.0,0.0,0.0,0.0,0.0,0.0,reported_directly_in_CRT_Table2(I),Table2(I)
UNFCCC CRT 2025,2025-04-15,1996,2.H.1,Pulp and paper,0.0,0.0,0.0,0.0,0.0,0.0,0.0,reported_directly_in_CRT_Table2(I),Table2(I)
UNFCCC CRT 2025,2025-04-15,1996,2.H.2,Food and beverages industry,0.0,0.0,0.0,0.0,0.0,0.0,0.0,reported_directly_in_CRT_Table2(I),Table2(I)
UNFCCC CRT 2025,2025-04-15,1996,2.H.3,Other (please specify),0.0,0.0,0.0,0.0,0.0,0.0,0.0,reported_directly_in_CRT_Table2(I),Table2(I)
UNFCCC CRT 2025,2025-04-15,1997,2,Total industrial processes,15771.825209539189,15751.815392957269,0.406107,0.0,8.638820581920001,0.0,0.0,reported_directly_in_CRT_Table2(I),Table2(I)
UNFCCC CRT 2025,2025-04-15,1997,2.A,Mineral industry,1117.2325514184001,1117.2325514184001,0.0,0.0,0.0,0.0,0.0,reported_directly_in_CRT_Table2(I),Table2(I)
UNFCCC CRT 2025,2025-04-15,1997,2.A.1,Cement production,46.939,46.939,0.0,0.0,0.0,0.0,0.0,reported_directly_in_CRT_Table2(I),Table2(I)
UNFCCC CRT 2025,2025-04-15,1997,2.A.2,Lime production,428.6268,428.6268,0.0,0.0,0.0,0.0,0.0,reported_directly_in_CRT_Table2(I),Table2(I)
UNFCCC CRT 2025,2025-04-15,1997,2.A.3,Glass production,0.0,0.0,0.0,0.0,0.0,0.0,0.0,reported_directly_in_CRT_Table2(I),Table2(I)
UNFCCC CRT 2025,2025-04-15,1997,2.A.4,Other process uses of carbonates,641.6667514184,641.6667514184,0.0,0.0,0.0,0.0,0.0,reported_directly_in_CRT_Table2(I),Table2(I)
UNFCCC CRT 2025,2025-04-15,1997,2.B,Chemical industry,176.90166851224004,176.90166851224004,0.0,0.0,0.0,0.0,0.0,reported_directly_in_CRT_Table2(I),Table2(I)
UNFCCC CRT 2025,2025-04-15,1997,2.B.1,Ammonia production,151.31666851224003,151.31666851224003,0.0,0.0,0.0,0.0,0.0,reported_directly_in_CRT_Table2(I),Table2(I)
UNFCCC CRT 2025,2025-04-15,1997,2.B.2,Nitric acid production,0.0,0.0,0.0,0.0,0.0,0.0,0.0,reported_directly_in_CRT_Table2(I),Table2(I)
UNFCCC CRT 2025,2025-04-15,1997,2.B.3,Adipic acid production,0.0,0.0,0.0,0.0,0.0,0.0,0.0,reported_directly_in_CRT_Table2(I),Table2(I)
UNFCCC CRT 2025,2025-04-15,1997,2.B.4,"Caprolactam, glyoxal and glyoxylic acid production",0.0,0.0,0.0,0.0,0.0,0.0,0.0,reported_directly_in_CRT_Table2(I),Table2(I)
UNFCCC CRT 2025,2025-04-15,1997,2.B.5,Carbide production,25.585,25.585,0.0,0.0,0.0,0.0,0.0,reported_directly_in_CRT_Table2(I),Table2(I)
UNFCCC CRT 2025,2025-04-15,1997,2.B.6,Titanium dioxide production,0.0,0.0,0.0,0.0,0.0,0.0,0.0,reported_directly_in_CRT_Table2(I),Table2(I)
UNFCCC CRT 2025,2025-04-15,1997,2.B.7,Soda ash production,0.0,0.0,0.0,0.0,0.0,0.0,0.0,reported_directly_in_CRT_Table2(I),Table2(I)
UNFCCC CRT 2025,2025-04-15,1997,2.B.8,Petrochemical and carbon black production,0.0,0.0,0.0,0.0,0.0,0.0,0.0,reported_directly_in_CRT_Table2(I),Table2(I)
UNFCCC CRT 2025,2025-04-15,1997,2.B.9,Fluorochemical production,0.0,0.0,0.0,0.0,0.0,0.0,0.0,reported_directly_in_CRT_Table2(I),Table2(I)
UNFCCC CRT 2025,2025-04-15,1997,2.B.10,Other,0.0,0.0,0.0,0.0,0.0,0.0,0.0,reported_directly_in_CRT_Table2(I),Table2(I)
UNFCCC CRT 2025,2025-04-15,1997,2.C,Metal industry,14467.577697346629,14456.20670134663,0.406107,0.0,0.0,0.0,0.0,reported_directly_in_CRT_Table2(I),Table2(I)
UNFCCC CRT 2025,2025-04-15,1997,2.C.1,Iron and steel production,12409.89927182663,12400.813271826632,0.3245,0.0,0.0,0.0,0.0,reported_directly_in_CRT_Table2(I),Table2(I)
UNFCCC CRT 2025,2025-04-15,1997,2.C.2,Ferroalloys production,1919.08786552,1916.8028695199998,0.081607,0.0,0.0,0.0,0.0,reported_directly_in_CRT_Table2(I),Table2(I)
UNFCCC CRT 2025,2025-04-15,1997,2.C.3,Aluminium production,0.0,0.0,0.0,0.0,0.0,0.0,0.0,reported_directly_in_CRT_Table2(I),Table2(I)
UNFCCC CRT 2025,2025-04-15,1997,2.C.4,Magnesium production,0.0,0.0,0.0,0.0,0.0,0.0,0.0,reported_directly_in_CRT_Table2(I),Table2(I)
UNFCCC CRT 2025,2025-04-15,1997,2.C.5,Lead production,42.64,42.64,0.0,0.0,0.0,0.0,0.0,reported_directly_in_CRT_Table2(I),Table2(I)
UNFCCC CRT 2025,2025-04-15,1997,2.C.6,Zinc production,95.95056,95.95056,0.0,0.0,0.0,0.0,0.0,reported_directly_in_CRT_Table2(I),Table2(I)
UNFCCC CRT 2025,2025-04-15,1997,2.C.7,Other,0.0,0.0,0.0,0.0,0.0,0.0,0.0,reported_directly_in_CRT_Table2(I),Table2(I)
UNFCCC CRT 2025,2025-04-15,1997,2.D,Non-energy products from fuels and solvent use (4),1.4744716800004287,1.4744716800004287,0.0,0.0,0.0,0.0,0.0,reported_directly_in_CRT_Table2(I),Table2(I)
UNFCCC CRT 2025,2025-04-15,1997,2.D.1,Lubricant use,1.474,1.474,0.0,0.0,0.0,0.0,0.0,reported_directly_in_CRT_Table2(I),Table2(I)
UNFCCC CRT 2025,2025-04-15,1997,2.D.2,Paraffin wax use,0.00047168000042880005,0.00047168000042880005,0.0,0.0,0.0,0.0,0.0,reported_directly_in_CRT_Table2(I),Table2(I)
UNFCCC CRT 2025,2025-04-15,1997,2.D.3,Other,0.0,0.0,0.0,0.0,0.0,0.0,0.0,reported_directly_in_CRT_Table2(I),Table2(I)
UNFCCC CRT 2025,2025-04-15,1997,2.E,Electronics industry,0.0,0.0,0.0,0.0,0.0,0.0,0.0,reported_directly_in_CRT_Table2(I),Table2(I)
UNFCCC CRT 2025,2025-04-15,1997,2.E.1,Integrated circuit or semiconductor,0.0,0.0,0.0,0.0,0.0,0.0,0.0,reported_directly_in_CRT_Table2(I),Table2(I)
UNFCCC CRT 2025,2025-04-15,1997,2.E.2,TFT flat panel display,0.0,0.0,0.0,0.0,0.0,0.0,0.0,reported_directly_in_CRT_Table2(I),Table2(I)
UNFCCC CRT 2025,2025-04-15,1997,2.E.3,Photovoltaics,0.0,0.0,0.0,0.0,0.0,0.0,0.0,reported_directly_in_CRT_Table2(I),Table2(I)
UNFCCC CRT 2025,2025-04-15,1997,2.E.4,Heat transfer fluid,0.0,0.0,0.0,0.0,0.0,0.0,0.0,reported_directly_in_CRT_Table2(I),Table2(I)
UNFCCC CRT 2025,2025-04-15,1997,2.E.5,Other,0.0,0.0,0.0,0.0,0.0,0.0,0.0,reported_directly_in_CRT_Table2(I),Table2(I)
UNFCCC CRT 2025,2025-04-15,1997,2.F,Product uses as substitutes for ODS,8.638820581920001,0.0,0.0,0.0,8.638820581920001,0.0,0.0,reported_directly_in_CRT_Table2(I),Table2(I)
UNFCCC CRT 2025,2025-04-15,1997,2.F.1,Refrigeration and air conditioning,8.638820581920001,0.0,0.0,0.0,8.638820581920001,0.0,0.0,reported_directly_in_CRT_Table2(I),Table2(I)
UNFCCC CRT 2025,2025-04-15,1997,2.F.2,Foam blowing agents,0.0,0.0,0.0,0.0,0.0,0.0,0.0,reported_directly_in_CRT_Table2(I),Table2(I)
UNFCCC CRT 2025,2025-04-15,1997,2.F.3,Fire protection,0.0,0.0,0.0,0.0,0.0,0.0,0.0,reported_directly_in_CRT_Table2(I),Table2(I)
UNFCCC CRT 2025,2025-04-15,1997,2.F.4,Aerosols,0.0,0.0,0.0,0.0,0.0,0.0,0.0,reported_directly_in_CRT_Table2(I),Table2(I)
UNFCCC CRT 2025,2025-04-15,1997,2.F.5,Solvents,0.0,0.0,0.0,0.0,0.0,0.0,0.0,reported_directly_in_CRT_Table2(I),Table2(I)
UNFCCC CRT 2025,2025-04-15,1997,2.F.6,Other applications,0.0,0.0,0.0,0.0,0.0,0.0,0.0,reported_directly_in_CRT_Table2(I),Table2(I)
UNFCCC CRT 2025,2025-04-15,1997,2.G,Other product manufacture and use,0.0,0.0,0.0,0.0,0.0,0.0,0.0,reported_directly_in_CRT_Table2(I),Table2(I)
UNFCCC CRT 2025,2025-04-15,1997,2.G.1,Electrical equipment,0.0,0.0,0.0,0.0,0.0,0.0,0.0,reported_directly_in_CRT_Table2(I),Table2(I)
UNFCCC CRT 2025,2025-04-15,1997,2.G.2,SF6 and PFCs from other product use,0.0,0.0,0.0,0.0,0.0,0.0,0.0,reported_directly_in_CRT_Table2(I),Table2(I)
UNFCCC CRT 2025,2025-04-15,1997,2.G.3,N2O from product uses,0.0,0.0,0.0,0.0,0.0,0.0,0.0,reported_directly_in_CRT_Table2(I),Table2(I)
UNFCCC CRT 2025,2025-04-15,1997,2.G.4,Other,0.0,0.0,0.0,0.0,0.0,0.0,0.0,reported_directly_in_CRT_Table2(I),Table2(I)
UNFCCC CRT 2025,2025-04-15,1997,2.H,Other (5),0.0,0.0,0.0,0.0,0.0,0.0,0.0,reported_directly_in_CRT_Table2(I),Table2(I)
UNFCCC CRT 2025,2025-04-15,1997,2.H.1,Pulp and paper,0.0,0.0,0.0,0.0,0.0,0.0,0.0,reported_directly_in_CRT_Table2(I),Table2(I)
UNFCCC CRT 2025,2025-04-15,1997,2.H.2,Food and beverages industry,0.0,0.0,0.0,0.0,0.0,0.0,0.0,reported_directly_in_CRT_Table2(I),Table2(I)
UNFCCC CRT 2025,2025-04-15,1997,2.H.3,Other (please specify),0.0,0.0,0.0,0.0,0.0,0.0,0.0,reported_directly_in_CRT_Table2(I),Table2(I)
UNFCCC CRT 2025,2025-04-15,1998,2,Total industrial processes,16335.101079357979,16229.601473248806,0.38820099999999996,0.0,94.62997810917369,0.0,0.0,reported_directly_in_CRT_Table2(I),Table2(I)
UNFCCC CRT 2025,2025-04-15,1998,2.A,Mineral industry,1628.5659901,1628.5659901,0.0,0.0,0.0,0.0,0.0,reported_directly_in_CRT_Table2(I),Table2(I)
UNFCCC CRT 2025,2025-04-15,1998,2.A.1,Cement production,10.261,10.261,0.0,0.0,0.0,0.0,0.0,reported_directly_in_CRT_Table2(I),Table2(I)
UNFCCC CRT 2025,2025-04-15,1998,2.A.2,Lime production,435.065,435.065,0.0,0.0,0.0,0.0,0.0,reported_directly_in_CRT_Table2(I),Table2(I)
UNFCCC CRT 2025,2025-04-15,1998,2.A.3,Glass production,0.53327,0.53327,0.0,0.0,0.0,0.0,0.0,reported_directly_in_CRT_Table2(I),Table2(I)
UNFCCC CRT 2025,2025-04-15,1998,2.A.4,Other process uses of carbonates,1182.7067201,1182.7067201,0.0,0.0,0.0,0.0,0.0,reported_directly_in_CRT_Table2(I),Table2(I)
UNFCCC CRT 2025,2025-04-15,1998,2.B,Chemical industry,28.655411286879996,28.655411286879996,0.0,0.0,0.0,0.0,0.0,reported_directly_in_CRT_Table2(I),Table2(I)
UNFCCC CRT 2025,2025-04-15,1998,2.B.1,Ammonia production,14.411111286879999,14.411111286879999,0.0,0.0,0.0,0.0,0.0,reported_directly_in_CRT_Table2(I),Table2(I)
UNFCCC CRT 2025,2025-04-15,1998,2.B.2,Nitric acid production,0.0,0.0,0.0,0.0,0.0,0.0,0.0,reported_directly_in_CRT_Table2(I),Table2(I)
UNFCCC CRT 2025,2025-04-15,1998,2.B.3,Adipic acid production,0.0,0.0,0.0,0.0,0.0,0.0,0.0,reported_directly_in_CRT_Table2(I),Table2(I)
UNFCCC CRT 2025,2025-04-15,1998,2.B.4,"Caprolactam, glyoxal and glyoxylic acid production",0.0,0.0,0.0,0.0,0.0,0.0,0.0,reported_directly_in_CRT_Table2(I),Table2(I)
UNFCCC CRT 2025,2025-04-15,1998,2.B.5,Carbide production,14.244299999999999,14.244299999999999,0.0,0.0,0.0,0.0,0.0,reported_directly_in_CRT_Table2(I),Table2(I)
UNFCCC CRT 2025,2025-04-15,1998,2.B.6,Titanium dioxide production,0.0,0.0,0.0,0.0,0.0,0.0,0.0,reported_directly_in_CRT_Table2(I),Table2(I)
UNFCCC CRT 2025,2025-04-15,1998,2.B.7,Soda ash production,0.0,0.0,0.0,0.0,0.0,0.0,0.0,reported_directly_in_CRT_Table2(I),Table2(I)
UNFCCC CRT 2025,2025-04-15,1998,2.B.8,Petrochemical and carbon black production,0.0,0.0,0.0,0.0,0.0,0.0,0.0,reported_directly_in_CRT_Table2(I),Table2(I)
UNFCCC CRT 2025,2025-04-15,1998,2.B.9,Fluorochemical production,0.0,0.0,0.0,0.0,0.0,0.0,0.0,reported_directly_in_CRT_Table2(I),Table2(I)
UNFCCC CRT 2025,2025-04-15,1998,2.B.10,Other,0.0,0.0,0.0,0.0,0.0,0.0,0.0,reported_directly_in_CRT_Table2(I),Table2(I)
UNFCCC CRT 2025,2025-04-15,1998,2.C,Metal industry,14581.893169221927,14571.023541221926,0.38820099999999996,0.0,0.0,0.0,0.0,reported_directly_in_CRT_Table2(I),Table2(I)
UNFCCC CRT 2025,2025-04-15,1998,2.C.1,Iron and steel production,13209.105525221927,13199.777885221927,0.33313,0.0,0.0,0.0,0.0,reported_directly_in_CRT_Table2(I),Table2(I)
UNFCCC CRT 2025,2025-04-15,1998,2.C.2,Ferroalloys production,1209.9898439999997,1208.4478559999998,0.055071,0.0,0.0,0.0,0.0,reported_directly_in_CRT_Table2(I),Table2(I)
UNFCCC CRT 2025,2025-04-15,1998,2.C.3,Aluminium production,0.0,0.0,0.0,0.0,0.0,0.0,0.0,reported_directly_in_CRT_Table2(I),Table2(I)
UNFCCC CRT 2025,2025-04-15,1998,2.C.4,Magnesium production,0.0,0.0,0.0,0.0,0.0,0.0,0.0,reported_directly_in_CRT_Table2(I),Table2(I)
UNFCCC CRT 2025,2025-04-15,1998,2.C.5,Lead production,61.672,61.672,0.0,0.0,0.0,0.0,0.0,reported_directly_in_CRT_Table2(I),Table2(I)
UNFCCC CRT 2025,2025-04-15,1998,2.C.6,Zinc production,101.1258,101.1258,0.0,0.0,0.0,0.0,0.0,reported_directly_in_CRT_Table2(I),Table2(I)
UNFCCC CRT 2025,2025-04-15,1998,2.C.7,Other,0.0,0.0,0.0,0.0,0.0,0.0,0.0,reported_directly_in_CRT_Table2(I),Table2(I)
UNFCCC CRT 2025,2025-04-15,1998,2.D,Non-energy products from fuels and solvent use (4),1.3565306400004824,1.3565306400004824,0.0,0.0,0.0,0.0,0.0,reported_directly_in_CRT_Table2(I),Table2(I)
UNFCCC CRT 2025,2025-04-15,1998,2.D.1,Lubricant use,1.356,1.356,0.0,0.0,0.0,0.0,0.0,reported_directly_in_CRT_Table2(I),Table2(I)
UNFCCC CRT 2025,2025-04-15,1998,2.D.2,Paraffin wax use,0.0005306400004824001,0.0005306400004824001,0.0,0.0,0.0,0.0,0.0,reported_directly_in_CRT_Table2(I),Table2(I)
UNFCCC CRT 2025,2025-04-15,1998,2.D.3,Other,0.0,0.0,0.0,0.0,0.0,0.0,0.0,reported_directly_in_CRT_Table2(I),Table2(I)
UNFCCC CRT 2025,2025-04-15,1998,2.E,Electronics industry,0.0,0.0,0.0,0.0,0.0,0.0,0.0,reported_directly_in_CRT_Table2(I),Table2(I)
UNFCCC CRT 2025,2025-04-15,1998,2.E.1,Integrated circuit or semiconductor,0.0,0.0,0.0,0.0,0.0,0.0,0.0,reported_directly_in_CRT_Table2(I),Table2(I)
UNFCCC CRT 2025,2025-04-15,1998,2.E.2,TFT flat panel display,0.0,0.0,0.0,0.0,0.0,0.0,0.0,reported_directly_in_CRT_Table2(I),Table2(I)
UNFCCC CRT 2025,2025-04-15,1998,2.E.3,Photovoltaics,0.0,0.0,0.0,0.0,0.0,0.0,0.0,reported_directly_in_CRT_Table2(I),Table2(I)
UNFCCC CRT 2025,2025-04-15,1998,2.E.4,Heat transfer fluid,0.0,0.0,0.0,0.0,0.0,0.0,0.0,reported_directly_in_CRT_Table2(I),Table2(I)
UNFCCC CRT 2025,2025-04-15,1998,2.E.5,Other,0.0,0.0,0.0,0.0,0.0,0.0,0.0,reported_directly_in_CRT_Table2(I),Table2(I)
UNFCCC CRT 2025,2025-04-15,1998,2.F,Product uses as substitutes for ODS,94.62997810917369,0.0,0.0,0.0,94.62997810917369,0.0,0.0,reported_directly_in_CRT_Table2(I),Table2(I)
UNFCCC CRT 2025,2025-04-15,1998,2.F.1,Refrigeration and air conditioning,94.62997810917369,0.0,0.0,0.0,94.62997810917369,0.0,0.0,reported_directly_in_CRT_Table2(I),Table2(I)
UNFCCC CRT 2025,2025-04-15,1998,2.F.2,Foam blowing agents,0.0,0.0,0.0,0.0,0.0,0.0,0.0,reported_directly_in_CRT_Table2(I),Table2(I)
UNFCCC CRT 2025,2025-04-15,1998,2.F.3,Fire protection,0.0,0.0,0.0,0.0,0.0,0.0,0.0,reported_directly_in_CRT_Table2(I),Table2(I)
UNFCCC CRT 2025,2025-04-15,1998,2.F.4,Aerosols,0.0,0.0,0.0,0.0,0.0,0.0,0.0,reported_directly_in_CRT_Table2(I),Table2(I)
UNFCCC CRT 2025,2025-04-15,1998,2.F.5,Solvents,0.0,0.0,0.0,0.0,0.0,0.0,0.0,reported_directly_in_CRT_Table2(I),Table2(I)
UNFCCC CRT 2025,2025-04-15,1998,2.F.6,Other applications,0.0,0.0,0.0,0.0,0.0,0.0,0.0,reported_directly_in_CRT_Table2(I),Table2(I)
UNFCCC CRT 2025,2025-04-15,1998,2.G,Other product manufacture and use,0.0,0.0,0.0,0.0,0.0,0.0,0.0,reported_directly_in_CRT_Table2(I),Table2(I)
UNFCCC CRT 2025,2025-04-15,1998,2.G.1,Electrical equipment,0.0,0.0,0.0,0.0,0.0,0.0,0.0,reported_directly_in_CRT_Table2(I),Table2(I)
UNFCCC CRT 2025,2025-04-15,1998,2.G.2,SF6 and PFCs from other product use,0.0,0.0,0.0,0.0,0.0,0.0,0.0,reported_directly_in_CRT_Table2(I),Table2(I)
UNFCCC CRT 2025,2025-04-15,1998,2.G.3,N2O from product uses,0.0,0.0,0.0,0.0,0.0,0.0,0.0,reported_directly_in_CRT_Table2(I),Table2(I)
UNFCCC CRT 2025,2025-04-15,1998,2.G.4,Other,0.0,0.0,0.0,0.0,0.0,0.0,0.0,reported_directly_in_CRT_Table2(I),Table2(I)
UNFCCC CRT 2025,2025-04-15,1998,2.H,Other (5),0.0,0.0,0.0,0.0,0.0,0.0,0.0,reported_directly_in_CRT_Table2(I),Table2(I)
UNFCCC CRT 2025,2025-04-15,1998,2.H.1,Pulp and paper,0.0,0.0,0.0,0.0,0.0,0.0,0.0,reported_directly_in_CRT_Table2(I),Table2(I)
UNFCCC CRT 2025,2025-04-15,1998,2.H.2,Food and beverages industry,0.0,0.0,0.0,0.0,0.0,0.0,0.0,reported_directly_in_CRT_Table2(I),Table2(I)
UNFCCC CRT 2025,2025-04-15,1998,2.H.3,Other (please specify),0.0,0.0,0.0,0.0,0.0,0.0,0.0,reported_directly_in_CRT_Table2(I),Table2(I)
UNFCCC CRT 2025,2025-04-15,1999,2,Total industrial processes,16792.82805740674,16654.60436755909,0.47532099999999994,0.0,124.91470184764607,0.0,0.0,reported_directly_in_CRT_Table2(I),Table2(I)
UNFCCC CRT 2025,2025-04-15,1999,2.A,Mineral industry,1863.4961366999999,1863.4961366999999,0.0,0.0,0.0,0.0,0.0,reported_directly_in_CRT_Table2(I),Table2(I)
UNFCCC CRT 2025,2025-04-15,1999,2.A.1,Cement production,7.472,7.472,0.0,0.0,0.0,0.0,0.0,reported_directly_in_CRT_Table2(I),Table2(I)
UNFCCC CRT 2025,2025-04-15,1999,2.A.2,Lime production,429.546,429.546,0.0,0.0,0.0,0.0,0.0,reported_directly_in_CRT_Table2(I),Table2(I)
UNFCCC CRT 2025,2025-04-15,1999,2.A.3,Glass production,0.4269,0.4269,0.0,0.0,0.0,0.0,0.0,reported_directly_in_CRT_Table2(I),Table2(I)
UNFCCC CRT 2025,2025-04-15,1999,2.A.4,Other process uses of carbonates,1426.0512367,1426.0512367,0.0,0.0,0.0,0.0,0.0,reported_directly_in_CRT_Table2(I),Table2(I)
UNFCCC CRT 2025,2025-04-15,1999,2.B,Chemical industry,33.322346327710136,33.322346327710136,0.0,0.0,0.0,0.0,0.0,reported_directly_in_CRT_Table2(I),Table2(I)
UNFCCC CRT 2025,2025-04-15,1999,2.B.1,Ammonia production,16.378446327710133,16.378446327710133,0.0,0.0,0.0,0.0,0.0,reported_directly_in_CRT_Table2(I),Table2(I)
UNFCCC CRT 2025,2025-04-15,1999,2.B.2,Nitric acid production,0.0,0.0,0.0,0.0,0.0,0.0,0.0,reported_directly_in_CRT_Table2(I),Table2(I)
UNFCCC CRT 2025,2025-04-15,1999,2.B.3,Adipic acid production,0.0,0.0,0.0,0.0,0.0,0.0,0.0,reported_directly_in_CRT_Table2(I),Table2(I)
UNFCCC CRT 2025,2025-04-15,1999,2.B.4,"Caprolactam, glyoxal and glyoxylic acid production",0.0,0.0,0.0,0.0,0.0,0.0,0.0,reported_directly_in_CRT_Table2(I),Table2(I)
UNFCCC CRT 2025,2025-04-15,1999,2.B.5,Carbide production,16.9439,16.9439,0.0,0.0,0.0,0.0,0.0,reported_directly_in_CRT_Table2(I),Table2(I)
UNFCCC CRT 2025,2025-04-15,1999,2.B.6,Titanium dioxide production,0.0,0.0,0.0,0.0,0.0,0.0,0.0,reported_directly_in_CRT_Table2(I),Table2(I)
UNFCCC CRT 2025,2025-04-15,1999,2.B.7,Soda ash production,0.0,0.0,0.0,0.0,0.0,0.0,0.0,reported_directly_in_CRT_Table2(I),Table2(I)
UNFCCC CRT 2025,2025-04-15,1999,2.B.8,Petrochemical and carbon black production,0.0,0.0,0.0,0.0,0.0,0.0,0.0,reported_directly_in_CRT_Table2(I),Table2(I)
UNFCCC CRT 2025,2025-04-15,1999,2.B.9,Fluorochemical production,0.0,0.0,0.0,0.0,0.0,0.0,0.0,reported_directly_in_CRT_Table2(I),Table2(I)
UNFCCC CRT 2025,2025-04-15,1999,2.B.10,Other,0.0,0.0,0.0,0.0,0.0,0.0,0.0,reported_directly_in_CRT_Table2(I),Table2(I)
UNFCCC CRT 2025,2025-04-15,1999,2.C,Metal industry,14769.85628293138,14756.547294931379,0.47532099999999994,0.0,0.0,0.0,0.0,reported_directly_in_CRT_Table2(I),Table2(I)
UNFCCC CRT 2025,2025-04-15,1999,2.C.1,Iron and steel production,12899.08899093138,12888.130630931379,0.39136999999999994,0.0,0.0,0.0,0.0,reported_directly_in_CRT_Table2(I),Table2(I)
UNFCCC CRT 2025,2025-04-15,1999,2.C.2,Ferroalloys production,1676.176232,1673.825604,0.083951,0.0,0.0,0.0,0.0,reported_directly_in_CRT_Table2(I),Table2(I)
UNFCCC CRT 2025,2025-04-15,1999,2.C.3,Aluminium production,0.0,0.0,0.0,0.0,0.0,0.0,0.0,reported_directly_in_CRT_Table2(I),Table2(I)
UNFCCC CRT 2025,2025-04-15,1999,2.C.4,Magnesium production,0.0,0.0,0.0,0.0,0.0,0.0,0.0,reported_directly_in_CRT_Table2(I),Table2(I)
UNFCCC CRT 2025,2025-04-15,1999,2.C.5,Lead production,82.628,82.628,0.0,0.0,0.0,0.0,0.0,reported_directly_in_CRT_Table2(I),Table2(I)
UNFCCC CRT 2025,2025-04-15,1999,2.C.6,Zinc production,111.96306,111.96306,0.0,0.0,0.0,0.0,0.0,reported_directly_in_CRT_Table2(I),Table2(I)
UNFCCC CRT 2025,2025-04-15,1999,2.C.7,Other,0.0,0.0,0.0,0.0,0.0,0.0,0.0,reported_directly_in_CRT_Table2(I),Table2(I)
UNFCCC CRT 2025,2025-04-15,1999,2.D,Non-energy products from fuels and solvent use (4),1.238589600000536,1.238589600000536,0.0,0.0,0.0,0.0,0.0,reported_directly_in_CRT_Table2(I),Table2(I)
UNFCCC CRT 2025,2025-04-15,1999,2.D.1,Lubricant use,1.238,1.238,0.0,0.0,0.0,0.0,0.0,reported_directly_in_CRT_Table2(I),Table2(I)
UNFCCC CRT 2025,2025-04-15,1999,2.D.2,Paraffin wax use,0.0005896000005360003,0.0005896000005360003,0.0,0.0,0.0,0.0,0.0,reported_directly_in_CRT_Table2(I),Table2(I)
UNFCCC CRT 2025,2025-04-15,1999,2.D.3,Other,0.0,0.0,0.0,0.0,0.0,0.0,0.0,reported_directly_in_CRT_Table2(I),Table2(I)
UNFCCC CRT 2025,2025-04-15,1999,2.E,Electronics industry,0.0,0.0,0.0,0.0,0.0,0.0,0.0,reported_directly_in_CRT_Table2(I),Table2(I)
UNFCCC CRT 2025,2025-04-15,1999,2.E.1,Integrated circuit or semiconductor,0.0,0.0,0.0,0.0,0.0,0.0,0.0,reported_directly_in_CRT_Table2(I),Table2(I)
UNFCCC CRT 2025,2025-04-15,1999,2.E.2,TFT flat panel display,0.0,0.0,0.0,0.0,0.0,0.0,0.0,reported_directly_in_CRT_Table2(I),Table2(I)
UNFCCC CRT 2025,2025-04-15,1999,2.E.3,Photovoltaics,0.0,0.0,0.0,0.0,0.0,0.0,0.0,reported_directly_in_CRT_Table2(I),Table2(I)
UNFCCC CRT 2025,2025-04-15,1999,2.E.4,Heat transfer fluid,0.0,0.0,0.0,0.0,0.0,0.0,0.0,reported_directly_in_CRT_Table2(I),Table2(I)
UNFCCC CRT 2025,2025-04-15,1999,2.E.5,Other,0.0,0.0,0.0,0.0,0.0,0.0,0.0,reported_directly_in_CRT_Table2(I),Table2(I)
UNFCCC CRT 2025,2025-04-15,1999,2.F,Product uses as substitutes for ODS,124.91470184764607,0.0,0.0,0.0,124.91470184764607,0.0,0.0,reported_directly_in_CRT_Table2(I),Table2(I)
UNFCCC CRT 2025,2025-04-15,1999,2.F.1,Refrigeration and air conditioning,124.91470184764607,0.0,0.0,0.0,124.91470184764607,0.0,0.0,reported_directly_in_CRT_Table2(I),Table2(I)
UNFCCC CRT 2025,2025-04-15,1999,2.F.2,Foam blowing agents,0.0,0.0,0.0,0.0,0.0,0.0,0.0,reported_directly_in_CRT_Table2(I),Table2(I)
UNFCCC CRT 2025,2025-04-15,1999,2.F.3,Fire protection,0.0,0.0,0.0,0.0,0.0,0.0,0.0,reported_directly_in_CRT_Table2(I),Table2(I)
UNFCCC CRT 2025,2025-04-15,1999,2.F.4,Aerosols,0.0,0.0,0.0,0.0,0.0,0.0,0.0,reported_directly_in_CRT_Table2(I),Table2(I)
UNFCCC CRT 2025,2025-04-15,1999,2.F.5,Solvents,0.0,0.0,0.0,0.0,0.0,0.0,0.0,reported_directly_in_CRT_Table2(I),Table2(I)
UNFCCC CRT 2025,2025-04-15,1999,2.F.6,Other applications,0.0,0.0,0.0,0.0,0.0,0.0,0.0,reported_directly_in_CRT_Table2(I),Table2(I)
UNFCCC CRT 2025,2025-04-15,1999,2.G,Other product manufacture and use,0.0,0.0,0.0,0.0,0.0,0.0,0.0,reported_directly_in_CRT_Table2(I),Table2(I)
UNFCCC CRT 2025,2025-04-15,1999,2.G.1,Electrical equipment,0.0,0.0,0.0,0.0,0.0,0.0,0.0,reported_directly_in_CRT_Table2(I),Table2(I)
UNFCCC CRT 2025,2025-04-15,1999,2.G.2,SF6 and PFCs from other product use,0.0,0.0,0.0,0.0,0.0,0.0,0.0,reported_directly_in_CRT_Table2(I),Table2(I)
UNFCCC CRT 2025,2025-04-15,1999,2.G.3,N2O from product uses,0.0,0.0,0.0,0.0,0.0,0.0,0.0,reported_directly_in_CRT_Table2(I),Table2(I)
UNFCCC CRT 2025,2025-04-15,1999,2.G.4,Other,0.0,0.0,0.0,0.0,0.0,0.0,0.0,reported_directly_in_CRT_Table2(I),Table2(I)
UNFCCC CRT 2025,2025-04-15,1999,2.H,Other (5),0.0,0.0,0.0,0.0,0.0,0.0,0.0,reported_directly_in_CRT_Table2(I),Table2(I)
UNFCCC CRT 2025,2025-04-15,1999,2.H.1,Pulp and paper,0.0,0.0,0.0,0.0,0.0,0.0,0.0,reported_directly_in_CRT_Table2(I),Table2(I)
UNFCCC CRT 2025,2025-04-15,1999,2.H.2,Food and beverages industry,0.0,0.0,0.0,0.0,0.0,0.0,0.0,reported_directly_in_CRT_Table2(I),Table2(I)
UNFCCC CRT 2025,2025-04-15,1999,2.H.3,Other (please specify),0.0,0.0,0.0,0.0,0.0,0.0,0.0,reported_directly_in_CRT_Table2(I),Table2(I)
UNFCCC CRT 2025,2025-04-15,2000,2,Total industrial processes,17329.50679487074,17056.47004162112,0.491933,0.0,259.2626292496205,0.0,0.0,reported_directly_in_CRT_Table2(I),Table2(I)
UNFCCC CRT 2025,2025-04-15,2000,2.A,Mineral industry,1689.62514206,1689.62514206,0.0,0.0,0.0,0.0,0.0,reported_directly_in_CRT_Table2(I),Table2(I)
UNFCCC CRT 2025,2025-04-15,2000,2.A.1,Cement production,1.999,1.999,0.0,0.0,0.0,0.0,0.0,reported_directly_in_CRT_Table2(I),Table2(I)
UNFCCC CRT 2025,2025-04-15,2000,2.A.2,Lime production,477.455,477.455,0.0,0.0,0.0,0.0,0.0,reported_directly_in_CRT_Table2(I),Table2(I)
UNFCCC CRT 2025,2025-04-15,2000,2.A.3,Glass production,1.344,1.344,0.0,0.0,0.0,0.0,0.0,reported_directly_in_CRT_Table2(I),Table2(I)
UNFCCC CRT 2025,2025-04-15,2000,2.A.4,Other process uses of carbonates,1208.82714206,1208.82714206,0.0,0.0,0.0,0.0,0.0,reported_directly_in_CRT_Table2(I),Table2(I)
UNFCCC CRT 2025,2025-04-15,2000,2.B,Chemical industry,27.558366898681598,27.558366898681598,0.0,0.0,0.0,0.0,0.0,reported_directly_in_CRT_Table2(I),Table2(I)
UNFCCC CRT 2025,2025-04-15,2000,2.B.1,Ammonia production,19.022666898681596,19.022666898681596,0.0,0.0,0.0,0.0,0.0,reported_directly_in_CRT_Table2(I),Table2(I)
UNFCCC CRT 2025,2025-04-15,2000,2.B.2,Nitric acid production,0.0,0.0,0.0,0.0,0.0,0.0,0.0,reported_directly_in_CRT_Table2(I),Table2(I)
UNFCCC CRT 2025,2025-04-15,2000,2.B.3,Adipic acid production,0.0,0.0,0.0,0.0,0.0,0.0,0.0,reported_directly_in_CRT_Table2(I),Table2(I)
UNFCCC CRT 2025,2025-04-15,2000,2.B.4,"Caprolactam, glyoxal and glyoxylic acid production",0.0,0.0,0.0,0.0,0.0,0.0,0.0,reported_directly_in_CRT_Table2(I),Table2(I)
UNFCCC CRT 2025,2025-04-15,2000,2.B.5,Carbide production,8.5357,8.5357,0.0,0.0,0.0,0.0,0.0,reported_directly_in_CRT_Table2(I),Table2(I)
UNFCCC CRT 2025,2025-04-15,2000,2.B.6,Titanium dioxide production,0.0,0.0,0.0,0.0,0.0,0.0,0.0,reported_directly_in_CRT_Table2(I),Table2(I)
UNFCCC CRT 2025,2025-04-15,2000,2.B.7,Soda ash production,0.0,0.0,0.0,0.0,0.0,0.0,0.0,reported_directly_in_CRT_Table2(I),Table2(I)
UNFCCC CRT 2025,2025-04-15,2000,2.B.8,Petrochemical and carbon black production,0.0,0.0,0.0,0.0,0.0,0.0,0.0,reported_directly_in_CRT_Table2(I),Table2(I)
UNFCCC CRT 2025,2025-04-15,2000,2.B.9,Fluorochemical production,0.0,0.0,0.0,0.0,0.0,0.0,0.0,reported_directly_in_CRT_Table2(I),Table2(I)
UNFCCC CRT 2025,2025-04-15,2000,2.B.10,Other,0.0,0.0,0.0,0.0,0.0,0.0,0.0,reported_directly_in_CRT_Table2(I),Table2(I)
UNFCCC CRT 2025,2025-04-15,2000,2.C,Metal industry,15351.940008102438,15338.165884102438,0.491933,0.0,0.0,0.0,0.0,reported_directly_in_CRT_Table2(I),Table2(I)
UNFCCC CRT 2025,2025-04-15,2000,2.C.1,Iron and steel production,13315.641732302438,13304.086132302438,0.4127,0.0,0.0,0.0,0.0,reported_directly_in_CRT_Table2(I),Table2(I)
UNFCCC CRT 2025,2025-04-15,2000,2.C.2,Ferroalloys production,1843.3474157999997,1841.1288917999998,0.07923300000000001,0.0,0.0,0.0,0.0,reported_directly_in_CRT_Table2(I),Table2(I)
UNFCCC CRT 2025,2025-04-15,2000,2.C.3,Aluminium production,0.0,0.0,0.0,0.0,0.0,0.0,0.0,reported_directly_in_CRT_Table2(I),Table2(I)
UNFCCC CRT 2025,2025-04-15,2000,2.C.4,Magnesium production,0.0,0.0,0.0,0.0,0.0,0.0,0.0,reported_directly_in_CRT_Table2(I),Table2(I)
UNFCCC CRT 2025,2025-04-15,2000,2.C.5,Lead production,96.61600000000001,96.61600000000001,0.0,0.0,0.0,0.0,0.0,reported_directly_in_CRT_Table2(I),Table2(I)
UNFCCC CRT 2025,2025-04-15,2000,2.C.6,Zinc production,96.33486,96.33486,0.0,0.0,0.0,0.0,0.0,reported_directly_in_CRT_Table2(I),Table2(I)
UNFCCC CRT 2025,2025-04-15,2000,2.C.7,Other,0.0,0.0,0.0,0.0,0.0,0.0,0.0,reported_directly_in_CRT_Table2(I),Table2(I)
UNFCCC CRT 2025,2025-04-15,2000,2.D,Non-energy products from fuels and solvent use (4),1.1206485600005898,1.1206485600005898,0.0,0.0,0.0,0.0,0.0,reported_directly_in_CRT_Table2(I),Table2(I)
UNFCCC CRT 2025,2025-04-15,2000,2.D.1,Lubricant use,1.12,1.12,0.0,0.0,0.0,0.0,0.0,reported_directly_in_CRT_Table2(I),Table2(I)
UNFCCC CRT 2025,2025-04-15,2000,2.D.2,Paraffin wax use,0.0006485600005896002,0.0006485600005896002,0.0,0.0,0.0,0.0,0.0,reported_directly_in_CRT_Table2(I),Table2(I)
UNFCCC CRT 2025,2025-04-15,2000,2.D.3,Other,0.0,0.0,0.0,0.0,0.0,0.0,0.0,reported_directly_in_CRT_Table2(I),Table2(I)
UNFCCC CRT 2025,2025-04-15,2000,2.E,Electronics industry,0.0,0.0,0.0,0.0,0.0,0.0,0.0,reported_directly_in_CRT_Table2(I),Table2(I)
UNFCCC CRT 2025,2025-04-15,2000,2.E.1,Integrated circuit or semiconductor,0.0,0.0,0.0,0.0,0.0,0.0,0.0,reported_directly_in_CRT_Table2(I),Table2(I)
UNFCCC CRT 2025,2025-04-15,2000,2.E.2,TFT flat panel display,0.0,0.0,0.0,0.0,0.0,0.0,0.0,reported_directly_in_CRT_Table2(I),Table2(I)
UNFCCC CRT 2025,2025-04-15,2000,2.E.3,Photovoltaics,0.0,0.0,0.0,0.0,0.0,0.0,0.0,reported_directly_in_CRT_Table2(I),Table2(I)
UNFCCC CRT 2025,2025-04-15,2000,2.E.4,Heat transfer fluid,0.0,0.0,0.0,0.0,0.0,0.0,0.0,reported_directly_in_CRT_Table2(I),Table2(I)
UNFCCC CRT 2025,2025-04-15,2000,2.E.5,Other,0.0,0.0,0.0,0.0,0.0,0.0,0.0,reported_directly_in_CRT_Table2(I),Table2(I)
UNFCCC CRT 2025,2025-04-15,2000,2.F,Product uses as substitutes for ODS,259.2626292496205,0.0,0.0,0.0,259.2626292496205,0.0,0.0,reported_directly_in_CRT_Table2(I),Table2(I)
UNFCCC CRT 2025,2025-04-15,2000,2.F.1,Refrigeration and air conditioning,259.2626292496205,0.0,0.0,0.0,259.2626292496205,0.0,0.0,reported_directly_in_CRT_Table2(I),Table2(I)
UNFCCC CRT 2025,2025-04-15,2000,2.F.2,Foam blowing agents,0.0,0.0,0.0,0.0,0.0,0.0,0.0,reported_directly_in_CRT_Table2(I),Table2(I)
UNFCCC CRT 2025,2025-04-15,2000,2.F.3,Fire protection,0.0,0.0,0.0,0.0,0.0,0.0,0.0,reported_directly_in_CRT_Table2(I),Table2(I)
UNFCCC CRT 2025,2025-04-15,2000,2.F.4,Aerosols,0.0,0.0,0.0,0.0,0.0,0.0,0.0,reported_directly_in_CRT_Table2(I),Table2(I)
UNFCCC CRT 2025,2025-04-15,2000,2.F.5,Solvents,0.0,0.0,0.0,0.0,0.0,0.0,0.0,reported_directly_in_CRT_Table2(I),Table2(I)
UNFCCC CRT 2025,2025-04-15,2000,2.F.6,Other applications,0.0,0.0,0.0,0.0,0.0,0.0,0.0,reported_directly_in_CRT_Table2(I),Table2(I)
UNFCCC CRT 2025,2025-04-15,2000,2.G,Other product manufacture and use,0.0,0.0,0.0,0.0,0.0,0.0,0.0,reported_directly_in_CRT_Table2(I),Table2(I)
UNFCCC CRT 2025,2025-04-15,2000,2.G.1,Electrical equipment,0.0,0.0,0.0,0.0,0.0,0.0,0.0,reported_directly_in_CRT_Table2(I),Table2(I)
UNFCCC CRT 2025,2025-04-15,2000,2.G.2,SF6 and PFCs from other product use,0.0,0.0,0.0,0.0,0.0,0.0,0.0,reported_directly_in_CRT_Table2(I),Table2(I)
UNFCCC CRT 2025,2025-04-15,2000,2.G.3,N2O from product uses,0.0,0.0,0.0,0.0,0.0,0.0,0.0,reported_directly_in_CRT_Table2(I),Table2(I)
UNFCCC CRT 2025,2025-04-15,2000,2.G.4,Other,0.0,0.0,0.0,0.0,0.0,0.0,0.0,reported_directly_in_CRT_Table2(I),Table2(I)
UNFCCC CRT 2025,2025-04-15,2000,2.H,Other (5),0.0,0.0,0.0,0.0,0.0,0.0,0.0,reported_directly_in_CRT_Table2(I),Table2(I)
UNFCCC CRT 2025,2025-04-15,2000,2.H.1,Pulp and paper,0.0,0.0,0.0,0.0,0.0,0.0,0.0,reported_directly_in_CRT_Table2(I),Table2(I)
UNFCCC CRT 2025,2025-04-15,2000,2.H.2,Food and beverages industry,0.0,0.0,0.0,0.0,0.0,0.0,0.0,reported_directly_in_CRT_Table2(I),Table2(I)
UNFCCC CRT 2025,2025-04-15,2000,2.H.3,Other (please specify),0.0,0.0,0.0,0.0,0.0,0.0,0.0,reported_directly_in_CRT_Table2(I),Table2(I)
UNFCCC CRT 2025,2025-04-15,2001,2,Total industrial processes,18148.100494483006,17851.94487018023,0.510454,0.0,281.8629123027776,0.0,0.0,reported_directly_in_CRT_Table2(I),Table2(I)
UNFCCC CRT 2025,2025-04-15,2001,2.A,Mineral industry,2387.9090535999994,2387.9090535999994,0.0,0.0,0.0,0.0,0.0,reported_directly_in_CRT_Table2(I),Table2(I)
UNFCCC CRT 2025,2025-04-15,2001,2.A.1,Cement production,158.181,158.181,0.0,0.0,0.0,0.0,0.0,reported_directly_in_CRT_Table2(I),Table2(I)
UNFCCC CRT 2025,2025-04-15,2001,2.A.2,Lime production,528.3407,528.3407,0.0,0.0,0.0,0.0,0.0,reported_directly_in_CRT_Table2(I),Table2(I)
UNFCCC CRT 2025,2025-04-15,2001,2.A.3,Glass production,6.605,6.605,0.0,0.0,0.0,0.0,0.0,reported_directly_in_CRT_Table2(I),Table2(I)
UNFCCC CRT 2025,2025-04-15,2001,2.A.4,Other process uses of carbonates,1694.7823535999996,1694.7823535999996,0.0,0.0,0.0,0.0,0.0,reported_directly_in_CRT_Table2(I),Table2(I)
UNFCCC CRT 2025,2025-04-15,2001,2.B,Chemical industry,51.461133933740264,51.461133933740264,0.0,0.0,0.0,0.0,0.0,reported_directly_in_CRT_Table2(I),Table2(I)
UNFCCC CRT 2025,2025-04-15,2001,2.B.1,Ammonia production,21.621033933740264,21.621033933740264,0.0,0.0,0.0,0.0,0.0,reported_directly_in_CRT_Table2(I),Table2(I)
UNFCCC CRT 2025,2025-04-15,2001,2.B.2,Nitric acid production,0.0,0.0,0.0,0.0,0.0,0.0,0.0,reported_directly_in_CRT_Table2(I),Table2(I)
UNFCCC CRT 2025,2025-04-15,2001,2.B.3,Adipic acid production,0.0,0.0,0.0,0.0,0.0,0.0,0.0,reported_directly_in_CRT_Table2(I),Table2(I)
UNFCCC CRT 2025,2025-04-15,2001,2.B.4,"Caprolactam, glyoxal and glyoxylic acid production",0.0,0.0,0.0,0.0,0.0,0.0,0.0,reported_directly_in_CRT_Table2(I),Table2(I)
UNFCCC CRT 2025,2025-04-15,2001,2.B.5,Carbide production,29.8401,29.8401,0.0,0.0,0.0,0.0,0.0,reported_directly_in_CRT_Table2(I),Table2(I)
UNFCCC CRT 2025,2025-04-15,2001,2.B.6,Titanium dioxide production,0.0,0.0,0.0,0.0,0.0,0.0,0.0,reported_directly_in_CRT_Table2(I),Table2(I)
UNFCCC CRT 2025,2025-04-15,2001,2.B.7,Soda ash production,0.0,0.0,0.0,0.0,0.0,0.0,0.0,reported_directly_in_CRT_Table2(I),Table2(I)
UNFCCC CRT 2025,2025-04-15,2001,2.B.8,Petrochemical and carbon black production,0.0,0.0,0.0,0.0,0.0,0.0,0.0,reported_directly_in_CRT_Table2(I),Table2(I)
UNFCCC CRT 2025,2025-04-15,2001,2.B.9,Fluorochemical production,0.0,0.0,0.0,0.0,0.0,0.0,0.0,reported_directly_in_CRT_Table2(I),Table2(I)
UNFCCC CRT 2025,2025-04-15,2001,2.B.10,Other,0.0,0.0,0.0,0.0,0.0,0.0,0.0,reported_directly_in_CRT_Table2(I),Table2(I)
UNFCCC CRT 2025,2025-04-15,2001,2.C,Metal industry,15426.394687126489,15412.101975126488,0.510454,0.0,0.0,0.0,0.0,reported_directly_in_CRT_Table2(I),Table2(I)
UNFCCC CRT 2025,2025-04-15,2001,2.C.1,Iron and steel production,13346.24750911449,13334.37830911449,0.4239,0.0,0.0,0.0,0.0,reported_directly_in_CRT_Table2(I),Table2(I)
UNFCCC CRT 2025,2025-04-15,2001,2.C.2,Ferroalloys production,1879.606018012,1877.182506012,0.086554,0.0,0.0,0.0,0.0,reported_directly_in_CRT_Table2(I),Table2(I)
UNFCCC CRT 2025,2025-04-15,2001,2.C.3,Aluminium production,0.0,0.0,0.0,0.0,0.0,0.0,0.0,reported_directly_in_CRT_Table2(I),Table2(I)
UNFCCC CRT 2025,2025-04-15,2001,2.C.4,Magnesium production,0.0,0.0,0.0,0.0,0.0,0.0,0.0,reported_directly_in_CRT_Table2(I),Table2(I)
UNFCCC CRT 2025,2025-04-15,2001,2.C.5,Lead production,82.53544000000001,82.53544000000001,0.0,0.0,0.0,0.0,0.0,reported_directly_in_CRT_Table2(I),Table2(I)
UNFCCC CRT 2025,2025-04-15,2001,2.C.6,Zinc production,118.00572,118.00572,0.0,0.0,0.0,0.0,0.0,reported_directly_in_CRT_Table2(I),Table2(I)
UNFCCC CRT 2025,2025-04-15,2001,2.C.7,Other,0.0,0.0,0.0,0.0,0.0,0.0,0.0,reported_directly_in_CRT_Table2(I),Table2(I)
UNFCCC CRT 2025,2025-04-15,2001,2.D,Non-energy products from fuels and solvent use (4),0.4727075200006432,0.4727075200006432,0.0,0.0,0.0,0.0,0.0,reported_directly_in_CRT_Table2(I),Table2(I)
UNFCCC CRT 2025,2025-04-15,2001,2.D.1,Lubricant use,0.472,0.472,0.0,0.0,0.0,0.0,0.0,reported_directly_in_CRT_Table2(I),Table2(I)
UNFCCC CRT 2025,2025-04-15,2001,2.D.2,Paraffin wax use,0.0007075200006432001,0.0007075200006432001,0.0,0.0,0.0,0.0,0.0,reported_directly_in_CRT_Table2(I),Table2(I)
UNFCCC CRT 2025,2025-04-15,2001,2.D.3,Other,0.0,0.0,0.0,0.0,0.0,0.0,0.0,reported_directly_in_CRT_Table2(I),Table2(I)
UNFCCC CRT 2025,2025-04-15,2001,2.E,Electronics industry,0.0,0.0,0.0,0.0,0.0,0.0,0.0,reported_directly_in_CRT_Table2(I),Table2(I)
UNFCCC CRT 2025,2025-04-15,2001,2.E.1,Integrated circuit or semiconductor,0.0,0.0,0.0,0.0,0.0,0.0,0.0,reported_directly_in_CRT_Table2(I),Table2(I)
UNFCCC CRT 2025,2025-04-15,2001,2.E.2,TFT flat panel display,0.0,0.0,0.0,0.0,0.0,0.0,0.0,reported_directly_in_CRT_Table2(I),Table2(I)
UNFCCC CRT 2025,2025-04-15,2001,2.E.3,Photovoltaics,0.0,0.0,0.0,0.0,0.0,0.0,0.0,reported_directly_in_CRT_Table2(I),Table2(I)
UNFCCC CRT 2025,2025-04-15,2001,2.E.4,Heat transfer fluid,0.0,0.0,0.0,0.0,0.0,0.0,0.0,reported_directly_in_CRT_Table2(I),Table2(I)
UNFCCC CRT 2025,2025-04-15,2001,2.E.5,Other,0.0,0.0,0.0,0.0,0.0,0.0,0.0,reported_directly_in_CRT_Table2(I),Table2(I)
UNFCCC CRT 2025,2025-04-15,2001,2.F,Product uses as substitutes for ODS,281.8629123027776,0.0,0.0,0.0,281.8629123027776,0.0,0.0,reported_directly_in_CRT_Table2(I),Table2(I)
UNFCCC CRT 2025,2025-04-15,2001,2.F.1,Refrigeration and air conditioning,281.8629123027776,0.0,0.0,0.0,281.8629123027776,0.0,0.0,reported_directly_in_CRT_Table2(I),Table2(I)
UNFCCC CRT 2025,2025-04-15,2001,2.F.2,Foam blowing agents,0.0,0.0,0.0,0.0,0.0,0.0,0.0,reported_directly_in_CRT_Table2(I),Table2(I)
UNFCCC CRT 2025,2025-04-15,2001,2.F.3,Fire protection,0.0,0.0,0.0,0.0,0.0,0.0,0.0,reported_directly_in_CRT_Table2(I),Table2(I)
UNFCCC CRT 2025,2025-04-15,2001,2.F.4,Aerosols,0.0,0.0,0.0,0.0,0.0,0.0,0.0,reported_directly_in_CRT_Table2(I),Table2(I)
UNFCCC CRT 2025,2025-04-15,2001,2.F.5,Solvents,0.0,0.0,0.0,0.0,0.0,0.0,0.0,reported_directly_in_CRT_Table2(I),Table2(I)
UNFCCC CRT 2025,2025-04-15,2001,2.F.6,Other applications,0.0,0.0,0.0,0.0,0.0,0.0,0.0,reported_directly_in_CRT_Table2(I),Table2(I)
UNFCCC CRT 2025,2025-04-15,2001,2.G,Other product manufacture and use,0.0,0.0,0.0,0.0,0.0,0.0,0.0,reported_directly_in_CRT_Table2(I),Table2(I)
UNFCCC CRT 2025,2025-04-15,2001,2.G.1,Electrical equipment,0.0,0.0,0.0,0.0,0.0,0.0,0.0,reported_directly_in_CRT_Table2(I),Table2(I)
UNFCCC CRT 2025,2025-04-15,2001,2.G.2,SF6 and PFCs from other product use,0.0,0.0,0.0,0.0,0.0,0.0,0.0,reported_directly_in_CRT_Table2(I),Table2(I)
UNFCCC CRT 2025,2025-04-15,2001,2.G.3,N2O from product uses,0.0,0.0,0.0,0.0,0.0,0.0,0.0,reported_directly_in_CRT_Table2(I),Table2(I)
UNFCCC CRT 2025,2025-04-15,2001,2.G.4,Other,0.0,0.0,0.0,0.0,0.0,0.0,0.0,reported_directly_in_CRT_Table2(I),Table2(I)
UNFCCC CRT 2025,2025-04-15,2001,2.H,Other (5),0.0,0.0,0.0,0.0,0.0,0.0,0.0,reported_directly_in_CRT_Table2(I),Table2(I)
UNFCCC CRT 2025,2025-04-15,2001,2.H.1,Pulp and paper,0.0,0.0,0.0,0.0,0.0,0.0,0.0,reported_directly_in_CRT_Table2(I),Table2(I)
UNFCCC CRT 2025,2025-04-15,2001,2.H.2,Food and beverages industry,0.0,0.0,0.0,0.0,0.0,0.0,0.0,reported_directly_in_CRT_Table2(I),Table2(I)
UNFCCC CRT 2025,2025-04-15,2001,2.H.3,Other (please specify),0.0,0.0,0.0,0.0,0.0,0.0,0.0,reported_directly_in_CRT_Table2(I),Table2(I)
UNFCCC CRT 2025,2025-04-15,2002,2,Total industrial processes,18401.68102173776,18063.9940409496,0.495587,0.0,323.810544788162,0.0,0.0,reported_directly_in_CRT_Table2(I),Table2(I)
UNFCCC CRT 2025,2025-04-15,2002,2.A,Mineral industry,3058.49385462,3058.49385462,0.0,0.0,0.0,0.0,0.0,reported_directly_in_CRT_Table2(I),Table2(I)
UNFCCC CRT 2025,2025-04-15,2002,2.A.1,Cement production,26.942,26.942,0.0,0.0,0.0,0.0,0.0,reported_directly_in_CRT_Table2(I),Table2(I)
UNFCCC CRT 2025,2025-04-15,2002,2.A.2,Lime production,544.75,544.75,0.0,0.0,0.0,0.0,0.0,reported_directly_in_CRT_Table2(I),Table2(I)
UNFCCC CRT 2025,2025-04-15,2002,2.A.3,Glass production,8.296,8.296,0.0,0.0,0.0,0.0,0.0,reported_directly_in_CRT_Table2(I),Table2(I)
UNFCCC CRT 2025,2025-04-15,2002,2.A.4,Other process uses of carbonates,2478.50585462,2478.50585462,0.0,0.0,0.0,0.0,0.0,reported_directly_in_CRT_Table2(I),Table2(I)
UNFCCC CRT 2025,2025-04-15,2002,2.B,Chemical industry,55.93771881146667,55.93771881146667,0.0,0.0,0.0,0.0,0.0,reported_directly_in_CRT_Table2(I),Table2(I)
UNFCCC CRT 2025,2025-04-15,2002,2.B.1,Ammonia production,24.018518811466663,24.018518811466663,0.0,0.0,0.0,0.0,0.0,reported_directly_in_CRT_Table2(I),Table2(I)
UNFCCC CRT 2025,2025-04-15,2002,2.B.2,Nitric acid production,0.0,0.0,0.0,0.0,0.0,0.0,0.0,reported_directly_in_CRT_Table2(I),Table2(I)
UNFCCC CRT 2025,2025-04-15,2002,2.B.3,Adipic acid production,0.0,0.0,0.0,0.0,0.0,0.0,0.0,reported_directly_in_CRT_Table2(I),Table2(I)
UNFCCC CRT 2025,2025-04-15,2002,2.B.4,"Caprolactam, glyoxal and glyoxylic acid production",0.0,0.0,0.0,0.0,0.0,0.0,0.0,reported_directly_in_CRT_Table2(I),Table2(I)
UNFCCC CRT 2025,2025-04-15,2002,2.B.5,Carbide production,31.9192,31.9192,0.0,0.0,0.0,0.0,0.0,reported_directly_in_CRT_Table2(I),Table2(I)
UNFCCC CRT 2025,2025-04-15,2002,2.B.6,Titanium dioxide production,0.0,0.0,0.0,0.0,0.0,0.0,0.0,reported_directly_in_CRT_Table2(I),Table2(I)
UNFCCC CRT 2025,2025-04-15,2002,2.B.7,Soda ash production,0.0,0.0,0.0,0.0,0.0,0.0,0.0,reported_directly_in_CRT_Table2(I),Table2(I)
UNFCCC CRT 2025,2025-04-15,2002,2.B.8,Petrochemical and carbon black production,0.0,0.0,0.0,0.0,0.0,0.0,0.0,reported_directly_in_CRT_Table2(I),Table2(I)
UNFCCC CRT 2025,2025-04-15,2002,2.B.9,Fluorochemical production,0.0,0.0,0.0,0.0,0.0,0.0,0.0,reported_directly_in_CRT_Table2(I),Table2(I)
UNFCCC CRT 2025,2025-04-15,2002,2.B.10,Other,0.0,0.0,0.0,0.0,0.0,0.0,0.0,reported_directly_in_CRT_Table2(I),Table2(I)
UNFCCC CRT 2025,2025-04-15,2002,2.C,Metal industry,14962.848137038134,14948.971701038134,0.495587,0.0,0.0,0.0,0.0,reported_directly_in_CRT_Table2(I),Table2(I)
UNFCCC CRT 2025,2025-04-15,2002,2.C.1,Iron and steel production,12575.818223574133,12564.048423574133,0.42035,0.0,0.0,0.0,0.0,reported_directly_in_CRT_Table2(I),Table2(I)
UNFCCC CRT 2025,2025-04-15,2002,2.C.2,Ferroalloys production,2199.194113464,2197.087477464,0.075237,0.0,0.0,0.0,0.0,reported_directly_in_CRT_Table2(I),Table2(I)
UNFCCC CRT 2025,2025-04-15,2002,2.C.3,Aluminium production,0.0,0.0,0.0,0.0,0.0,0.0,0.0,reported_directly_in_CRT_Table2(I),Table2(I)
UNFCCC CRT 2025,2025-04-15,2002,2.C.4,Magnesium production,0.0,0.0,0.0,0.0,0.0,0.0,0.0,reported_directly_in_CRT_Table2(I),Table2(I)
UNFCCC CRT 2025,2025-04-15,2002,2.C.5,Lead production,84.331,84.331,0.0,0.0,0.0,0.0,0.0,reported_directly_in_CRT_Table2(I),Table2(I)
UNFCCC CRT 2025,2025-04-15,2002,2.C.6,Zinc production,103.5048,103.5048,0.0,0.0,0.0,0.0,0.0,reported_directly_in_CRT_Table2(I),Table2(I)
UNFCCC CRT 2025,2025-04-15,2002,2.C.7,Other,0.0,0.0,0.0,0.0,0.0,0.0,0.0,reported_directly_in_CRT_Table2(I),Table2(I)
UNFCCC CRT 2025,2025-04-15,2002,2.D,Non-energy products from fuels and solvent use (4),0.5907664800006968,0.5907664800006968,0.0,0.0,0.0,0.0,0.0,reported_directly_in_CRT_Table2(I),Table2(I)
UNFCCC CRT 2025,2025-04-15,2002,2.D.1,Lubricant use,0.59,0.59,0.0,0.0,0.0,0.0,0.0,reported_directly_in_CRT_Table2(I),Table2(I)
UNFCCC CRT 2025,2025-04-15,2002,2.D.2,Paraffin wax use,0.0007664800006968,0.0007664800006968,0.0,0.0,0.0,0.0,0.0,reported_directly_in_CRT_Table2(I),Table2(I)
UNFCCC CRT 2025,2025-04-15,2002,2.D.3,Other,0.0,0.0,0.0,0.0,0.0,0.0,0.0,reported_directly_in_CRT_Table2(I),Table2(I)
UNFCCC CRT 2025,2025-04-15,2002,2.E,Electronics industry,0.0,0.0,0.0,0.0,0.0,0.0,0.0,reported_directly_in_CRT_Table2(I),Table2(I)
UNFCCC CRT 2025,2025-04-15,2002,2.E.1,Integrated circuit or semiconductor,0.0,0.0,0.0,0.0,0.0,0.0,0.0,reported_directly_in_CRT_Table2(I),Table2(I)
UNFCCC CRT 2025,2025-04-15,2002,2.E.2,TFT flat panel display,0.0,0.0,0.0,0.0,0.0,0.0,0.0,reported_directly_in_CRT_Table2(I),Table2(I)
UNFCCC CRT 2025,2025-04-15,2002,2.E.3,Photovoltaics,0.0,0.0,0.0,0.0,0.0,0.0,0.0,reported_directly_in_CRT_Table2(I),Table2(I)
UNFCCC CRT 2025,2025-04-15,2002,2.E.4,Heat transfer fluid,0.0,0.0,0.0,0.0,0.0,0.0,0.0,reported_directly_in_CRT_Table2(I),Table2(I)
UNFCCC CRT 2025,2025-04-15,2002,2.E.5,Other,0.0,0.0,0.0,0.0,0.0,0.0,0.0,reported_directly_in_CRT_Table2(I),Table2(I)
UNFCCC CRT 2025,2025-04-15,2002,2.F,Product uses as substitutes for ODS,323.810544788162,0.0,0.0,0.0,323.810544788162,0.0,0.0,reported_directly_in_CRT_Table2(I),Table2(I)
UNFCCC CRT 2025,2025-04-15,2002,2.F.1,Refrigeration and air conditioning,323.810544788162,0.0,0.0,0.0,323.810544788162,0.0,0.0,reported_directly_in_CRT_Table2(I),Table2(I)
UNFCCC CRT 2025,2025-04-15,2002,2.F.2,Foam blowing agents,0.0,0.0,0.0,0.0,0.0,0.0,0.0,reported_directly_in_CRT_Table2(I),Table2(I)
UNFCCC CRT 2025,2025-04-15,2002,2.F.3,Fire protection,0.0,0.0,0.0,0.0,0.0,0.0,0.0,reported_directly_in_CRT_Table2(I),Table2(I)
UNFCCC CRT 2025,2025-04-15,2002,2.F.4,Aerosols,0.0,0.0,0.0,0.0,0.0,0.0,0.0,reported_directly_in_CRT_Table2(I),Table2(I)
UNFCCC CRT 2025,2025-04-15,2002,2.F.5,Solvents,0.0,0.0,0.0,0.0,0.0,0.0,0.0,reported_directly_in_CRT_Table2(I),Table2(I)
UNFCCC CRT 2025,2025-04-15,2002,2.F.6,Other applications,0.0,0.0,0.0,0.0,0.0,0.0,0.0,reported_directly_in_CRT_Table2(I),Table2(I)
UNFCCC CRT 2025,2025-04-15,2002,2.G,Other product manufacture and use,0.0,0.0,0.0,0.0,0.0,0.0,0.0,reported_directly_in_CRT_Table2(I),Table2(I)
UNFCCC CRT 2025,2025-04-15,2002,2.G.1,Electrical equipment,0.0,0.0,0.0,0.0,0.0,0.0,0.0,reported_directly_in_CRT_Table2(I),Table2(I)
UNFCCC CRT 2025,2025-04-15,2002,2.G.2,SF6 and PFCs from other product use,0.0,0.0,0.0,0.0,0.0,0.0,0.0,reported_directly_in_CRT_Table2(I),Table2(I)
UNFCCC CRT 2025,2025-04-15,2002,2.G.3,N2O from product uses,0.0,0.0,0.0,0.0,0.0,0.0,0.0,reported_directly_in_CRT_Table2(I),Table2(I)
UNFCCC CRT 2025,2025-04-15,2002,2.G.4,Other,0.0,0.0,0.0,0.0,0.0,0.0,0.0,reported_directly_in_CRT_Table2(I),Table2(I)
UNFCCC CRT 2025,2025-04-15,2002,2.H,Other (5),0.0,0.0,0.0,0.0,0.0,0.0,0.0,reported_directly_in_CRT_Table2(I),Table2(I)
UNFCCC CRT 2025,2025-04-15,2002,2.H.1,Pulp and paper,0.0,0.0,0.0,0.0,0.0,0.0,0.0,reported_directly_in_CRT_Table2(I),Table2(I)
UNFCCC CRT 2025,2025-04-15,2002,2.H.2,Food and beverages industry,0.0,0.0,0.0,0.0,0.0,0.0,0.0,reported_directly_in_CRT_Table2(I),Table2(I)
UNFCCC CRT 2025,2025-04-15,2002,2.H.3,Other (please specify),0.0,0.0,0.0,0.0,0.0,0.0,0.0,reported_directly_in_CRT_Table2(I),Table2(I)
UNFCCC CRT 2025,2025-04-15,2003,2,Total industrial processes,20188.65450453328,19731.234858365806,0.52167,0.0,442.8128861674747,0.0,0.0,reported_directly_in_CRT_Table2(I),Table2(I)
UNFCCC CRT 2025,2025-04-15,2003,2.A,Mineral industry,3635.2698947,3635.2698947,0.0,0.0,0.0,0.0,0.0,reported_directly_in_CRT_Table2(I),Table2(I)
UNFCCC CRT 2025,2025-04-15,2003,2.A.1,Cement production,0.526,0.526,0.0,0.0,0.0,0.0,0.0,reported_directly_in_CRT_Table2(I),Table2(I)
UNFCCC CRT 2025,2025-04-15,2003,2.A.2,Lime production,602.524,602.524,0.0,0.0,0.0,0.0,0.0,reported_directly_in_CRT_Table2(I),Table2(I)
UNFCCC CRT 2025,2025-04-15,2003,2.A.3,Glass production,10.333,10.333,0.0,0.0,0.0,0.0,0.0,reported_directly_in_CRT_Table2(I),Table2(I)
UNFCCC CRT 2025,2025-04-15,2003,2.A.4,Other process uses of carbonates,3021.8868947,3021.8868947,0.0,0.0,0.0,0.0,0.0,reported_directly_in_CRT_Table2(I),Table2(I)
UNFCCC CRT 2025,2025-04-15,2003,2.B,Chemical industry,114.65175472426668,114.65175472426668,0.0,0.0,0.0,0.0,0.0,reported_directly_in_CRT_Table2(I),Table2(I)
UNFCCC CRT 2025,2025-04-15,2003,2.B.1,Ammonia production,69.87205472426668,69.87205472426668,0.0,0.0,0.0,0.0,0.0,reported_directly_in_CRT_Table2(I),Table2(I)
UNFCCC CRT 2025,2025-04-15,2003,2.B.2,Nitric acid production,0.0,0.0,0.0,0.0,0.0,0.0,0.0,reported_directly_in_CRT_Table2(I),Table2(I)
UNFCCC CRT 2025,2025-04-15,2003,2.B.3,Adipic acid production,0.0,0.0,0.0,0.0,0.0,0.0,0.0,reported_directly_in_CRT_Table2(I),Table2(I)
UNFCCC CRT 2025,2025-04-15,2003,2.B.4,"Caprolactam, glyoxal and glyoxylic acid production",0.0,0.0,0.0,0.0,0.0,0.0,0.0,reported_directly_in_CRT_Table2(I),Table2(I)
UNFCCC CRT 2025,2025-04-15,2003,2.B.5,Carbide production,44.7797,44.7797,0.0,0.0,0.0,0.0,0.0,reported_directly_in_CRT_Table2(I),Table2(I)
UNFCCC CRT 2025,2025-04-15,2003,2.B.6,Titanium dioxide production,0.0,0.0,0.0,0.0,0.0,0.0,0.0,reported_directly_in_CRT_Table2(I),Table2(I)
UNFCCC CRT 2025,2025-04-15,2003,2.B.7,Soda ash production,0.0,0.0,0.0,0.0,0.0,0.0,0.0,reported_directly_in_CRT_Table2(I),Table2(I)
UNFCCC CRT 2025,2025-04-15,2003,2.B.8,Petrochemical and carbon black production,0.0,0.0,0.0,0.0,0.0,0.0,0.0,reported_directly_in_CRT_Table2(I),Table2(I)
UNFCCC CRT 2025,2025-04-15,2003,2.B.9,Fluorochemical production,0.0,0.0,0.0,0.0,0.0,0.0,0.0,reported_directly_in_CRT_Table2(I),Table2(I)
UNFCCC CRT 2025,2025-04-15,2003,2.B.10,Other,0.0,0.0,0.0,0.0,0.0,0.0,0.0,reported_directly_in_CRT_Table2(I),Table2(I)
UNFCCC CRT 2025,2025-04-15,2003,2.C,Metal industry,15995.506443501537,15980.899683501537,0.52167,0.0,0.0,0.0,0.0,reported_directly_in_CRT_Table2(I),Table2(I)
UNFCCC CRT 2025,2025-04-15,2003,2.C.1,Iron and steel production,13365.105878213535,13352.603878213535,0.4465,0.0,0.0,0.0,0.0,reported_directly_in_CRT_Table2(I),Table2(I)
UNFCCC CRT 2025,2025-04-15,2003,2.C.2,Ferroalloys production,2457.167405288,2455.0626452879997,0.07517,0.0,0.0,0.0,0.0,reported_directly_in_CRT_Table2(I),Table2(I)
UNFCCC CRT 2025,2025-04-15,2003,2.C.3,Aluminium production,0.0,0.0,0.0,0.0,0.0,0.0,0.0,reported_directly_in_CRT_Table2(I),Table2(I)
UNFCCC CRT 2025,2025-04-15,2003,2.C.4,Magnesium production,0.0,0.0,0.0,0.0,0.0,0.0,0.0,reported_directly_in_CRT_Table2(I),Table2(I)
UNFCCC CRT 2025,2025-04-15,2003,2.C.5,Lead production,69.25256,69.25256,0.0,0.0,0.0,0.0,0.0,reported_directly_in_CRT_Table2(I),Table2(I)
UNFCCC CRT 2025,2025-04-15,2003,2.C.6,Zinc production,103.98060000000001,103.98060000000001,0.0,0.0,0.0,0.0,0.0,reported_directly_in_CRT_Table2(I),Table2(I)
UNFCCC CRT 2025,2025-04-15,2003,2.C.7,Other,0.0,0.0,0.0,0.0,0.0,0.0,0.0,reported_directly_in_CRT_Table2(I),Table2(I)
UNFCCC CRT 2025,2025-04-15,2003,2.D,Non-energy products from fuels and solvent use (4),0.4135254400007504,0.4135254400007504,0.0,0.0,0.0,0.0,0.0,reported_directly_in_CRT_Table2(I),Table2(I)
UNFCCC CRT 2025,2025-04-15,2003,2.D.1,Lubricant use,0.4127,0.4127,0.0,0.0,0.0,0.0,0.0,reported_directly_in_CRT_Table2(I),Table2(I)
UNFCCC CRT 2025,2025-04-15,2003,2.D.2,Paraffin wax use,0.0008254400007504002,0.0008254400007504002,0.0,0.0,0.0,0.0,0.0,reported_directly_in_CRT_Table2(I),Table2(I)
UNFCCC CRT 2025,2025-04-15,2003,2.D.3,Other,0.0,0.0,0.0,0.0,0.0,0.0,0.0,reported_directly_in_CRT_Table2(I),Table2(I)
UNFCCC CRT 2025,2025-04-15,2003,2.E,Electronics industry,0.0,0.0,0.0,0.0,0.0,0.0,0.0,reported_directly_in_CRT_Table2(I),Table2(I)
UNFCCC CRT 2025,2025-04-15,2003,2.E.1,Integrated circuit or semiconductor,0.0,0.0,0.0,0.0,0.0,0.0,0.0,reported_directly_in_CRT_Table2(I),Table2(I)
UNFCCC CRT 2025,2025-04-15,2003,2.E.2,TFT flat panel display,0.0,0.0,0.0,0.0,0.0,0.0,0.0,reported_directly_in_CRT_Table2(I),Table2(I)
UNFCCC CRT 2025,2025-04-15,2003,2.E.3,Photovoltaics,0.0,0.0,0.0,0.0,0.0,0.0,0.0,reported_directly_in_CRT_Table2(I),Table2(I)
UNFCCC CRT 2025,2025-04-15,2003,2.E.4,Heat transfer fluid,0.0,0.0,0.0,0.0,0.0,0.0,0.0,reported_directly_in_CRT_Table2(I),Table2(I)
UNFCCC CRT 2025,2025-04-15,2003,2.E.5,Other,0.0,0.0,0.0,0.0,0.0,0.0,0.0,reported_directly_in_CRT_Table2(I),Table2(I)
UNFCCC CRT 2025,2025-04-15,2003,2.F,Product uses as substitutes for ODS,442.8128861674747,0.0,0.0,0.0,442.8128861674747,0.0,0.0,reported_directly_in_CRT_Table2(I),Table2(I)
UNFCCC CRT 2025,2025-04-15,2003,2.F.1,Refrigeration and air conditioning,442.8128861674747,0.0,0.0,0.0,442.8128861674747,0.0,0.0,reported_directly_in_CRT_Table2(I),Table2(I)
UNFCCC CRT 2025,2025-04-15,2003,2.F.2,Foam blowing agents,0.0,0.0,0.0,0.0,0.0,0.0,0.0,reported_directly_in_CRT_Table2(I),Table2(I)
UNFCCC CRT 2025,2025-04-15,2003,2.F.3,Fire protection,0.0,0.0,0.0,0.0,0.0,0.0,0.0,reported_directly_in_CRT_Table2(I),Table2(I)
UNFCCC CRT 2025,2025-04-15,2003,2.F.4,Aerosols,0.0,0.0,0.0,0.0,0.0,0.0,0.0,reported_directly_in_CRT_Table2(I),Table2(I)
UNFCCC CRT 2025,2025-04-15,2003,2.F.5,Solvents,0.0,0.0,0.0,0.0,0.0,0.0,0.0,reported_directly_in_CRT_Table2(I),Table2(I)
UNFCCC CRT 2025,2025-04-15,2003,2.F.6,Other applications,0.0,0.0,0.0,0.0,0.0,0.0,0.0,reported_directly_in_CRT_Table2(I),Table2(I)
UNFCCC CRT 2025,2025-04-15,2003,2.G,Other product manufacture and use,0.0,0.0,0.0,0.0,0.0,0.0,0.0,reported_directly_in_CRT_Table2(I),Table2(I)
UNFCCC CRT 2025,2025-04-15,2003,2.G.1,Electrical equipment,0.0,0.0,0.0,0.0,0.0,0.0,0.0,reported_directly_in_CRT_Table2(I),Table2(I)
UNFCCC CRT 2025,2025-04-15,2003,2.G.2,SF6 and PFCs from other product use,0.0,0.0,0.0,0.0,0.0,0.0,0.0,reported_directly_in_CRT_Table2(I),Table2(I)
UNFCCC CRT 2025,2025-04-15,2003,2.G.3,N2O from product uses,0.0,0.0,0.0,0.0,0.0,0.0,0.0,reported_directly_in_CRT_Table2(I),Table2(I)
UNFCCC CRT 2025,2025-04-15,2003,2.G.4,Other,0.0,0.0,0.0,0.0,0.0,0.0,0.0,reported_directly_in_CRT_Table2(I),Table2(I)
UNFCCC CRT 2025,2025-04-15,2003,2.H,Other (5),0.0,0.0,0.0,0.0,0.0,0.0,0.0,reported_directly_in_CRT_Table2(I),Table2(I)
UNFCCC CRT 2025,2025-04-15,2003,2.H.1,Pulp and paper,0.0,0.0,0.0,0.0,0.0,0.0,0.0,reported_directly_in_CRT_Table2(I),Table2(I)
UNFCCC CRT 2025,2025-04-15,2003,2.H.2,Food and beverages industry,0.0,0.0,0.0,0.0,0.0,0.0,0.0,reported_directly_in_CRT_Table2(I),Table2(I)
UNFCCC CRT 2025,2025-04-15,2003,2.H.3,Other (please specify),0.0,0.0,0.0,0.0,0.0,0.0,0.0,reported_directly_in_CRT_Table2(I),Table2(I)
UNFCCC CRT 2025,2025-04-15,2004,2,Total industrial processes,20310.169592705417,19735.023403917316,0.51532,0.0,560.7172287881007,0.0,0.0,reported_directly_in_CRT_Table2(I),Table2(I)
UNFCCC CRT 2025,2025-04-15,2004,2.A,Mineral industry,3396.3832749000007,3396.3832749000007,0.0,0.0,0.0,0.0,0.0,reported_directly_in_CRT_Table2(I),Table2(I)
UNFCCC CRT 2025,2025-04-15,2004,2.A.1,Cement production,345.937,345.937,0.0,0.0,0.0,0.0,0.0,reported_directly_in_CRT_Table2(I),Table2(I)
UNFCCC CRT 2025,2025-04-15,2004,2.A.2,Lime production,658.415,658.415,0.0,0.0,0.0,0.0,0.0,reported_directly_in_CRT_Table2(I),Table2(I)
UNFCCC CRT 2025,2025-04-15,2004,2.A.3,Glass production,10.104,10.104,0.0,0.0,0.0,0.0,0.0,reported_directly_in_CRT_Table2(I),Table2(I)
UNFCCC CRT 2025,2025-04-15,2004,2.A.4,Other process uses of carbonates,2381.9272749000006,2381.9272749000006,0.0,0.0,0.0,0.0,0.0,reported_directly_in_CRT_Table2(I),Table2(I)
UNFCCC CRT 2025,2025-04-15,2004,2.B,Chemical industry,117.17225788160266,117.17225788160266,0.0,0.0,0.0,0.0,0.0,reported_directly_in_CRT_Table2(I),Table2(I)
UNFCCC CRT 2025,2025-04-15,2004,2.B.1,Ammonia production,80.28735788160267,80.28735788160267,0.0,0.0,0.0,0.0,0.0,reported_directly_in_CRT_Table2(I),Table2(I)
UNFCCC CRT 2025,2025-04-15,2004,2.B.2,Nitric acid production,0.0,0.0,0.0,0.0,0.0,0.0,0.0,reported_directly_in_CRT_Table2(I),Table2(I)
UNFCCC CRT 2025,2025-04-15,2004,2.B.3,Adipic acid production,0.0,0.0,0.0,0.0,0.0,0.0,0.0,reported_directly_in_CRT_Table2(I),Table2(I)
UNFCCC CRT 2025,2025-04-15,2004,2.B.4,"Caprolactam, glyoxal and glyoxylic acid production",0.0,0.0,0.0,0.0,0.0,0.0,0.0,reported_directly_in_CRT_Table2(I),Table2(I)
UNFCCC CRT 2025,2025-04-15,2004,2.B.5,Carbide production,36.884899999999995,36.884899999999995,0.0,0.0,0.0,0.0,0.0,reported_directly_in_CRT_Table2(I),Table2(I)
UNFCCC CRT 2025,2025-04-15,2004,2.B.6,Titanium dioxide production,0.0,0.0,0.0,0.0,0.0,0.0,0.0,reported_directly_in_CRT_Table2(I),Table2(I)
UNFCCC CRT 2025,2025-04-15,2004,2.B.7,Soda ash production,0.0,0.0,0.0,0.0,0.0,0.0,0.0,reported_directly_in_CRT_Table2(I),Table2(I)
UNFCCC CRT 2025,2025-04-15,2004,2.B.8,Petrochemical and carbon black production,0.0,0.0,0.0,0.0,0.0,0.0,0.0,reported_directly_in_CRT_Table2(I),Table2(I)
UNFCCC CRT 2025,2025-04-15,2004,2.B.9,Fluorochemical production,0.0,0.0,0.0,0.0,0.0,0.0,0.0,reported_directly_in_CRT_Table2(I),Table2(I)
UNFCCC CRT 2025,2025-04-15,2004,2.B.10,Other,0.0,0.0,0.0,0.0,0.0,0.0,0.0,reported_directly_in_CRT_Table2(I),Table2(I)
UNFCCC CRT 2025,2025-04-15,2004,2.C,Metal industry,16234.539946735713,16220.110986735714,0.51532,0.0,0.0,0.0,0.0,reported_directly_in_CRT_Table2(I),Table2(I)
UNFCCC CRT 2025,2025-04-15,2004,2.C.1,Iron and steel production,13391.724126735711,13378.992526735712,0.4547,0.0,0.0,0.0,0.0,reported_directly_in_CRT_Table2(I),Table2(I)
UNFCCC CRT 2025,2025-04-15,2004,2.C.2,Ferroalloys production,2652.27518,2650.57782,0.06062,0.0,0.0,0.0,0.0,reported_directly_in_CRT_Table2(I),Table2(I)
UNFCCC CRT 2025,2025-04-15,2004,2.C.3,Aluminium production,0.0,0.0,0.0,0.0,0.0,0.0,0.0,reported_directly_in_CRT_Table2(I),Table2(I)
UNFCCC CRT 2025,2025-04-15,2004,2.C.4,Magnesium production,0.0,0.0,0.0,0.0,0.0,0.0,0.0,reported_directly_in_CRT_Table2(I),Table2(I)
UNFCCC CRT 2025,2025-04-15,2004,2.C.5,Lead production,81.64832,81.64832,0.0,0.0,0.0,0.0,0.0,reported_directly_in_CRT_Table2(I),Table2(I)
UNFCCC CRT 2025,2025-04-15,2004,2.C.6,Zinc production,108.89232000000001,108.89232000000001,0.0,0.0,0.0,0.0,0.0,reported_directly_in_CRT_Table2(I),Table2(I)
UNFCCC CRT 2025,2025-04-15,2004,2.C.7,Other,0.0,0.0,0.0,0.0,0.0,0.0,0.0,reported_directly_in_CRT_Table2(I),Table2(I)
UNFCCC CRT 2025,2025-04-15,2004,2.D,Non-energy products from fuels and solvent use (4),1.356884400000804,1.356884400000804,0.0,0.0,0.0,0.0,0.0,reported_directly_in_CRT_Table2(I),Table2(I)
UNFCCC CRT 2025,2025-04-15,2004,2.D.1,Lubricant use,1.356,1.356,0.0,0.0,0.0,0.0,0.0,reported_directly_in_CRT_Table2(I),Table2(I)
UNFCCC CRT 2025,2025-04-15,2004,2.D.2,Paraffin wax use,0.0008844000008040002,0.0008844000008040002,0.0,0.0,0.0,0.0,0.0,reported_directly_in_CRT_Table2(I),Table2(I)
UNFCCC CRT 2025,2025-04-15,2004,2.D.3,Other,0.0,0.0,0.0,0.0,0.0,0.0,0.0,reported_directly_in_CRT_Table2(I),Table2(I)
UNFCCC CRT 2025,2025-04-15,2004,2.E,Electronics industry,0.0,0.0,0.0,0.0,0.0,0.0,0.0,reported_directly_in_CRT_Table2(I),Table2(I)
UNFCCC CRT 2025,2025-04-15,2004,2.E.1,Integrated circuit or semiconductor,0.0,0.0,0.0,0.0,0.0,0.0,0.0,reported_directly_in_CRT_Table2(I),Table2(I)
UNFCCC CRT 2025,2025-04-15,2004,2.E.2,TFT flat panel display,0.0,0.0,0.0,0.0,0.0,0.0,0.0,reported_directly_in_CRT_Table2(I),Table2(I)
UNFCCC CRT 2025,2025-04-15,2004,2.E.3,Photovoltaics,0.0,0.0,0.0,0.0,0.0,0.0,0.0,reported_directly_in_CRT_Table2(I),Table2(I)
UNFCCC CRT 2025,2025-04-15,2004,2.E.4,Heat transfer fluid,0.0,0.0,0.0,0.0,0.0,0.0,0.0,reported_directly_in_CRT_Table2(I),Table2(I)
UNFCCC CRT 2025,2025-04-15,2004,2.E.5,Other,0.0,0.0,0.0,0.0,0.0,0.0,0.0,reported_directly_in_CRT_Table2(I),Table2(I)
UNFCCC CRT 2025,2025-04-15,2004,2.F,Product uses as substitutes for ODS,560.7172287881007,0.0,0.0,0.0,560.7172287881007,0.0,0.0,reported_directly_in_CRT_Table2(I),Table2(I)
UNFCCC CRT 2025,2025-04-15,2004,2.F.1,Refrigeration and air conditioning,560.7172287881007,0.0,0.0,0.0,560.7172287881007,0.0,0.0,reported_directly_in_CRT_Table2(I),Table2(I)
UNFCCC CRT 2025,2025-04-15,2004,2.F.2,Foam blowing agents,0.0,0.0,0.0,0.0,0.0,0.0,0.0,reported_directly_in_CRT_Table2(I),Table2(I)
UNFCCC CRT 2025,2025-04-15,2004,2.F.3,Fire protection,0.0,0.0,0.0,0.0,0.0,0.0,0.0,reported_directly_in_CRT_Table2(I),Table2(I)
UNFCCC CRT 2025,2025-04-15,2004,2.F.4,Aerosols,0.0,0.0,0.0,0.0,0.0,0.0,0.0,reported_directly_in_CRT_Table2(I),Table2(I)
UNFCCC CRT 2025,2025-04-15,2004,2.F.5,Solvents,0.0,0.0,0.0,0.0,0.0,0.0,0.0,reported_directly_in_CRT_Table2(I),Table2(I)
UNFCCC CRT 2025,2025-04-15,2004,2.F.6,Other applications,0.0,0.0,0.0,0.0,0.0,0.0,0.0,reported_directly_in_CRT_Table2(I),Table2(I)
UNFCCC CRT 2025,2025-04-15,2004,2.G,Other product manufacture and use,0.0,0.0,0.0,0.0,0.0,0.0,0.0,reported_directly_in_CRT_Table2(I),Table2(I)
UNFCCC CRT 2025,2025-04-15,2004,2.G.1,Electrical equipment,0.0,0.0,0.0,0.0,0.0,0.0,0.0,reported_directly_in_CRT_Table2(I),Table2(I)
UNFCCC CRT 2025,2025-04-15,2004,2.G.2,SF6 and PFCs from other product use,0.0,0.0,0.0,0.0,0.0,0.0,0.0,reported_directly_in_CRT_Table2(I),Table2(I)
UNFCCC CRT 2025,2025-04-15,2004,2.G.3,N2O from product uses,0.0,0.0,0.0,0.0,0.0,0.0,0.0,reported_directly_in_CRT_Table2(I),Table2(I)
UNFCCC CRT 2025,2025-04-15,2004,2.G.4,Other,0.0,0.0,0.0,0.0,0.0,0.0,0.0,reported_directly_in_CRT_Table2(I),Table2(I)
UNFCCC CRT 2025,2025-04-15,2004,2.H,Other (5),0.0,0.0,0.0,0.0,0.0,0.0,0.0,reported_directly_in_CRT_Table2(I),Table2(I)
UNFCCC CRT 2025,2025-04-15,2004,2.H.1,Pulp and paper,0.0,0.0,0.0,0.0,0.0,0.0,0.0,reported_directly_in_CRT_Table2(I),Table2(I)
UNFCCC CRT 2025,2025-04-15,2004,2.H.2,Food and beverages industry,0.0,0.0,0.0,0.0,0.0,0.0,0.0,reported_directly_in_CRT_Table2(I),Table2(I)
UNFCCC CRT 2025,2025-04-15,2004,2.H.3,Other (please specify),0.0,0.0,0.0,0.0,0.0,0.0,0.0,reported_directly_in_CRT_Table2(I),Table2(I)
UNFCCC CRT 2025,2025-04-15,2005,2,Total industrial processes,20823.642113463007,20198.65775540358,0.485842,0.0,609.6652820594284,0.0,7.3e-05,reported_directly_in_CRT_Table2(I),Table2(I)
UNFCCC CRT 2025,2025-04-15,2005,2.A,Mineral industry,4462.53059232,4462.53059232,0.0,0.0,0.0,0.0,0.0,reported_directly_in_CRT_Table2(I),Table2(I)
UNFCCC CRT 2025,2025-04-15,2005,2.A.1,Cement production,355.198,355.198,0.0,0.0,0.0,0.0,0.0,reported_directly_in_CRT_Table2(I),Table2(I)
UNFCCC CRT 2025,2025-04-15,2005,2.A.2,Lime production,761.551,761.551,0.0,0.0,0.0,0.0,0.0,reported_directly_in_CRT_Table2(I),Table2(I)
UNFCCC CRT 2025,2025-04-15,2005,2.A.3,Glass production,11.721,11.721,0.0,0.0,0.0,0.0,0.0,reported_directly_in_CRT_Table2(I),Table2(I)
UNFCCC CRT 2025,2025-04-15,2005,2.A.4,Other process uses of carbonates,3334.06059232,3334.06059232,0.0,0.0,0.0,0.0,0.0,reported_directly_in_CRT_Table2(I),Table2(I)
UNFCCC CRT 2025,2025-04-15,2005,2.B,Chemical industry,54.94832067379626,54.94832067379626,0.0,0.0,0.0,0.0,0.0,reported_directly_in_CRT_Table2(I),Table2(I)
UNFCCC CRT 2025,2025-04-15,2005,2.B.1,Ammonia production,11.074720673796266,11.074720673796266,0.0,0.0,0.0,0.0,0.0,reported_directly_in_CRT_Table2(I),Table2(I)
UNFCCC CRT 2025,2025-04-15,2005,2.B.2,Nitric acid production,0.0,0.0,0.0,0.0,0.0,0.0,0.0,reported_directly_in_CRT_Table2(I),Table2(I)
UNFCCC CRT 2025,2025-04-15,2005,2.B.3,Adipic acid production,0.0,0.0,0.0,0.0,0.0,0.0,0.0,reported_directly_in_CRT_Table2(I),Table2(I)
UNFCCC CRT 2025,2025-04-15,2005,2.B.4,"Caprolactam, glyoxal and glyoxylic acid production",0.0,0.0,0.0,0.0,0.0,0.0,0.0,reported_directly_in_CRT_Table2(I),Table2(I)
UNFCCC CRT 2025,2025-04-15,2005,2.B.5,Carbide production,43.873599999999996,43.873599999999996,0.0,0.0,0.0,0.0,0.0,reported_directly_in_CRT_Table2(I),Table2(I)
UNFCCC CRT 2025,2025-04-15,2005,2.B.6,Titanium dioxide production,0.0,0.0,0.0,0.0,0.0,0.0,0.0,reported_directly_in_CRT_Table2(I),Table2(I)
UNFCCC CRT 2025,2025-04-15,2005,2.B.7,Soda ash production,0.0,0.0,0.0,0.0,0.0,0.0,0.0,reported_directly_in_CRT_Table2(I),Table2(I)
UNFCCC CRT 2025,2025-04-15,2005,2.B.8,Petrochemical and carbon black production,0.0,0.0,0.0,0.0,0.0,0.0,0.0,reported_directly_in_CRT_Table2(I),Table2(I)
UNFCCC CRT 2025,2025-04-15,2005,2.B.9,Fluorochemical production,0.0,0.0,0.0,0.0,0.0,0.0,0.0,reported_directly_in_CRT_Table2(I),Table2(I)
UNFCCC CRT 2025,2025-04-15,2005,2.B.10,Other,0.0,0.0,0.0,0.0,0.0,0.0,0.0,reported_directly_in_CRT_Table2(I),Table2(I)
UNFCCC CRT 2025,2025-04-15,2005,2.C,Metal industry,15693.130475049782,15679.526899049783,0.485842,0.0,0.0,0.0,0.0,reported_directly_in_CRT_Table2(I),Table2(I)
UNFCCC CRT 2025,2025-04-15,2005,2.C.1,Iron and steel production,12786.919379049783,12775.033379049783,0.4245,0.0,0.0,0.0,0.0,reported_directly_in_CRT_Table2(I),Table2(I)
UNFCCC CRT 2025,2025-04-15,2005,2.C.2,Ferroalloys production,2732.6147559999995,2730.8971799999995,0.061342,0.0,0.0,0.0,0.0,reported_directly_in_CRT_Table2(I),Table2(I)
UNFCCC CRT 2025,2025-04-15,2005,2.C.3,Aluminium production,0.0,0.0,0.0,0.0,0.0,0.0,0.0,reported_directly_in_CRT_Table2(I),Table2(I)
UNFCCC CRT 2025,2025-04-15,2005,2.C.4,Magnesium production,0.0,0.0,0.0,0.0,0.0,0.0,0.0,reported_directly_in_CRT_Table2(I),Table2(I)
UNFCCC CRT 2025,2025-04-15,2005,2.C.5,Lead production,70.43192,70.43192,0.0,0.0,0.0,0.0,0.0,reported_directly_in_CRT_Table2(I),Table2(I)
UNFCCC CRT 2025,2025-04-15,2005,2.C.6,Zinc production,103.16441999999999,103.16441999999999,0.0,0.0,0.0,0.0,0.0,reported_directly_in_CRT_Table2(I),Table2(I)
UNFCCC CRT 2025,2025-04-15,2005,2.C.7,Other,0.0,0.0,0.0,0.0,0.0,0.0,0.0,reported_directly_in_CRT_Table2(I),Table2(I)
UNFCCC CRT 2025,2025-04-15,2005,2.D,Non-energy products from fuels and solvent use (4),1.6519433600008577,1.6519433600008577,0.0,0.0,0.0,0.0,0.0,reported_directly_in_CRT_Table2(I),Table2(I)
UNFCCC CRT 2025,2025-04-15,2005,2.D.1,Lubricant use,1.651,1.651,0.0,0.0,0.0,0.0,0.0,reported_directly_in_CRT_Table2(I),Table2(I)
UNFCCC CRT 2025,2025-04-15,2005,2.D.2,Paraffin wax use,0.0009433600008576001,0.0009433600008576001,0.0,0.0,0.0,0.0,0.0,reported_directly_in_CRT_Table2(I),Table2(I)
UNFCCC CRT 2025,2025-04-15,2005,2.D.3,Other,0.0,0.0,0.0,0.0,0.0,0.0,0.0,reported_directly_in_CRT_Table2(I),Table2(I)
UNFCCC CRT 2025,2025-04-15,2005,2.E,Electronics industry,0.0,0.0,0.0,0.0,0.0,0.0,0.0,reported_directly_in_CRT_Table2(I),Table2(I)
UNFCCC CRT 2025,2025-04-15,2005,2.E.1,Integrated circuit or semiconductor,0.0,0.0,0.0,0.0,0.0,0.0,0.0,reported_directly_in_CRT_Table2(I),Table2(I)
UNFCCC CRT 2025,2025-04-15,2005,2.E.2,TFT flat panel display,0.0,0.0,0.0,0.0,0.0,0.0,0.0,reported_directly_in_CRT_Table2(I),Table2(I)
UNFCCC CRT 2025,2025-04-15,2005,2.E.3,Photovoltaics,0.0,0.0,0.0,0.0,0.0,0.0,0.0,reported_directly_in_CRT_Table2(I),Table2(I)
UNFCCC CRT 2025,2025-04-15,2005,2.E.4,Heat transfer fluid,0.0,0.0,0.0,0.0,0.0,0.0,0.0,reported_directly_in_CRT_Table2(I),Table2(I)
UNFCCC CRT 2025,2025-04-15,2005,2.E.5,Other,0.0,0.0,0.0,0.0,0.0,0.0,0.0,reported_directly_in_CRT_Table2(I),Table2(I)
UNFCCC CRT 2025,2025-04-15,2005,2.F,Product uses as substitutes for ODS,609.6652820594284,0.0,0.0,0.0,609.6652820594284,0.0,0.0,reported_directly_in_CRT_Table2(I),Table2(I)
UNFCCC CRT 2025,2025-04-15,2005,2.F.1,Refrigeration and air conditioning,609.6652820594284,0.0,0.0,0.0,609.6652820594284,0.0,0.0,reported_directly_in_CRT_Table2(I),Table2(I)
UNFCCC CRT 2025,2025-04-15,2005,2.F.2,Foam blowing agents,0.0,0.0,0.0,0.0,0.0,0.0,0.0,reported_directly_in_CRT_Table2(I),Table2(I)
UNFCCC CRT 2025,2025-04-15,2005,2.F.3,Fire protection,0.0,0.0,0.0,0.0,0.0,0.0,0.0,reported_directly_in_CRT_Table2(I),Table2(I)
UNFCCC CRT 2025,2025-04-15,2005,2.F.4,Aerosols,0.0,0.0,0.0,0.0,0.0,0.0,0.0,reported_directly_in_CRT_Table2(I),Table2(I)
UNFCCC CRT 2025,2025-04-15,2005,2.F.5,Solvents,0.0,0.0,0.0,0.0,0.0,0.0,0.0,reported_directly_in_CRT_Table2(I),Table2(I)
UNFCCC CRT 2025,2025-04-15,2005,2.F.6,Other applications,0.0,0.0,0.0,0.0,0.0,0.0,0.0,reported_directly_in_CRT_Table2(I),Table2(I)
UNFCCC CRT 2025,2025-04-15,2005,2.G,Other product manufacture and use,1.7155,0.0,0.0,0.0,0.0,0.0,7.3e-05,reported_directly_in_CRT_Table2(I),Table2(I)
UNFCCC CRT 2025,2025-04-15,2005,2.G.1,Electrical equipment,1.7155,0.0,0.0,0.0,0.0,0.0,7.3e-05,reported_directly_in_CRT_Table2(I),Table2(I)
UNFCCC CRT 2025,2025-04-15,2005,2.G.2,SF6 and PFCs from other product use,0.0,0.0,0.0,0.0,0.0,0.0,0.0,reported_directly_in_CRT_Table2(I),Table2(I)
UNFCCC CRT 2025,2025-04-15,2005,2.G.3,N2O from product uses,0.0,0.0,0.0,0.0,0.0,0.0,0.0,reported_directly_in_CRT_Table2(I),Table2(I)
UNFCCC CRT 2025,2025-04-15,2005,2.G.4,Other,0.0,0.0,0.0,0.0,0.0,0.0,0.0,reported_directly_in_CRT_Table2(I),Table2(I)
UNFCCC CRT 2025,2025-04-15,2005,2.H,Other (5),0.0,0.0,0.0,0.0,0.0,0.0,0.0,reported_directly_in_CRT_Table2(I),Table2(I)
UNFCCC CRT 2025,2025-04-15,2005,2.H.1,Pulp and paper,0.0,0.0,0.0,0.0,0.0,0.0,0.0,reported_directly_in_CRT_Table2(I),Table2(I)
UNFCCC CRT 2025,2025-04-15,2005,2.H.2,Food and beverages industry,0.0,0.0,0.0,0.0,0.0,0.0,0.0,reported_directly_in_CRT_Table2(I),Table2(I)
UNFCCC CRT 2025,2025-04-15,2005,2.H.3,Other (please specify),0.0,0.0,0.0,0.0,0.0,0.0,0.0,reported_directly_in_CRT_Table2(I),Table2(I)
UNFCCC CRT 2025,2025-04-15,2006,2,Total industrial processes,22384.087023837237,21529.57300809889,0.468073,0.0724362,820.4733787383439,0.0,7.4e-05,reported_directly_in_CRT_Table2(I),Table2(I)
UNFCCC CRT 2025,2025-04-15,2006,2.A,Mineral industry,5353.94189998,5353.94189998,0.0,0.0,0.0,0.0,0.0,reported_directly_in_CRT_Table2(I),Table2(I)
UNFCCC CRT 2025,2025-04-15,2006,2.A.1,Cement production,475.597,475.597,0.0,0.0,0.0,0.0,0.0,reported_directly_in_CRT_Table2(I),Table2(I)
UNFCCC CRT 2025,2025-04-15,2006,2.A.2,Lime production,757.374,757.374,0.0,0.0,0.0,0.0,0.0,reported_directly_in_CRT_Table2(I),Table2(I)
UNFCCC CRT 2025,2025-04-15,2006,2.A.3,Glass production,12.605,12.605,0.0,0.0,0.0,0.0,0.0,reported_directly_in_CRT_Table2(I),Table2(I)
UNFCCC CRT 2025,2025-04-15,2006,2.A.4,Other process uses of carbonates,4108.36589998,4108.36589998,0.0,0.0,0.0,0.0,0.0,reported_directly_in_CRT_Table2(I),Table2(I)
UNFCCC CRT 2025,2025-04-15,2006,2.B,Chemical industry,121.09128442421334,101.89569142421334,0.0,0.0724362,0.0,0.0,0.0,reported_directly_in_CRT_Table2(I),Table2(I)
UNFCCC CRT 2025,2025-04-15,2006,2.B.1,Ammonia production,68.44819142421333,68.44819142421333,0.0,0.0,0.0,0.0,0.0,reported_directly_in_CRT_Table2(I),Table2(I)
UNFCCC CRT 2025,2025-04-15,2006,2.B.2,Nitric acid production,19.195593000000002,0.0,0.0,0.0724362,0.0,0.0,0.0,reported_directly_in_CRT_Table2(I),Table2(I)
UNFCCC CRT 2025,2025-04-15,2006,2.B.3,Adipic acid production,0.0,0.0,0.0,0.0,0.0,0.0,0.0,reported_directly_in_CRT_Table2(I),Table2(I)
UNFCCC CRT 2025,2025-04-15,2006,2.B.4,"Caprolactam, glyoxal and glyoxylic acid production",0.0,0.0,0.0,0.0,0.0,0.0,0.0,reported_directly_in_CRT_Table2(I),Table2(I)
UNFCCC CRT 2025,2025-04-15,2006,2.B.5,Carbide production,33.4475,33.4475,0.0,0.0,0.0,0.0,0.0,reported_directly_in_CRT_Table2(I),Table2(I)
UNFCCC CRT 2025,2025-04-15,2006,2.B.6,Titanium dioxide production,0.0,0.0,0.0,0.0,0.0,0.0,0.0,reported_directly_in_CRT_Table2(I),Table2(I)
UNFCCC CRT 2025,2025-04-15,2006,2.B.7,Soda ash production,0.0,0.0,0.0,0.0,0.0,0.0,0.0,reported_directly_in_CRT_Table2(I),Table2(I)
UNFCCC CRT 2025,2025-04-15,2006,2.B.8,Petrochemical and carbon black production,0.0,0.0,0.0,0.0,0.0,0.0,0.0,reported_directly_in_CRT_Table2(I),Table2(I)
UNFCCC CRT 2025,2025-04-15,2006,2.B.9,Fluorochemical production,0.0,0.0,0.0,0.0,0.0,0.0,0.0,reported_directly_in_CRT_Table2(I),Table2(I)
UNFCCC CRT 2025,2025-04-15,2006,2.B.10,Other,0.0,0.0,0.0,0.0,0.0,0.0,0.0,reported_directly_in_CRT_Table2(I),Table2(I)
UNFCCC CRT 2025,2025-04-15,2006,2.C,Metal industry,16085.900458374677,16072.794414374677,0.468073,0.0,0.0,0.0,0.0,reported_directly_in_CRT_Table2(I),Table2(I)
UNFCCC CRT 2025,2025-04-15,2006,2.C.1,Iron and steel production,12658.08723037468,12646.39443037468,0.4176,0.0,0.0,0.0,0.0,reported_directly_in_CRT_Table2(I),Table2(I)
UNFCCC CRT 2025,2025-04-15,2006,2.C.2,Ferroalloys production,3250.771048,3249.357804,0.050473,0.0,0.0,0.0,0.0,reported_directly_in_CRT_Table2(I),Table2(I)
UNFCCC CRT 2025,2025-04-15,2006,2.C.3,Aluminium production,0.0,0.0,0.0,0.0,0.0,0.0,0.0,reported_directly_in_CRT_Table2(I),Table2(I)
UNFCCC CRT 2025,2025-04-15,2006,2.C.4,Magnesium production,0.0,0.0,0.0,0.0,0.0,0.0,0.0,reported_directly_in_CRT_Table2(I),Table2(I)
UNFCCC CRT 2025,2025-04-15,2006,2.C.5,Lead production,60.30648,60.30648,0.0,0.0,0.0,0.0,0.0,reported_directly_in_CRT_Table2(I),Table2(I)
UNFCCC CRT 2025,2025-04-15,2006,2.C.6,Zinc production,116.73570000000001,116.73570000000001,0.0,0.0,0.0,0.0,0.0,reported_directly_in_CRT_Table2(I),Table2(I)
UNFCCC CRT 2025,2025-04-15,2006,2.C.7,Other,0.0,0.0,0.0,0.0,0.0,0.0,0.0,reported_directly_in_CRT_Table2(I),Table2(I)
UNFCCC CRT 2025,2025-04-15,2006,2.D,Non-energy products from fuels and solvent use (4),0.9410023200009111,0.9410023200009111,0.0,0.0,0.0,0.0,0.0,reported_directly_in_CRT_Table2(I),Table2(I)
UNFCCC CRT 2025,2025-04-15,2006,2.D.1,Lubricant use,0.94,0.94,0.0,0.0,0.0,0.0,0.0,reported_directly_in_CRT_Table2(I),Table2(I)
UNFCCC CRT 2025,2025-04-15,2006,2.D.2,Paraffin wax use,0.0010023200009112,0.0010023200009112,0.0,0.0,0.0,0.0,0.0,reported_directly_in_CRT_Table2(I),Table2(I)
UNFCCC CRT 2025,2025-04-15,2006,2.D.3,Other,0.0,0.0,0.0,0.0,0.0,0.0,0.0,reported_directly_in_CRT_Table2(I),Table2(I)
UNFCCC CRT 2025,2025-04-15,2006,2.E,Electronics industry,0.0,0.0,0.0,0.0,0.0,0.0,0.0,reported_directly_in_CRT_Table2(I),Table2(I)
UNFCCC CRT 2025,2025-04-15,2006,2.E.1,Integrated circuit or semiconductor,0.0,0.0,0.0,0.0,0.0,0.0,0.0,reported_directly_in_CRT_Table2(I),Table2(I)
UNFCCC CRT 2025,2025-04-15,2006,2.E.2,TFT flat panel display,0.0,0.0,0.0,0.0,0.0,0.0,0.0,reported_directly_in_CRT_Table2(I),Table2(I)
UNFCCC CRT 2025,2025-04-15,2006,2.E.3,Photovoltaics,0.0,0.0,0.0,0.0,0.0,0.0,0.0,reported_directly_in_CRT_Table2(I),Table2(I)
UNFCCC CRT 2025,2025-04-15,2006,2.E.4,Heat transfer fluid,0.0,0.0,0.0,0.0,0.0,0.0,0.0,reported_directly_in_CRT_Table2(I),Table2(I)
UNFCCC CRT 2025,2025-04-15,2006,2.E.5,Other,0.0,0.0,0.0,0.0,0.0,0.0,0.0,reported_directly_in_CRT_Table2(I),Table2(I)
UNFCCC CRT 2025,2025-04-15,2006,2.F,Product uses as substitutes for ODS,820.4733787383439,0.0,0.0,0.0,820.4733787383439,0.0,0.0,reported_directly_in_CRT_Table2(I),Table2(I)
UNFCCC CRT 2025,2025-04-15,2006,2.F.1,Refrigeration and air conditioning,820.4733787383439,0.0,0.0,0.0,820.4733787383439,0.0,0.0,reported_directly_in_CRT_Table2(I),Table2(I)
UNFCCC CRT 2025,2025-04-15,2006,2.F.2,Foam blowing agents,0.0,0.0,0.0,0.0,0.0,0.0,0.0,reported_directly_in_CRT_Table2(I),Table2(I)
UNFCCC CRT 2025,2025-04-15,2006,2.F.3,Fire protection,0.0,0.0,0.0,0.0,0.0,0.0,0.0,reported_directly_in_CRT_Table2(I),Table2(I)
UNFCCC CRT 2025,2025-04-15,2006,2.F.4,Aerosols,0.0,0.0,0.0,0.0,0.0,0.0,0.0,reported_directly_in_CRT_Table2(I),Table2(I)
UNFCCC CRT 2025,2025-04-15,2006,2.F.5,Solvents,0.0,0.0,0.0,0.0,0.0,0.0,0.0,reported_directly_in_CRT_Table2(I),Table2(I)
UNFCCC CRT 2025,2025-04-15,2006,2.F.6,Other applications,0.0,0.0,0.0,0.0,0.0,0.0,0.0,reported_directly_in_CRT_Table2(I),Table2(I)
UNFCCC CRT 2025,2025-04-15,2006,2.G,Other product manufacture and use,1.7389999999999999,0.0,0.0,0.0,0.0,0.0,7.4e-05,reported_directly_in_CRT_Table2(I),Table2(I)
UNFCCC CRT 2025,2025-04-15,2006,2.G.1,Electrical equipment,1.7389999999999999,0.0,0.0,0.0,0.0,0.0,7.4e-05,reported_directly_in_CRT_Table2(I),Table2(I)
UNFCCC CRT 2025,2025-04-15,2006,2.G.2,SF6 and PFCs from other product use,0.0,0.0,0.0,0.0,0.0,0.0,0.0,reported_directly_in_CRT_Table2(I),Table2(I)
UNFCCC CRT 2025,2025-04-15,2006,2.G.3,N2O from product uses,0.0,0.0,0.0,0.0,0.0,0.0,0.0,reported_directly_in_CRT_Table2(I),Table2(I)
UNFCCC CRT 2025,2025-04-15,2006,2.G.4,Other,0.0,0.0,0.0,0.0,0.0,0.0,0.0,reported_directly_in_CRT_Table2(I),Table2(I)
UNFCCC CRT 2025,2025-04-15,2006,2.H,Other (5),0.0,0.0,0.0,0.0,0.0,0.0,0.0,reported_directly_in_CRT_Table2(I),Table2(I)
UNFCCC CRT 2025,2025-04-15,2006,2.H.1,Pulp and paper,0.0,0.0,0.0,0.0,0.0,0.0,0.0,reported_directly_in_CRT_Table2(I),Table2(I)
UNFCCC CRT 2025,2025-04-15,2006,2.H.2,Food and beverages industry,0.0,0.0,0.0,0.0,0.0,0.0,0.0,reported_directly_in_CRT_Table2(I),Table2(I)
UNFCCC CRT 2025,2025-04-15,2006,2.H.3,Other (please specify),0.0,0.0,0.0,0.0,0.0,0.0,0.0,reported_directly_in_CRT_Table2(I),Table2(I)
UNFCCC CRT 2025,2025-04-15,2007,2,Total industrial processes,23316.620609139765,22289.36083898128,0.49589,0.4038,877.8391612284817,26.78968893,7.4e-05,reported_directly_in_CRT_Table2(I),Table2(I)
UNFCCC CRT 2025,2025-04-15,2007,2.A,Mineral industry,4868.60213685,4868.60213685,0.0,0.0,0.0,0.0,0.0,reported_directly_in_CRT_Table2(I),Table2(I)
UNFCCC CRT 2025,2025-04-15,2007,2.A.1,Cement production,596.891,596.891,0.0,0.0,0.0,0.0,0.0,reported_directly_in_CRT_Table2(I),Table2(I)
UNFCCC CRT 2025,2025-04-15,2007,2.A.2,Lime production,784.2828,784.2828,0.0,0.0,0.0,0.0,0.0,reported_directly_in_CRT_Table2(I),Table2(I)
UNFCCC CRT 2025,2025-04-15,2007,2.A.3,Glass production,12.193,12.193,0.0,0.0,0.0,0.0,0.0,reported_directly_in_CRT_Table2(I),Table2(I)
UNFCCC CRT 2025,2025-04-15,2007,2.A.4,Other process uses of carbonates,3475.23533685,3475.23533685,0.0,0.0,0.0,0.0,0.0,reported_directly_in_CRT_Table2(I),Table2(I)
UNFCCC CRT 2025,2025-04-15,2007,2.B,Chemical industry,403.08493562743996,296.07793562743996,0.0,0.4038,0.0,0.0,0.0,reported_directly_in_CRT_Table2(I),Table2(I)
UNFCCC CRT 2025,2025-04-15,2007,2.B.1,Ammonia production,268.12483562743995,268.12483562743995,0.0,0.0,0.0,0.0,0.0,reported_directly_in_CRT_Table2(I),Table2(I)
UNFCCC CRT 2025,2025-04-15,2007,2.B.2,Nitric acid production,107.007,0.0,0.0,0.4038,0.0,0.0,0.0,reported_directly_in_CRT_Table2(I),Table2(I)
UNFCCC CRT 2025,2025-04-15,2007,2.B.3,Adipic acid production,0.0,0.0,0.0,0.0,0.0,0.0,0.0,reported_directly_in_CRT_Table2(I),Table2(I)
UNFCCC CRT 2025,2025-04-15,2007,2.B.4,"Caprolactam, glyoxal and glyoxylic acid production",0.0,0.0,0.0,0.0,0.0,0.0,0.0,reported_directly_in_CRT_Table2(I),Table2(I)
UNFCCC CRT 2025,2025-04-15,2007,2.B.5,Carbide production,27.953100000000003,27.953100000000003,0.0,0.0,0.0,0.0,0.0,reported_directly_in_CRT_Table2(I),Table2(I)
UNFCCC CRT 2025,2025-04-15,2007,2.B.6,Titanium dioxide production,0.0,0.0,0.0,0.0,0.0,0.0,0.0,reported_directly_in_CRT_Table2(I),Table2(I)
UNFCCC CRT 2025,2025-04-15,2007,2.B.7,Soda ash production,0.0,0.0,0.0,0.0,0.0,0.0,0.0,reported_directly_in_CRT_Table2(I),Table2(I)
UNFCCC CRT 2025,2025-04-15,2007,2.B.8,Petrochemical and carbon black production,0.0,0.0,0.0,0.0,0.0,0.0,0.0,reported_directly_in_CRT_Table2(I),Table2(I)
UNFCCC CRT 2025,2025-04-15,2007,2.B.9,Fluorochemical production,0.0,0.0,0.0,0.0,0.0,0.0,0.0,reported_directly_in_CRT_Table2(I),Table2(I)
UNFCCC CRT 2025,2025-04-15,2007,2.B.10,Other,0.0,0.0,0.0,0.0,0.0,0.0,0.0,reported_directly_in_CRT_Table2(I),Table2(I)
UNFCCC CRT 2025,2025-04-15,2007,2.C,Metal industry,17164.539643833796,17123.865034903796,0.49589,0.0,0.0,26.78968893,0.0,reported_directly_in_CRT_Table2(I),Table2(I)
UNFCCC CRT 2025,2025-04-15,2007,2.C.1,Iron and steel production,13584.824386227414,13571.927586227413,0.4606,0.0,0.0,0.0,0.0,reported_directly_in_CRT_Table2(I),Table2(I)
UNFCCC CRT 2025,2025-04-15,2007,2.C.2,Ferroalloys production,3236.5044040000002,3235.5162840000003,0.03529,0.0,0.0,0.0,0.0,reported_directly_in_CRT_Table2(I),Table2(I)
UNFCCC CRT 2025,2025-04-15,2007,2.C.3,Aluminium production,44.291253606383336,17.501564676383335,0.0,0.0,0.0,26.78968893,0.0,reported_directly_in_CRT_Table2(I),Table2(I)
UNFCCC CRT 2025,2025-04-15,2007,2.C.4,Magnesium production,0.0,0.0,0.0,0.0,0.0,0.0,0.0,reported_directly_in_CRT_Table2(I),Table2(I)
UNFCCC CRT 2025,2025-04-15,2007,2.C.5,Lead production,61.173320000000004,61.173320000000004,0.0,0.0,0.0,0.0,0.0,reported_directly_in_CRT_Table2(I),Table2(I)
UNFCCC CRT 2025,2025-04-15,2007,2.C.6,Zinc production,237.74628,237.74628,0.0,0.0,0.0,0.0,0.0,reported_directly_in_CRT_Table2(I),Table2(I)
UNFCCC CRT 2025,2025-04-15,2007,2.C.7,Other,0.0,0.0,0.0,0.0,0.0,0.0,0.0,reported_directly_in_CRT_Table2(I),Table2(I)
UNFCCC CRT 2025,2025-04-15,2007,2.D,Non-energy products from fuels and solvent use (4),0.815731600044756,0.815731600044756,0.0,0.0,0.0,0.0,0.0,reported_directly_in_CRT_Table2(I),Table2(I)
UNFCCC CRT 2025,2025-04-15,2007,2.D.1,Lubricant use,0.7665,0.7665,0.0,0.0,0.0,0.0,0.0,reported_directly_in_CRT_Table2(I),Table2(I)
UNFCCC CRT 2025,2025-04-15,2007,2.D.2,Paraffin wax use,0.049231600044756,0.049231600044756,0.0,0.0,0.0,0.0,0.0,reported_directly_in_CRT_Table2(I),Table2(I)
UNFCCC CRT 2025,2025-04-15,2007,2.D.3,Other,0.0,0.0,0.0,0.0,0.0,0.0,0.0,reported_directly_in_CRT_Table2(I),Table2(I)
UNFCCC CRT 2025,2025-04-15,2007,2.E,Electronics industry,0.0,0.0,0.0,0.0,0.0,0.0,0.0,reported_directly_in_CRT_Table2(I),Table2(I)
UNFCCC CRT 2025,2025-04-15,2007,2.E.1,Integrated circuit or semiconductor,0.0,0.0,0.0,0.0,0.0,0.0,0.0,reported_directly_in_CRT_Table2(I),Table2(I)
UNFCCC CRT 2025,2025-04-15,2007,2.E.2,TFT flat panel display,0.0,0.0,0.0,0.0,0.0,0.0,0.0,reported_directly_in_CRT_Table2(I),Table2(I)
UNFCCC CRT 2025,2025-04-15,2007,2.E.3,Photovoltaics,0.0,0.0,0.0,0.0,0.0,0.0,0.0,reported_directly_in_CRT_Table2(I),Table2(I)
UNFCCC CRT 2025,2025-04-15,2007,2.E.4,Heat transfer fluid,0.0,0.0,0.0,0.0,0.0,0.0,0.0,reported_directly_in_CRT_Table2(I),Table2(I)
UNFCCC CRT 2025,2025-04-15,2007,2.E.5,Other,0.0,0.0,0.0,0.0,0.0,0.0,0.0,reported_directly_in_CRT_Table2(I),Table2(I)
UNFCCC CRT 2025,2025-04-15,2007,2.F,Product uses as substitutes for ODS,877.8391612284817,0.0,0.0,0.0,877.8391612284817,0.0,0.0,reported_directly_in_CRT_Table2(I),Table2(I)
UNFCCC CRT 2025,2025-04-15,2007,2.F.1,Refrigeration and air conditioning,873.3931612284817,0.0,0.0,0.0,873.3931612284817,0.0,0.0,reported_directly_in_CRT_Table2(I),Table2(I)
UNFCCC CRT 2025,2025-04-15,2007,2.F.2,Foam blowing agents,0.0,0.0,0.0,0.0,0.0,0.0,0.0,reported_directly_in_CRT_Table2(I),Table2(I)
UNFCCC CRT 2025,2025-04-15,2007,2.F.3,Fire protection,0.0,0.0,0.0,0.0,0.0,0.0,0.0,reported_directly_in_CRT_Table2(I),Table2(I)
UNFCCC CRT 2025,2025-04-15,2007,2.F.4,Aerosols,4.446,0.0,0.0,0.0,4.446,0.0,0.0,reported_directly_in_CRT_Table2(I),Table2(I)
UNFCCC CRT 2025,2025-04-15,2007,2.F.5,Solvents,0.0,0.0,0.0,0.0,0.0,0.0,0.0,reported_directly_in_CRT_Table2(I),Table2(I)
UNFCCC CRT 2025,2025-04-15,2007,2.F.6,Other applications,0.0,0.0,0.0,0.0,0.0,0.0,0.0,reported_directly_in_CRT_Table2(I),Table2(I)
UNFCCC CRT 2025,2025-04-15,2007,2.G,Other product manufacture and use,1.7389999999999999,0.0,0.0,0.0,0.0,0.0,7.4e-05,reported_directly_in_CRT_Table2(I),Table2(I)
UNFCCC CRT 2025,2025-04-15,2007,2.G.1,Electrical equipment,1.7389999999999999,0.0,0.0,0.0,0.0,0.0,7.4e-05,reported_directly_in_CRT_Table2(I),Table2(I)
UNFCCC CRT 2025,2025-04-15,2007,2.G.2,SF6 and PFCs from other product use,0.0,0.0,0.0,0.0,0.0,0.0,0.0,reported_directly_in_CRT_Table2(I),Table2(I)
UNFCCC CRT 2025,2025-04-15,2007,2.G.3,N2O from product uses,0.0,0.0,0.0,0.0,0.0,0.0,0.0,reported_directly_in_CRT_Table2(I),Table2(I)
UNFCCC CRT 2025,2025-04-15,2007,2.G.4,Other,0.0,0.0,0.0,0.0,0.0,0.0,0.0,reported_directly_in_CRT_Table2(I),Table2(I)
UNFCCC CRT 2025,2025-04-15,2007,2.H,Other (5),0.0,0.0,0.0,0.0,0.0,0.0,0.0,reported_directly_in_CRT_Table2(I),Table2(I)
UNFCCC CRT 2025,2025-04-15,2007,2.H.1,Pulp and paper,0.0,0.0,0.0,0.0,0.0,0.0,0.0,reported_directly_in_CRT_Table2(I),Table2(I)
UNFCCC CRT 2025,2025-04-15,2007,2.H.2,Food and beverages industry,0.0,0.0,0.0,0.0,0.0,0.0,0.0,reported_directly_in_CRT_Table2(I),Table2(I)
UNFCCC CRT 2025,2025-04-15,2007,2.H.3,Other (please specify),0.0,0.0,0.0,0.0,0.0,0.0,0.0,reported_directly_in_CRT_Table2(I),Table2(I)
UNFCCC CRT 2025,2025-04-15,2008,2,Total industrial processes,21662.437363080782,20242.110131063408,0.391749,0.3949,899.6181010173739,403.329159,7.5e-05,reported_directly_in_CRT_Table2(I),Table2(I)
UNFCCC CRT 2025,2025-04-15,2008,2.A,Mineral industry,5433.572541009999,5433.572541009999,0.0,0.0,0.0,0.0,0.0,reported_directly_in_CRT_Table2(I),Table2(I)
UNFCCC CRT 2025,2025-04-15,2008,2.A.1,Cement production,984.189,984.189,0.0,0.0,0.0,0.0,0.0,reported_directly_in_CRT_Table2(I),Table2(I)
UNFCCC CRT 2025,2025-04-15,2008,2.A.2,Lime production,694.3853805,694.3853805,0.0,0.0,0.0,0.0,0.0,reported_directly_in_CRT_Table2(I),Table2(I)
UNFCCC CRT 2025,2025-04-15,2008,2.A.3,Glass production,9.565,9.565,0.0,0.0,0.0,0.0,0.0,reported_directly_in_CRT_Table2(I),Table2(I)
UNFCCC CRT 2025,2025-04-15,2008,2.A.4,Other process uses of carbonates,3745.4331605099997,3745.4331605099997,0.0,0.0,0.0,0.0,0.0,reported_directly_in_CRT_Table2(I),Table2(I)
UNFCCC CRT 2025,2025-04-15,2008,2.B,Chemical industry,410.309,305.6605,0.0,0.3949,0.0,0.0,0.0,reported_directly_in_CRT_Table2(I),Table2(I)
UNFCCC CRT 2025,2025-04-15,2008,2.B.1,Ammonia production,275.3138,275.3138,0.0,0.0,0.0,0.0,0.0,reported_directly_in_CRT_Table2(I),Table2(I)
UNFCCC CRT 2025,2025-04-15,2008,2.B.2,Nitric acid production,104.6485,0.0,0.0,0.3949,0.0,0.0,0.0,reported_directly_in_CRT_Table2(I),Table2(I)
UNFCCC CRT 2025,2025-04-15,2008,2.B.3,Adipic acid production,0.0,0.0,0.0,0.0,0.0,0.0,0.0,reported_directly_in_CRT_Table2(I),Table2(I)
UNFCCC CRT 2025,2025-04-15,2008,2.B.4,"Caprolactam, glyoxal and glyoxylic acid production",0.0,0.0,0.0,0.0,0.0,0.0,0.0,reported_directly_in_CRT_Table2(I),Table2(I)
UNFCCC CRT 2025,2025-04-15,2008,2.B.5,Carbide production,30.3467,30.3467,0.0,0.0,0.0,0.0,0.0,reported_directly_in_CRT_Table2(I),Table2(I)
UNFCCC CRT 2025,2025-04-15,2008,2.B.6,Titanium dioxide production,0.0,0.0,0.0,0.0,0.0,0.0,0.0,reported_directly_in_CRT_Table2(I),Table2(I)
UNFCCC CRT 2025,2025-04-15,2008,2.B.7,Soda ash production,0.0,0.0,0.0,0.0,0.0,0.0,0.0,reported_directly_in_CRT_Table2(I),Table2(I)
UNFCCC CRT 2025,2025-04-15,2008,2.B.8,Petrochemical and carbon black production,0.0,0.0,0.0,0.0,0.0,0.0,0.0,reported_directly_in_CRT_Table2(I),Table2(I)
UNFCCC CRT 2025,2025-04-15,2008,2.B.9,Fluorochemical production,0.0,0.0,0.0,0.0,0.0,0.0,0.0,reported_directly_in_CRT_Table2(I),Table2(I)
UNFCCC CRT 2025,2025-04-15,2008,2.B.10,Other,0.0,0.0,0.0,0.0,0.0,0.0,0.0,reported_directly_in_CRT_Table2(I),Table2(I)
UNFCCC CRT 2025,2025-04-15,2008,2.C,Metal industry,14916.393891453397,14502.095760453396,0.391749,0.0,0.0,403.329159,0.0,reported_directly_in_CRT_Table2(I),Table2(I)
UNFCCC CRT 2025,2025-04-15,2008,2.C.1,Iron and steel production,11173.41574478688,11163.35534478688,0.3593,0.0,0.0,0.0,0.0,reported_directly_in_CRT_Table2(I),Table2(I)
UNFCCC CRT 2025,2025-04-15,2008,2.C.2,Ferroalloys production,2857.6977159999997,2856.789144,0.032449,0.0,0.0,0.0,0.0,reported_directly_in_CRT_Table2(I),Table2(I)
UNFCCC CRT 2025,2025-04-15,2008,2.C.3,Aluminium production,561.5832106665166,158.25405166651666,0.0,0.0,0.0,403.329159,0.0,reported_directly_in_CRT_Table2(I),Table2(I)
UNFCCC CRT 2025,2025-04-15,2008,2.C.4,Magnesium production,0.0,0.0,0.0,0.0,0.0,0.0,0.0,reported_directly_in_CRT_Table2(I),Table2(I)
UNFCCC CRT 2025,2025-04-15,2008,2.C.5,Lead production,54.99832000000001,54.99832000000001,0.0,0.0,0.0,0.0,0.0,reported_directly_in_CRT_Table2(I),Table2(I)
UNFCCC CRT 2025,2025-04-15,2008,2.C.6,Zinc production,268.69890000000004,268.69890000000004,0.0,0.0,0.0,0.0,0.0,reported_directly_in_CRT_Table2(I),Table2(I)
UNFCCC CRT 2025,2025-04-15,2008,2.C.7,Other,0.0,0.0,0.0,0.0,0.0,0.0,0.0,reported_directly_in_CRT_Table2(I),Table2(I)
UNFCCC CRT 2025,2025-04-15,2008,2.D,Non-energy products from fuels and solvent use (4),0.781329600013936,0.781329600013936,0.0,0.0,0.0,0.0,0.0,reported_directly_in_CRT_Table2(I),Table2(I)
UNFCCC CRT 2025,2025-04-15,2008,2.D.1,Lubricant use,0.766,0.766,0.0,0.0,0.0,0.0,0.0,reported_directly_in_CRT_Table2(I),Table2(I)
UNFCCC CRT 2025,2025-04-15,2008,2.D.2,Paraffin wax use,0.015329600013936002,0.015329600013936002,0.0,0.0,0.0,0.0,0.0,reported_directly_in_CRT_Table2(I),Table2(I)
UNFCCC CRT 2025,2025-04-15,2008,2.D.3,Other,0.0,0.0,0.0,0.0,0.0,0.0,0.0,reported_directly_in_CRT_Table2(I),Table2(I)
UNFCCC CRT 2025,2025-04-15,2008,2.E,Electronics industry,0.0,0.0,0.0,0.0,0.0,0.0,0.0,reported_directly_in_CRT_Table2(I),Table2(I)
UNFCCC CRT 2025,2025-04-15,2008,2.E.1,Integrated circuit or semiconductor,0.0,0.0,0.0,0.0,0.0,0.0,0.0,reported_directly_in_CRT_Table2(I),Table2(I)
UNFCCC CRT 2025,2025-04-15,2008,2.E.2,TFT flat panel display,0.0,0.0,0.0,0.0,0.0,0.0,0.0,reported_directly_in_CRT_Table2(I),Table2(I)
UNFCCC CRT 2025,2025-04-15,2008,2.E.3,Photovoltaics,0.0,0.0,0.0,0.0,0.0,0.0,0.0,reported_directly_in_CRT_Table2(I),Table2(I)
UNFCCC CRT 2025,2025-04-15,2008,2.E.4,Heat transfer fluid,0.0,0.0,0.0,0.0,0.0,0.0,0.0,reported_directly_in_CRT_Table2(I),Table2(I)
UNFCCC CRT 2025,2025-04-15,2008,2.E.5,Other,0.0,0.0,0.0,0.0,0.0,0.0,0.0,reported_directly_in_CRT_Table2(I),Table2(I)
UNFCCC CRT 2025,2025-04-15,2008,2.F,Product uses as substitutes for ODS,899.6181010173739,0.0,0.0,0.0,899.6181010173739,0.0,0.0,reported_directly_in_CRT_Table2(I),Table2(I)
UNFCCC CRT 2025,2025-04-15,2008,2.F.1,Refrigeration and air conditioning,895.0541910674731,0.0,0.0,0.0,895.0541910674731,0.0,0.0,reported_directly_in_CRT_Table2(I),Table2(I)
UNFCCC CRT 2025,2025-04-15,2008,2.F.2,Foam blowing agents,0.0,0.0,0.0,0.0,0.0,0.0,0.0,reported_directly_in_CRT_Table2(I),Table2(I)
UNFCCC CRT 2025,2025-04-15,2008,2.F.3,Fire protection,0.0,0.0,0.0,0.0,0.0,0.0,0.0,reported_directly_in_CRT_Table2(I),Table2(I)
UNFCCC CRT 2025,2025-04-15,2008,2.F.4,Aerosols,4.5639099499006655,0.0,0.0,0.0,4.5639099499006655,0.0,0.0,reported_directly_in_CRT_Table2(I),Table2(I)
UNFCCC CRT 2025,2025-04-15,2008,2.F.5,Solvents,0.0,0.0,0.0,0.0,0.0,0.0,0.0,reported_directly_in_CRT_Table2(I),Table2(I)
UNFCCC CRT 2025,2025-04-15,2008,2.F.6,Other applications,0.0,0.0,0.0,0.0,0.0,0.0,0.0,reported_directly_in_CRT_Table2(I),Table2(I)
UNFCCC CRT 2025,2025-04-15,2008,2.G,Other product manufacture and use,1.7625,0.0,0.0,0.0,0.0,0.0,7.5e-05,reported_directly_in_CRT_Table2(I),Table2(I)
UNFCCC CRT 2025,2025-04-15,2008,2.G.1,Electrical equipment,1.7625,0.0,0.0,0.0,0.0,0.0,7.5e-05,reported_directly_in_CRT_Table2(I),Table2(I)
UNFCCC CRT 2025,2025-04-15,2008,2.G.2,SF6 and PFCs from other product use,0.0,0.0,0.0,0.0,0.0,0.0,0.0,reported_directly_in_CRT_Table2(I),Table2(I)
UNFCCC CRT 2025,2025-04-15,2008,2.G.3,N2O from product uses,0.0,0.0,0.0,0.0,0.0,0.0,0.0,reported_directly_in_CRT_Table2(I),Table2(I)
UNFCCC CRT 2025,2025-04-15,2008,2.G.4,Other,0.0,0.0,0.0,0.0,0.0,0.0,0.0,reported_directly_in_CRT_Table2(I),Table2(I)
UNFCCC CRT 2025,2025-04-15,2008,2.H,Other (5),0.0,0.0,0.0,0.0,0.0,0.0,0.0,reported_directly_in_CRT_Table2(I),Table2(I)
UNFCCC CRT 2025,2025-04-15,2008,2.H.1,Pulp and paper,0.0,0.0,0.0,0.0,0.0,0.0,0.0,reported_directly_in_CRT_Table2(I),Table2(I)
UNFCCC CRT 2025,2025-04-15,2008,2.H.2,Food and beverages industry,0.0,0.0,0.0,0.0,0.0,0.0,0.0,reported_directly_in_CRT_Table2(I),Table2(I)
UNFCCC CRT 2025,2025-04-15,2008,2.H.3,Other (please specify),0.0,0.0,0.0,0.0,0.0,0.0,0.0,reported_directly_in_CRT_Table2(I),Table2(I)
UNFCCC CRT 2025,2025-04-15,2009,2,Total industrial processes,21250.494472695736,19922.22985844689,0.423467,0.2897954,924.7137157488414,313.1120415,7.6e-05,reported_directly_in_CRT_Table2(I),Table2(I)
UNFCCC CRT 2025,2025-04-15,2009,2.A,Mineral industry,4513.6056950600005,4513.6056950600005,0.0,0.0,0.0,0.0,0.0,reported_directly_in_CRT_Table2(I),Table2(I)
UNFCCC CRT 2025,2025-04-15,2009,2.A.1,Cement production,932.672,932.672,0.0,0.0,0.0,0.0,0.0,reported_directly_in_CRT_Table2(I),Table2(I)
UNFCCC CRT 2025,2025-04-15,2009,2.A.2,Lime production,611.8203,611.8203,0.0,0.0,0.0,0.0,0.0,reported_directly_in_CRT_Table2(I),Table2(I)
UNFCCC CRT 2025,2025-04-15,2009,2.A.3,Glass production,7.044,7.044,0.0,0.0,0.0,0.0,0.0,reported_directly_in_CRT_Table2(I),Table2(I)
UNFCCC CRT 2025,2025-04-15,2009,2.A.4,Other process uses of carbonates,2962.0693950600003,2962.0693950600003,0.0,0.0,0.0,0.0,0.0,reported_directly_in_CRT_Table2(I),Table2(I)
UNFCCC CRT 2025,2025-04-15,2009,2.B,Chemical industry,305.72210968,228.92632868000004,0.0,0.2897954,0.0,0.0,0.0,reported_directly_in_CRT_Table2(I),Table2(I)
UNFCCC CRT 2025,2025-04-15,2009,2.B.1,Ammonia production,195.41422868000004,195.41422868000004,0.0,0.0,0.0,0.0,0.0,reported_directly_in_CRT_Table2(I),Table2(I)
UNFCCC CRT 2025,2025-04-15,2009,2.B.2,Nitric acid production,76.79578099999999,0.0,0.0,0.2897954,0.0,0.0,0.0,reported_directly_in_CRT_Table2(I),Table2(I)
UNFCCC CRT 2025,2025-04-15,2009,2.B.3,Adipic acid production,0.0,0.0,0.0,0.0,0.0,0.0,0.0,reported_directly_in_CRT_Table2(I),Table2(I)
UNFCCC CRT 2025,2025-04-15,2009,2.B.4,"Caprolactam, glyoxal and glyoxylic acid production",0.0,0.0,0.0,0.0,0.0,0.0,0.0,reported_directly_in_CRT_Table2(I),Table2(I)
UNFCCC CRT 2025,2025-04-15,2009,2.B.5,Carbide production,33.512100000000004,33.512100000000004,0.0,0.0,0.0,0.0,0.0,reported_directly_in_CRT_Table2(I),Table2(I)
UNFCCC CRT 2025,2025-04-15,2009,2.B.6,Titanium dioxide production,0.0,0.0,0.0,0.0,0.0,0.0,0.0,reported_directly_in_CRT_Table2(I),Table2(I)
UNFCCC CRT 2025,2025-04-15,2009,2.B.7,Soda ash production,0.0,0.0,0.0,0.0,0.0,0.0,0.0,reported_directly_in_CRT_Table2(I),Table2(I)
UNFCCC CRT 2025,2025-04-15,2009,2.B.8,Petrochemical and carbon black production,0.0,0.0,0.0,0.0,0.0,0.0,0.0,reported_directly_in_CRT_Table2(I),Table2(I)
UNFCCC CRT 2025,2025-04-15,2009,2.B.9,Fluorochemical production,0.0,0.0,0.0,0.0,0.0,0.0,0.0,reported_directly_in_CRT_Table2(I),Table2(I)
UNFCCC CRT 2025,2025-04-15,2009,2.B.10,Other,0.0,0.0,0.0,0.0,0.0,0.0,0.0,reported_directly_in_CRT_Table2(I),Table2(I)
UNFCCC CRT 2025,2025-04-15,2009,2.C,Metal industry,15255.683159406854,14930.714041906853,0.423467,0.0,0.0,313.1120415,0.0,reported_directly_in_CRT_Table2(I),Table2(I)
UNFCCC CRT 2025,2025-04-15,2009,2.C.1,Iron and steel production,12060.793852847219,12049.526652847218,0.4024,0.0,0.0,0.0,0.0,reported_directly_in_CRT_Table2(I),Table2(I)
UNFCCC CRT 2025,2025-04-15,2009,2.C.2,Ferroalloys production,2474.4501351999997,2473.8602591999997,0.021067,0.0,0.0,0.0,0.0,reported_directly_in_CRT_Table2(I),Table2(I)
UNFCCC CRT 2025,2025-04-15,2009,2.C.3,Aluminium production,502.5141913596334,189.4021498596334,0.0,0.0,0.0,313.1120415,0.0,reported_directly_in_CRT_Table2(I),Table2(I)
UNFCCC CRT 2025,2025-04-15,2009,2.C.4,Magnesium production,0.0,0.0,0.0,0.0,0.0,0.0,0.0,reported_directly_in_CRT_Table2(I),Table2(I)
UNFCCC CRT 2025,2025-04-15,2009,2.C.5,Lead production,42.11688,42.11688,0.0,0.0,0.0,0.0,0.0,reported_directly_in_CRT_Table2(I),Table2(I)
UNFCCC CRT 2025,2025-04-15,2009,2.C.6,Zinc production,175.8081,175.8081,0.0,0.0,0.0,0.0,0.0,reported_directly_in_CRT_Table2(I),Table2(I)
UNFCCC CRT 2025,2025-04-15,2009,2.C.7,Other,0.0,0.0,0.0,0.0,0.0,0.0,0.0,reported_directly_in_CRT_Table2(I),Table2(I)
UNFCCC CRT 2025,2025-04-15,2009,2.D,Non-energy products from fuels and solvent use (4),248.98379280003644,248.98379280003644,0.0,0.0,0.0,0.0,0.0,reported_directly_in_CRT_Table2(I),Table2(I)
UNFCCC CRT 2025,2025-04-15,2009,2.D.1,Lubricant use,0.3537,0.3537,0.0,0.0,0.0,0.0,0.0,reported_directly_in_CRT_Table2(I),Table2(I)
UNFCCC CRT 2025,2025-04-15,2009,2.D.2,Paraffin wax use,0.040092800036448016,0.040092800036448016,0.0,0.0,0.0,0.0,0.0,reported_directly_in_CRT_Table2(I),Table2(I)
UNFCCC CRT 2025,2025-04-15,2009,2.D.3,Other,248.59,248.59,0.0,0.0,0.0,0.0,0.0,reported_directly_in_CRT_Table2(I),Table2(I)
UNFCCC CRT 2025,2025-04-15,2009,2.E,Electronics industry,0.0,0.0,0.0,0.0,0.0,0.0,0.0,reported_directly_in_CRT_Table2(I),Table2(I)
UNFCCC CRT 2025,2025-04-15,2009,2.E.1,Integrated circuit or semiconductor,0.0,0.0,0.0,0.0,0.0,0.0,0.0,reported_directly_in_CRT_Table2(I),Table2(I)
UNFCCC CRT 2025,2025-04-15,2009,2.E.2,TFT flat panel display,0.0,0.0,0.0,0.0,0.0,0.0,0.0,reported_directly_in_CRT_Table2(I),Table2(I)
UNFCCC CRT 2025,2025-04-15,2009,2.E.3,Photovoltaics,0.0,0.0,0.0,0.0,0.0,0.0,0.0,reported_directly_in_CRT_Table2(I),Table2(I)
UNFCCC CRT 2025,2025-04-15,2009,2.E.4,Heat transfer fluid,0.0,0.0,0.0,0.0,0.0,0.0,0.0,reported_directly_in_CRT_Table2(I),Table2(I)
UNFCCC CRT 2025,2025-04-15,2009,2.E.5,Other,0.0,0.0,0.0,0.0,0.0,0.0,0.0,reported_directly_in_CRT_Table2(I),Table2(I)
UNFCCC CRT 2025,2025-04-15,2009,2.F,Product uses as substitutes for ODS,924.7137157488414,0.0,0.0,0.0,924.7137157488414,0.0,0.0,reported_directly_in_CRT_Table2(I),Table2(I)
UNFCCC CRT 2025,2025-04-15,2009,2.F.1,Refrigeration and air conditioning,919.9682259534674,0.0,0.0,0.0,919.9682259534674,0.0,0.0,reported_directly_in_CRT_Table2(I),Table2(I)
UNFCCC CRT 2025,2025-04-15,2009,2.F.2,Foam blowing agents,0.0,0.0,0.0,0.0,0.0,0.0,0.0,reported_directly_in_CRT_Table2(I),Table2(I)
UNFCCC CRT 2025,2025-04-15,2009,2.F.3,Fire protection,0.0,0.0,0.0,0.0,0.0,0.0,0.0,reported_directly_in_CRT_Table2(I),Table2(I)
UNFCCC CRT 2025,2025-04-15,2009,2.F.4,Aerosols,4.745489795374147,0.0,0.0,0.0,4.745489795374147,0.0,0.0,reported_directly_in_CRT_Table2(I),Table2(I)
UNFCCC CRT 2025,2025-04-15,2009,2.F.5,Solvents,0.0,0.0,0.0,0.0,0.0,0.0,0.0,reported_directly_in_CRT_Table2(I),Table2(I)
UNFCCC CRT 2025,2025-04-15,2009,2.F.6,Other applications,0.0,0.0,0.0,0.0,0.0,0.0,0.0,reported_directly_in_CRT_Table2(I),Table2(I)
UNFCCC CRT 2025,2025-04-15,2009,2.G,Other product manufacture and use,1.786,0.0,0.0,0.0,0.0,0.0,7.6e-05,reported_directly_in_CRT_Table2(I),Table2(I)
UNFCCC CRT 2025,2025-04-15,2009,2.G.1,Electrical equipment,1.786,0.0,0.0,0.0,0.0,0.0,7.6e-05,reported_directly_in_CRT_Table2(I),Table2(I)
UNFCCC CRT 2025,2025-04-15,2009,2.G.2,SF6 and PFCs from other product use,0.0,0.0,0.0,0.0,0.0,0.0,0.0,reported_directly_in_CRT_Table2(I),Table2(I)
UNFCCC CRT 2025,2025-04-15,2009,2.G.3,N2O from product uses,0.0,0.0,0.0,0.0,0.0,0.0,0.0,reported_directly_in_CRT_Table2(I),Table2(I)
UNFCCC CRT 2025,2025-04-15,2009,2.G.4,Other,0.0,0.0,0.0,0.0,0.0,0.0,0.0,reported_directly_in_CRT_Table2(I),Table2(I)
UNFCCC CRT 2025,2025-04-15,2009,2.H,Other (5),0.0,0.0,0.0,0.0,0.0,0.0,0.0,reported_directly_in_CRT_Table2(I),Table2(I)
UNFCCC CRT 2025,2025-04-15,2009,2.H.1,Pulp and paper,0.0,0.0,0.0,0.0,0.0,0.0,0.0,reported_directly_in_CRT_Table2(I),Table2(I)
UNFCCC CRT 2025,2025-04-15,2009,2.H.2,Food and beverages industry,0.0,0.0,0.0,0.0,0.0,0.0,0.0,reported_directly_in_CRT_Table2(I),Table2(I)
UNFCCC CRT 2025,2025-04-15,2009,2.H.3,Other (please specify),0.0,0.0,0.0,0.0,0.0,0.0,0.0,reported_directly_in_CRT_Table2(I),Table2(I)
UNFCCC CRT 2025,2025-04-15,2010,2,Total industrial processes,20107.659619177353,18532.087885167464,0.37202399999999997,0.31714010000000004,919.52702730989,559.7999082000001,7.6e-05,reported_directly_in_CRT_Table2(I),Table2(I)
UNFCCC CRT 2025,2025-04-15,2010,2.A,Mineral industry,4145.274046279999,4145.274046279999,0.0,0.0,0.0,0.0,0.0,reported_directly_in_CRT_Table2(I),Table2(I)
UNFCCC CRT 2025,2025-04-15,2010,2.A.1,Cement production,1025.234,1025.234,0.0,0.0,0.0,0.0,0.0,reported_directly_in_CRT_Table2(I),Table2(I)
UNFCCC CRT 2025,2025-04-15,2010,2.A.2,Lime production,679.5789,679.5789,0.0,0.0,0.0,0.0,0.0,reported_directly_in_CRT_Table2(I),Table2(I)
UNFCCC CRT 2025,2025-04-15,2010,2.A.3,Glass production,7.591,7.591,0.0,0.0,0.0,0.0,0.0,reported_directly_in_CRT_Table2(I),Table2(I)
UNFCCC CRT 2025,2025-04-15,2010,2.A.4,Other process uses of carbonates,2432.87014628,2432.87014628,0.0,0.0,0.0,0.0,0.0,reported_directly_in_CRT_Table2(I),Table2(I)
UNFCCC CRT 2025,2025-04-15,2010,2.B,Chemical industry,348.37406112146664,264.33193462146664,0.0,0.31714010000000004,0.0,0.0,0.0,reported_directly_in_CRT_Table2(I),Table2(I)
UNFCCC CRT 2025,2025-04-15,2010,2.B.1,Ammonia production,232.50623462146666,232.50623462146666,0.0,0.0,0.0,0.0,0.0,reported_directly_in_CRT_Table2(I),Table2(I)
UNFCCC CRT 2025,2025-04-15,2010,2.B.2,Nitric acid production,84.04212650000001,0.0,0.0,0.31714010000000004,0.0,0.0,0.0,reported_directly_in_CRT_Table2(I),Table2(I)
UNFCCC CRT 2025,2025-04-15,2010,2.B.3,Adipic acid production,0.0,0.0,0.0,0.0,0.0,0.0,0.0,reported_directly_in_CRT_Table2(I),Table2(I)
UNFCCC CRT 2025,2025-04-15,2010,2.B.4,"Caprolactam, glyoxal and glyoxylic acid production",0.0,0.0,0.0,0.0,0.0,0.0,0.0,reported_directly_in_CRT_Table2(I),Table2(I)
UNFCCC CRT 2025,2025-04-15,2010,2.B.5,Carbide production,31.825699999999998,31.825699999999998,0.0,0.0,0.0,0.0,0.0,reported_directly_in_CRT_Table2(I),Table2(I)
UNFCCC CRT 2025,2025-04-15,2010,2.B.6,Titanium dioxide production,0.0,0.0,0.0,0.0,0.0,0.0,0.0,reported_directly_in_CRT_Table2(I),Table2(I)
UNFCCC CRT 2025,2025-04-15,2010,2.B.7,Soda ash production,0.0,0.0,0.0,0.0,0.0,0.0,0.0,reported_directly_in_CRT_Table2(I),Table2(I)
UNFCCC CRT 2025,2025-04-15,2010,2.B.8,Petrochemical and carbon black production,0.0,0.0,0.0,0.0,0.0,0.0,0.0,reported_directly_in_CRT_Table2(I),Table2(I)
UNFCCC CRT 2025,2025-04-15,2010,2.B.9,Fluorochemical production,0.0,0.0,0.0,0.0,0.0,0.0,0.0,reported_directly_in_CRT_Table2(I),Table2(I)
UNFCCC CRT 2025,2025-04-15,2010,2.B.10,Other,0.0,0.0,0.0,0.0,0.0,0.0,0.0,reported_directly_in_CRT_Table2(I),Table2(I)
UNFCCC CRT 2025,2025-04-15,2010,2.C,Metal industry,14437.587432712433,13867.370852512433,0.37202399999999997,0.0,0.0,559.7999082000001,0.0,reported_directly_in_CRT_Table2(I),Table2(I)
UNFCCC CRT 2025,2025-04-15,2010,2.C.1,Iron and steel production,10376.375352388452,10366.071632388452,0.36799,0.0,0.0,0.0,0.0,reported_directly_in_CRT_Table2(I),Table2(I)
UNFCCC CRT 2025,2025-04-15,2010,2.C.2,Ferroalloys production,2823.5066503999997,2823.3936983999997,0.004034,0.0,0.0,0.0,0.0,reported_directly_in_CRT_Table2(I),Table2(I)
UNFCCC CRT 2025,2025-04-15,2010,2.C.3,Aluminium production,898.4244899239818,338.62458172398163,0.0,0.0,0.0,559.7999082000001,0.0,reported_directly_in_CRT_Table2(I),Table2(I)
UNFCCC CRT 2025,2025-04-15,2010,2.C.4,Magnesium production,0.0,0.0,0.0,0.0,0.0,0.0,0.0,reported_directly_in_CRT_Table2(I),Table2(I)
UNFCCC CRT 2025,2025-04-15,2010,2.C.5,Lead production,53.76800000000001,53.76800000000001,0.0,0.0,0.0,0.0,0.0,reported_directly_in_CRT_Table2(I),Table2(I)
UNFCCC CRT 2025,2025-04-15,2010,2.C.6,Zinc production,285.51294,285.51294,0.0,0.0,0.0,0.0,0.0,reported_directly_in_CRT_Table2(I),Table2(I)
UNFCCC CRT 2025,2025-04-15,2010,2.C.7,Other,0.0,0.0,0.0,0.0,0.0,0.0,0.0,reported_directly_in_CRT_Table2(I),Table2(I)
UNFCCC CRT 2025,2025-04-15,2010,2.D,Non-energy products from fuels and solvent use (4),255.11105175356502,255.11105175356502,0.0,0.0,0.0,0.0,0.0,reported_directly_in_CRT_Table2(I),Table2(I)
UNFCCC CRT 2025,2025-04-15,2010,2.D.1,Lubricant use,2.4174,2.4174,0.0,0.0,0.0,0.0,0.0,reported_directly_in_CRT_Table2(I),Table2(I)
UNFCCC CRT 2025,2025-04-15,2010,2.D.2,Paraffin wax use,0.04138992003762721,0.04138992003762721,0.0,0.0,0.0,0.0,0.0,reported_directly_in_CRT_Table2(I),Table2(I)
UNFCCC CRT 2025,2025-04-15,2010,2.D.3,Other,252.6522618335274,252.6522618335274,0.0,0.0,0.0,0.0,0.0,reported_directly_in_CRT_Table2(I),Table2(I)
UNFCCC CRT 2025,2025-04-15,2010,2.E,Electronics industry,0.0,0.0,0.0,0.0,0.0,0.0,0.0,reported_directly_in_CRT_Table2(I),Table2(I)
UNFCCC CRT 2025,2025-04-15,2010,2.E.1,Integrated circuit or semiconductor,0.0,0.0,0.0,0.0,0.0,0.0,0.0,reported_directly_in_CRT_Table2(I),Table2(I)
UNFCCC CRT 2025,2025-04-15,2010,2.E.2,TFT flat panel display,0.0,0.0,0.0,0.0,0.0,0.0,0.0,reported_directly_in_CRT_Table2(I),Table2(I)
UNFCCC CRT 2025,2025-04-15,2010,2.E.3,Photovoltaics,0.0,0.0,0.0,0.0,0.0,0.0,0.0,reported_directly_in_CRT_Table2(I),Table2(I)
UNFCCC CRT 2025,2025-04-15,2010,2.E.4,Heat transfer fluid,0.0,0.0,0.0,0.0,0.0,0.0,0.0,reported_directly_in_CRT_Table2(I),Table2(I)
UNFCCC CRT 2025,2025-04-15,2010,2.E.5,Other,0.0,0.0,0.0,0.0,0.0,0.0,0.0,reported_directly_in_CRT_Table2(I),Table2(I)
UNFCCC CRT 2025,2025-04-15,2010,2.F,Product uses as substitutes for ODS,919.52702730989,0.0,0.0,0.0,919.52702730989,0.0,0.0,reported_directly_in_CRT_Table2(I),Table2(I)
UNFCCC CRT 2025,2025-04-15,2010,2.F.1,Refrigeration and air conditioning,914.598923380754,0.0,0.0,0.0,914.598923380754,0.0,0.0,reported_directly_in_CRT_Table2(I),Table2(I)
UNFCCC CRT 2025,2025-04-15,2010,2.F.2,Foam blowing agents,0.0,0.0,0.0,0.0,0.0,0.0,0.0,reported_directly_in_CRT_Table2(I),Table2(I)
UNFCCC CRT 2025,2025-04-15,2010,2.F.3,Fire protection,0.0,0.0,0.0,0.0,0.0,0.0,0.0,reported_directly_in_CRT_Table2(I),Table2(I)
UNFCCC CRT 2025,2025-04-15,2010,2.F.4,Aerosols,4.928103929135959,0.0,0.0,0.0,4.928103929135959,0.0,0.0,reported_directly_in_CRT_Table2(I),Table2(I)
UNFCCC CRT 2025,2025-04-15,2010,2.F.5,Solvents,0.0,0.0,0.0,0.0,0.0,0.0,0.0,reported_directly_in_CRT_Table2(I),Table2(I)
UNFCCC CRT 2025,2025-04-15,2010,2.F.6,Other applications,0.0,0.0,0.0,0.0,0.0,0.0,0.0,reported_directly_in_CRT_Table2(I),Table2(I)
UNFCCC CRT 2025,2025-04-15,2010,2.G,Other product manufacture and use,1.786,0.0,0.0,0.0,0.0,0.0,7.6e-05,reported_directly_in_CRT_Table2(I),Table2(I)
UNFCCC CRT 2025,2025-04-15,2010,2.G.1,Electrical equipment,1.786,0.0,0.0,0.0,0.0,0.0,7.6e-05,reported_directly_in_CRT_Table2(I),Table2(I)
UNFCCC CRT 2025,2025-04-15,2010,2.G.2,SF6 and PFCs from other product use,0.0,0.0,0.0,0.0,0.0,0.0,0.0,reported_directly_in_CRT_Table2(I),Table2(I)
UNFCCC CRT 2025,2025-04-15,2010,2.G.3,N2O from product uses,0.0,0.0,0.0,0.0,0.0,0.0,0.0,reported_directly_in_CRT_Table2(I),Table2(I)
UNFCCC CRT 2025,2025-04-15,2010,2.G.4,Other,0.0,0.0,0.0,0.0,0.0,0.0,0.0,reported_directly_in_CRT_Table2(I),Table2(I)
UNFCCC CRT 2025,2025-04-15,2010,2.H,Other (5),0.0,0.0,0.0,0.0,0.0,0.0,0.0,reported_directly_in_CRT_Table2(I),Table2(I)
UNFCCC CRT 2025,2025-04-15,2010,2.H.1,Pulp and paper,0.0,0.0,0.0,0.0,0.0,0.0,0.0,reported_directly_in_CRT_Table2(I),Table2(I)
UNFCCC CRT 2025,2025-04-15,2010,2.H.2,Food and beverages industry,0.0,0.0,0.0,0.0,0.0,0.0,0.0,reported_directly_in_CRT_Table2(I),Table2(I)
UNFCCC CRT 2025,2025-04-15,2010,2.H.3,Other (please specify),0.0,0.0,0.0,0.0,0.0,0.0,0.0,reported_directly_in_CRT_Table2(I),Table2(I)
UNFCCC CRT 2025,2025-04-15,2011,2,Total industrial processes,21089.247746167486,19506.918817482878,0.4120337,0.4328686709999999,977.7714770696119,476.50081019999993,7.7e-05,reported_directly_in_CRT_Table2(I),Table2(I)
UNFCCC CRT 2025,2025-04-15,2011,2.A,Mineral industry,4370.027177517,4370.027177517,0.0,0.0,0.0,0.0,0.0,reported_directly_in_CRT_Table2(I),Table2(I)
UNFCCC CRT 2025,2025-04-15,2011,2.A.1,Cement production,1066.332,1066.332,0.0,0.0,0.0,0.0,0.0,reported_directly_in_CRT_Table2(I),Table2(I)
UNFCCC CRT 2025,2025-04-15,2011,2.A.2,Lime production,735.6867,735.6867,0.0,0.0,0.0,0.0,0.0,reported_directly_in_CRT_Table2(I),Table2(I)
UNFCCC CRT 2025,2025-04-15,2011,2.A.3,Glass production,11.178,11.178,0.0,0.0,0.0,0.0,0.0,reported_directly_in_CRT_Table2(I),Table2(I)
UNFCCC CRT 2025,2025-04-15,2011,2.A.4,Other process uses of carbonates,2556.830477517,2556.830477517,0.0,0.0,0.0,0.0,0.0,reported_directly_in_CRT_Table2(I),Table2(I)
UNFCCC CRT 2025,2025-04-15,2011,2.B,Chemical industry,428.5116849476133,313.8014871326133,0.0,0.4328686709999999,0.0,0.0,0.0,reported_directly_in_CRT_Table2(I),Table2(I)
UNFCCC CRT 2025,2025-04-15,2011,2.B.1,Ammonia production,282.3854871326133,282.3854871326133,0.0,0.0,0.0,0.0,0.0,reported_directly_in_CRT_Table2(I),Table2(I)
UNFCCC CRT 2025,2025-04-15,2011,2.B.2,Nitric acid production,114.71019781499999,0.0,0.0,0.4328686709999999,0.0,0.0,0.0,reported_directly_in_CRT_Table2(I),Table2(I)
UNFCCC CRT 2025,2025-04-15,2011,2.B.3,Adipic acid production,0.0,0.0,0.0,0.0,0.0,0.0,0.0,reported_directly_in_CRT_Table2(I),Table2(I)
UNFCCC CRT 2025,2025-04-15,2011,2.B.4,"Caprolactam, glyoxal and glyoxylic acid production",0.0,0.0,0.0,0.0,0.0,0.0,0.0,reported_directly_in_CRT_Table2(I),Table2(I)
UNFCCC CRT 2025,2025-04-15,2011,2.B.5,Carbide production,31.416,31.416,0.0,0.0,0.0,0.0,0.0,reported_directly_in_CRT_Table2(I),Table2(I)
UNFCCC CRT 2025,2025-04-15,2011,2.B.6,Titanium dioxide production,0.0,0.0,0.0,0.0,0.0,0.0,0.0,reported_directly_in_CRT_Table2(I),Table2(I)
UNFCCC CRT 2025,2025-04-15,2011,2.B.7,Soda ash production,0.0,0.0,0.0,0.0,0.0,0.0,0.0,reported_directly_in_CRT_Table2(I),Table2(I)
UNFCCC CRT 2025,2025-04-15,2011,2.B.8,Petrochemical and carbon black production,0.0,0.0,0.0,0.0,0.0,0.0,0.0,reported_directly_in_CRT_Table2(I),Table2(I)
UNFCCC CRT 2025,2025-04-15,2011,2.B.9,Fluorochemical production,0.0,0.0,0.0,0.0,0.0,0.0,0.0,reported_directly_in_CRT_Table2(I),Table2(I)
UNFCCC CRT 2025,2025-04-15,2011,2.B.10,Other,0.0,0.0,0.0,0.0,0.0,0.0,0.0,reported_directly_in_CRT_Table2(I),Table2(I)
UNFCCC CRT 2025,2025-04-15,2011,2.C,Metal industry,15012.51705149388,14524.47929769388,0.4120337,0.0,0.0,476.50081019999993,0.0,reported_directly_in_CRT_Table2(I),Table2(I)
UNFCCC CRT 2025,2025-04-15,2011,2.C.1,Iron and steel production,11108.522694190133,11097.044934190133,0.40992,0.0,0.0,0.0,0.0,reported_directly_in_CRT_Table2(I),Table2(I)
UNFCCC CRT 2025,2025-04-15,2011,2.C.2,Ferroalloys production,2696.787794,2696.7286104,0.0021137,0.0,0.0,0.0,0.0,reported_directly_in_CRT_Table2(I),Table2(I)
UNFCCC CRT 2025,2025-04-15,2011,2.C.3,Aluminium production,847.0904033037482,370.5895931037483,0.0,0.0,0.0,476.50081019999993,0.0,reported_directly_in_CRT_Table2(I),Table2(I)
UNFCCC CRT 2025,2025-04-15,2011,2.C.4,Magnesium production,0.0,0.0,0.0,0.0,0.0,0.0,0.0,reported_directly_in_CRT_Table2(I),Table2(I)
UNFCCC CRT 2025,2025-04-15,2011,2.C.5,Lead production,60.06936,60.06936,0.0,0.0,0.0,0.0,0.0,reported_directly_in_CRT_Table2(I),Table2(I)
UNFCCC CRT 2025,2025-04-15,2011,2.C.6,Zinc production,300.04679999999996,300.04679999999996,0.0,0.0,0.0,0.0,0.0,reported_directly_in_CRT_Table2(I),Table2(I)
UNFCCC CRT 2025,2025-04-15,2011,2.C.7,Other,0.0,0.0,0.0,0.0,0.0,0.0,0.0,reported_directly_in_CRT_Table2(I),Table2(I)
UNFCCC CRT 2025,2025-04-15,2011,2.D,Non-energy products from fuels and solvent use (4),298.61085513938514,298.61085513938514,0.0,0.0,0.0,0.0,0.0,reported_directly_in_CRT_Table2(I),Table2(I)
UNFCCC CRT 2025,2025-04-15,2011,2.D.1,Lubricant use,3.714,3.714,0.0,0.0,0.0,0.0,0.0,reported_directly_in_CRT_Table2(I),Table2(I)
UNFCCC CRT 2025,2025-04-15,2011,2.D.2,Paraffin wax use,0.1920916801746288,0.1920916801746288,0.0,0.0,0.0,0.0,0.0,reported_directly_in_CRT_Table2(I),Table2(I)
UNFCCC CRT 2025,2025-04-15,2011,2.D.3,Other,294.7047634592105,294.7047634592105,0.0,0.0,0.0,0.0,0.0,reported_directly_in_CRT_Table2(I),Table2(I)
UNFCCC CRT 2025,2025-04-15,2011,2.E,Electronics industry,0.0,0.0,0.0,0.0,0.0,0.0,0.0,reported_directly_in_CRT_Table2(I),Table2(I)
UNFCCC CRT 2025,2025-04-15,2011,2.E.1,Integrated circuit or semiconductor,0.0,0.0,0.0,0.0,0.0,0.0,0.0,reported_directly_in_CRT_Table2(I),Table2(I)
UNFCCC CRT 2025,2025-04-15,2011,2.E.2,TFT flat panel display,0.0,0.0,0.0,0.0,0.0,0.0,0.0,reported_directly_in_CRT_Table2(I),Table2(I)
UNFCCC CRT 2025,2025-04-15,2011,2.E.3,Photovoltaics,0.0,0.0,0.0,0.0,0.0,0.0,0.0,reported_directly_in_CRT_Table2(I),Table2(I)
UNFCCC CRT 2025,2025-04-15,2011,2.E.4,Heat transfer fluid,0.0,0.0,0.0,0.0,0.0,0.0,0.0,reported_directly_in_CRT_Table2(I),Table2(I)
UNFCCC CRT 2025,2025-04-15,2011,2.E.5,Other,0.0,0.0,0.0,0.0,0.0,0.0,0.0,reported_directly_in_CRT_Table2(I),Table2(I)
UNFCCC CRT 2025,2025-04-15,2011,2.F,Product uses as substitutes for ODS,977.7714770696119,0.0,0.0,0.0,977.7714770696119,0.0,0.0,reported_directly_in_CRT_Table2(I),Table2(I)
UNFCCC CRT 2025,2025-04-15,2011,2.F.1,Refrigeration and air conditioning,972.7284064638299,0.0,0.0,0.0,972.7284064638299,0.0,0.0,reported_directly_in_CRT_Table2(I),Table2(I)
UNFCCC CRT 2025,2025-04-15,2011,2.F.2,Foam blowing agents,0.0,0.0,0.0,0.0,0.0,0.0,0.0,reported_directly_in_CRT_Table2(I),Table2(I)
UNFCCC CRT 2025,2025-04-15,2011,2.F.3,Fire protection,0.0,0.0,0.0,0.0,0.0,0.0,0.0,reported_directly_in_CRT_Table2(I),Table2(I)
UNFCCC CRT 2025,2025-04-15,2011,2.F.4,Aerosols,5.043070605782093,0.0,0.0,0.0,5.043070605782093,0.0,0.0,reported_directly_in_CRT_Table2(I),Table2(I)
UNFCCC CRT 2025,2025-04-15,2011,2.F.5,Solvents,0.0,0.0,0.0,0.0,0.0,0.0,0.0,reported_directly_in_CRT_Table2(I),Table2(I)
UNFCCC CRT 2025,2025-04-15,2011,2.F.6,Other applications,0.0,0.0,0.0,0.0,0.0,0.0,0.0,reported_directly_in_CRT_Table2(I),Table2(I)
UNFCCC CRT 2025,2025-04-15,2011,2.G,Other product manufacture and use,1.8095,0.0,0.0,0.0,0.0,0.0,7.7e-05,reported_directly_in_CRT_Table2(I),Table2(I)
UNFCCC CRT 2025,2025-04-15,2011,2.G.1,Electrical equipment,1.8095,0.0,0.0,0.0,0.0,0.0,7.7e-05,reported_directly_in_CRT_Table2(I),Table2(I)
UNFCCC CRT 2025,2025-04-15,2011,2.G.2,SF6 and PFCs from other product use,0.0,0.0,0.0,0.0,0.0,0.0,0.0,reported_directly_in_CRT_Table2(I),Table2(I)
UNFCCC CRT 2025,2025-04-15,2011,2.G.3,N2O from product uses,0.0,0.0,0.0,0.0,0.0,0.0,0.0,reported_directly_in_CRT_Table2(I),Table2(I)
UNFCCC CRT 2025,2025-04-15,2011,2.G.4,Other,0.0,0.0,0.0,0.0,0.0,0.0,0.0,reported_directly_in_CRT_Table2(I),Table2(I)
UNFCCC CRT 2025,2025-04-15,2011,2.H,Other (5),0.0,0.0,0.0,0.0,0.0,0.0,0.0,reported_directly_in_CRT_Table2(I),Table2(I)
UNFCCC CRT 2025,2025-04-15,2011,2.H.1,Pulp and paper,0.0,0.0,0.0,0.0,0.0,0.0,0.0,reported_directly_in_CRT_Table2(I),Table2(I)
UNFCCC CRT 2025,2025-04-15,2011,2.H.2,Food and beverages industry,0.0,0.0,0.0,0.0,0.0,0.0,0.0,reported_directly_in_CRT_Table2(I),Table2(I)
UNFCCC CRT 2025,2025-04-15,2011,2.H.3,Other (please specify),0.0,0.0,0.0,0.0,0.0,0.0,0.0,reported_directly_in_CRT_Table2(I),Table2(I)
UNFCCC CRT 2025,2025-04-15,2012,2,Total industrial processes,21033.20541148471,19370.15867457854,0.3579211,0.3213859,1089.128576606168,476.84910600000006,8e-05,reported_directly_in_CRT_Table2(I),Table2(I)
UNFCCC CRT 2025,2025-04-15,2012,2.A,Mineral industry,4815.229281737,4815.229281737,0.0,0.0,0.0,0.0,0.0,reported_directly_in_CRT_Table2(I),Table2(I)
UNFCCC CRT 2025,2025-04-15,2012,2.A.1,Cement production,2321.314,2321.314,0.0,0.0,0.0,0.0,0.0,reported_directly_in_CRT_Table2(I),Table2(I)
UNFCCC CRT 2025,2025-04-15,2012,2.A.2,Lime production,696.1352999999999,696.1352999999999,0.0,0.0,0.0,0.0,0.0,reported_directly_in_CRT_Table2(I),Table2(I)
UNFCCC CRT 2025,2025-04-15,2012,2.A.3,Glass production,11.271,11.271,0.0,0.0,0.0,0.0,0.0,reported_directly_in_CRT_Table2(I),Table2(I)
UNFCCC CRT 2025,2025-04-15,2012,2.A.4,Other process uses of carbonates,1786.508981737,1786.508981737,0.0,0.0,0.0,0.0,0.0,reported_directly_in_CRT_Table2(I),Table2(I)
UNFCCC CRT 2025,2025-04-15,2012,2.B,Chemical industry,322.8723981076266,237.70513460762663,0.0,0.3213859,0.0,0.0,0.0,reported_directly_in_CRT_Table2(I),Table2(I)
UNFCCC CRT 2025,2025-04-15,2012,2.B.1,Ammonia production,210.49323460762665,210.49323460762665,0.0,0.0,0.0,0.0,0.0,reported_directly_in_CRT_Table2(I),Table2(I)
UNFCCC CRT 2025,2025-04-15,2012,2.B.2,Nitric acid production,85.1672635,0.0,0.0,0.3213859,0.0,0.0,0.0,reported_directly_in_CRT_Table2(I),Table2(I)
UNFCCC CRT 2025,2025-04-15,2012,2.B.3,Adipic acid production,0.0,0.0,0.0,0.0,0.0,0.0,0.0,reported_directly_in_CRT_Table2(I),Table2(I)
UNFCCC CRT 2025,2025-04-15,2012,2.B.4,"Caprolactam, glyoxal and glyoxylic acid production",0.0,0.0,0.0,0.0,0.0,0.0,0.0,reported_directly_in_CRT_Table2(I),Table2(I)
UNFCCC CRT 2025,2025-04-15,2012,2.B.5,Carbide production,27.2119,27.2119,0.0,0.0,0.0,0.0,0.0,reported_directly_in_CRT_Table2(I),Table2(I)
UNFCCC CRT 2025,2025-04-15,2012,2.B.6,Titanium dioxide production,0.0,0.0,0.0,0.0,0.0,0.0,0.0,reported_directly_in_CRT_Table2(I),Table2(I)
UNFCCC CRT 2025,2025-04-15,2012,2.B.7,Soda ash production,0.0,0.0,0.0,0.0,0.0,0.0,0.0,reported_directly_in_CRT_Table2(I),Table2(I)
UNFCCC CRT 2025,2025-04-15,2012,2.B.8,Petrochemical and carbon black production,0.0,0.0,0.0,0.0,0.0,0.0,0.0,reported_directly_in_CRT_Table2(I),Table2(I)
UNFCCC CRT 2025,2025-04-15,2012,2.B.9,Fluorochemical production,0.0,0.0,0.0,0.0,0.0,0.0,0.0,reported_directly_in_CRT_Table2(I),Table2(I)
UNFCCC CRT 2025,2025-04-15,2012,2.B.10,Other,0.0,0.0,0.0,0.0,0.0,0.0,0.0,reported_directly_in_CRT_Table2(I),Table2(I)
UNFCCC CRT 2025,2025-04-15,2012,2.C,Metal industry,14522.281916679654,14035.411019879655,0.3579211,0.0,0.0,476.84910600000006,0.0,reported_directly_in_CRT_Table2(I),Table2(I)
UNFCCC CRT 2025,2025-04-15,2012,2.C.1,Iron and steel production,10398.963304679655,10388.982984679655,0.35644,0.0,0.0,0.0,0.0,reported_directly_in_CRT_Table2(I),Table2(I)
UNFCCC CRT 2025,2025-04-15,2012,2.C.2,Ferroalloys production,2841.666005999999,2841.624535199999,0.0014811000000000002,0.0,0.0,0.0,0.0,reported_directly_in_CRT_Table2(I),Table2(I)
UNFCCC CRT 2025,2025-04-15,2012,2.C.3,Aluminium production,847.709106,370.86,0.0,0.0,0.0,476.84910600000006,0.0,reported_directly_in_CRT_Table2(I),Table2(I)
UNFCCC CRT 2025,2025-04-15,2012,2.C.4,Magnesium production,0.0,0.0,0.0,0.0,0.0,0.0,0.0,reported_directly_in_CRT_Table2(I),Table2(I)
UNFCCC CRT 2025,2025-04-15,2012,2.C.5,Lead production,45.81148,45.81148,0.0,0.0,0.0,0.0,0.0,reported_directly_in_CRT_Table2(I),Table2(I)
UNFCCC CRT 2025,2025-04-15,2012,2.C.6,Zinc production,388.13202,388.13202,0.0,0.0,0.0,0.0,0.0,reported_directly_in_CRT_Table2(I),Table2(I)
UNFCCC CRT 2025,2025-04-15,2012,2.C.7,Other,0.0,0.0,0.0,0.0,0.0,0.0,0.0,reported_directly_in_CRT_Table2(I),Table2(I)
UNFCCC CRT 2025,2025-04-15,2012,2.D,Non-energy products from fuels and solvent use (4),281.8132383542592,281.8132383542592,0.0,0.0,0.0,0.0,0.0,reported_directly_in_CRT_Table2(I),Table2(I)
UNFCCC CRT 2025,2025-04-15,2012,2.D.1,Lubricant use,4.776,4.776,0.0,0.0,0.0,0.0,0.0,reported_directly_in_CRT_Table2(I),Table2(I)
UNFCCC CRT 2025,2025-04-15,2012,2.D.2,Paraffin wax use,0.19515760017741604,0.19515760017741604,0.0,0.0,0.0,0.0,0.0,reported_directly_in_CRT_Table2(I),Table2(I)
UNFCCC CRT 2025,2025-04-15,2012,2.D.3,Other,276.8420807540818,276.8420807540818,0.0,0.0,0.0,0.0,0.0,reported_directly_in_CRT_Table2(I),Table2(I)
UNFCCC CRT 2025,2025-04-15,2012,2.E,Electronics industry,0.0,0.0,0.0,0.0,0.0,0.0,0.0,reported_directly_in_CRT_Table2(I),Table2(I)
UNFCCC CRT 2025,2025-04-15,2012,2.E.1,Integrated circuit or semiconductor,0.0,0.0,0.0,0.0,0.0,0.0,0.0,reported_directly_in_CRT_Table2(I),Table2(I)
UNFCCC CRT 2025,2025-04-15,2012,2.E.2,TFT flat panel display,0.0,0.0,0.0,0.0,0.0,0.0,0.0,reported_directly_in_CRT_Table2(I),Table2(I)
UNFCCC CRT 2025,2025-04-15,2012,2.E.3,Photovoltaics,0.0,0.0,0.0,0.0,0.0,0.0,0.0,reported_directly_in_CRT_Table2(I),Table2(I)
UNFCCC CRT 2025,2025-04-15,2012,2.E.4,Heat transfer fluid,0.0,0.0,0.0,0.0,0.0,0.0,0.0,reported_directly_in_CRT_Table2(I),Table2(I)
UNFCCC CRT 2025,2025-04-15,2012,2.E.5,Other,0.0,0.0,0.0,0.0,0.0,0.0,0.0,reported_directly_in_CRT_Table2(I),Table2(I)
UNFCCC CRT 2025,2025-04-15,2012,2.F,Product uses as substitutes for ODS,1089.128576606168,0.0,0.0,0.0,1089.128576606168,0.0,0.0,reported_directly_in_CRT_Table2(I),Table2(I)
UNFCCC CRT 2025,2025-04-15,2012,2.F.1,Refrigeration and air conditioning,1083.9710747408226,0.0,0.0,0.0,1083.9710747408226,0.0,0.0,reported_directly_in_CRT_Table2(I),Table2(I)
UNFCCC CRT 2025,2025-04-15,2012,2.F.2,Foam blowing agents,0.0,0.0,0.0,0.0,0.0,0.0,0.0,reported_directly_in_CRT_Table2(I),Table2(I)
UNFCCC CRT 2025,2025-04-15,2012,2.F.3,Fire protection,0.0,0.0,0.0,0.0,0.0,0.0,0.0,reported_directly_in_CRT_Table2(I),Table2(I)
UNFCCC CRT 2025,2025-04-15,2012,2.F.4,Aerosols,5.157501865345232,0.0,0.0,0.0,5.157501865345232,0.0,0.0,reported_directly_in_CRT_Table2(I),Table2(I)
UNFCCC CRT 2025,2025-04-15,2012,2.F.5,Solvents,0.0,0.0,0.0,0.0,0.0,0.0,0.0,reported_directly_in_CRT_Table2(I),Table2(I)
UNFCCC CRT 2025,2025-04-15,2012,2.F.6,Other applications,0.0,0.0,0.0,0.0,0.0,0.0,0.0,reported_directly_in_CRT_Table2(I),Table2(I)
UNFCCC CRT 2025,2025-04-15,2012,2.G,Other product manufacture and use,1.8800000000000001,0.0,0.0,0.0,0.0,0.0,8e-05,reported_directly_in_CRT_Table2(I),Table2(I)
UNFCCC CRT 2025,2025-04-15,2012,2.G.1,Electrical equipment,1.8800000000000001,0.0,0.0,0.0,0.0,0.0,8e-05,reported_directly_in_CRT_Table2(I),Table2(I)
UNFCCC CRT 2025,2025-04-15,2012,2.G.2,SF6 and PFCs from other product use,0.0,0.0,0.0,0.0,0.0,0.0,0.0,reported_directly_in_CRT_Table2(I),Table2(I)
UNFCCC CRT 2025,2025-04-15,2012,2.G.3,N2O from product uses,0.0,0.0,0.0,0.0,0.0,0.0,0.0,reported_directly_in_CRT_Table2(I),Table2(I)
UNFCCC CRT 2025,2025-04-15,2012,2.G.4,Other,0.0,0.0,0.0,0.0,0.0,0.0,0.0,reported_directly_in_CRT_Table2(I),Table2(I)
UNFCCC CRT 2025,2025-04-15,2012,2.H,Other (5),0.0,0.0,0.0,0.0,0.0,0.0,0.0,reported_directly_in_CRT_Table2(I),Table2(I)
UNFCCC CRT 2025,2025-04-15,2012,2.H.1,Pulp and paper,0.0,0.0,0.0,0.0,0.0,0.0,0.0,reported_directly_in_CRT_Table2(I),Table2(I)
UNFCCC CRT 2025,2025-04-15,2012,2.H.2,Food and beverages industry,0.0,0.0,0.0,0.0,0.0,0.0,0.0,reported_directly_in_CRT_Table2(I),Table2(I)
UNFCCC CRT 2025,2025-04-15,2012,2.H.3,Other (please specify),0.0,0.0,0.0,0.0,0.0,0.0,0.0,reported_directly_in_CRT_Table2(I),Table2(I)
UNFCCC CRT 2025,2025-04-15,2013,2,Total industrial processes,23247.825248953723,21793.296817622646,0.3231174,0.343,1139.975432131081,212.63671200000002,8.400000000000001e-05,reported_directly_in_CRT_Table2(I),Table2(I)
UNFCCC CRT 2025,2025-04-15,2013,2.A,Mineral industry,7530.922270613999,7530.922270613999,0.0,0.0,0.0,0.0,0.0,reported_directly_in_CRT_Table2(I),Table2(I)
UNFCCC CRT 2025,2025-04-15,2013,2.A.1,Cement production,3030.553,3030.553,0.0,0.0,0.0,0.0,0.0,reported_directly_in_CRT_Table2(I),Table2(I)
UNFCCC CRT 2025,2025-04-15,2013,2.A.2,Lime production,666.2418,666.2418,0.0,0.0,0.0,0.0,0.0,reported_directly_in_CRT_Table2(I),Table2(I)
UNFCCC CRT 2025,2025-04-15,2013,2.A.3,Glass production,10.283,10.283,0.0,0.0,0.0,0.0,0.0,reported_directly_in_CRT_Table2(I),Table2(I)
UNFCCC CRT 2025,2025-04-15,2013,2.A.4,Other process uses of carbonates,3823.844470614,3823.844470614,0.0,0.0,0.0,0.0,0.0,reported_directly_in_CRT_Table2(I),Table2(I)
UNFCCC CRT 2025,2025-04-15,2013,2.B,Chemical industry,350.1790023351733,259.28400233517334,0.0,0.343,0.0,0.0,0.0,reported_directly_in_CRT_Table2(I),Table2(I)
UNFCCC CRT 2025,2025-04-15,2013,2.B.1,Ammonia production,240.63840233517337,240.63840233517337,0.0,0.0,0.0,0.0,0.0,reported_directly_in_CRT_Table2(I),Table2(I)
UNFCCC CRT 2025,2025-04-15,2013,2.B.2,Nitric acid production,90.89500000000001,0.0,0.0,0.343,0.0,0.0,0.0,reported_directly_in_CRT_Table2(I),Table2(I)
UNFCCC CRT 2025,2025-04-15,2013,2.B.3,Adipic acid production,0.0,0.0,0.0,0.0,0.0,0.0,0.0,reported_directly_in_CRT_Table2(I),Table2(I)
UNFCCC CRT 2025,2025-04-15,2013,2.B.4,"Caprolactam, glyoxal and glyoxylic acid production",0.0,0.0,0.0,0.0,0.0,0.0,0.0,reported_directly_in_CRT_Table2(I),Table2(I)
UNFCCC CRT 2025,2025-04-15,2013,2.B.5,Carbide production,18.645599999999998,18.645599999999998,0.0,0.0,0.0,0.0,0.0,reported_directly_in_CRT_Table2(I),Table2(I)
UNFCCC CRT 2025,2025-04-15,2013,2.B.6,Titanium dioxide production,0.0,0.0,0.0,0.0,0.0,0.0,0.0,reported_directly_in_CRT_Table2(I),Table2(I)
UNFCCC CRT 2025,2025-04-15,2013,2.B.7,Soda ash production,0.0,0.0,0.0,0.0,0.0,0.0,0.0,reported_directly_in_CRT_Table2(I),Table2(I)
UNFCCC CRT 2025,2025-04-15,2013,2.B.8,Petrochemical and carbon black production,0.0,0.0,0.0,0.0,0.0,0.0,0.0,reported_directly_in_CRT_Table2(I),Table2(I)
UNFCCC CRT 2025,2025-04-15,2013,2.B.9,Fluorochemical production,0.0,0.0,0.0,0.0,0.0,0.0,0.0,reported_directly_in_CRT_Table2(I),Table2(I)
UNFCCC CRT 2025,2025-04-15,2013,2.B.10,Other,0.0,0.0,0.0,0.0,0.0,0.0,0.0,reported_directly_in_CRT_Table2(I),Table2(I)
UNFCCC CRT 2025,2025-04-15,2013,2.C,Metal industry,14013.459824688463,13791.775825488465,0.3231174,0.0,0.0,212.63671200000002,0.0,reported_directly_in_CRT_Table2(I),Table2(I)
UNFCCC CRT 2025,2025-04-15,2013,2.C.1,Iron and steel production,10237.780232688465,10228.772632688464,0.3217,0.0,0.0,0.0,0.0,reported_directly_in_CRT_Table2(I),Table2(I)
UNFCCC CRT 2025,2025-04-15,2013,2.C.2,Ferroalloys production,2832.14198,2832.1022927999998,0.0014174,0.0,0.0,0.0,0.0,reported_directly_in_CRT_Table2(I),Table2(I)
UNFCCC CRT 2025,2025-04-15,2013,2.C.3,Aluminium production,586.064712,373.428,0.0,0.0,0.0,212.63671200000002,0.0,reported_directly_in_CRT_Table2(I),Table2(I)
UNFCCC CRT 2025,2025-04-15,2013,2.C.4,Magnesium production,0.0,0.0,0.0,0.0,0.0,0.0,0.0,reported_directly_in_CRT_Table2(I),Table2(I)
UNFCCC CRT 2025,2025-04-15,2013,2.C.5,Lead production,47.357440000000004,47.357440000000004,0.0,0.0,0.0,0.0,0.0,reported_directly_in_CRT_Table2(I),Table2(I)
UNFCCC CRT 2025,2025-04-15,2013,2.C.6,Zinc production,310.11546000000004,310.11546000000004,0.0,0.0,0.0,0.0,0.0,reported_directly_in_CRT_Table2(I),Table2(I)
UNFCCC CRT 2025,2025-04-15,2013,2.C.7,Other,0.0,0.0,0.0,0.0,0.0,0.0,0.0,reported_directly_in_CRT_Table2(I),Table2(I)
UNFCCC CRT 2025,2025-04-15,2013,2.D,Non-energy products from fuels and solvent use (4),211.31471918500884,211.31471918500884,0.0,0.0,0.0,0.0,0.0,reported_directly_in_CRT_Table2(I),Table2(I)
UNFCCC CRT 2025,2025-04-15,2013,2.D.1,Lubricant use,5.129,5.129,0.0,0.0,0.0,0.0,0.0,reported_directly_in_CRT_Table2(I),Table2(I)
UNFCCC CRT 2025,2025-04-15,2013,2.D.2,Paraffin wax use,0.07605840006914401,0.07605840006914401,0.0,0.0,0.0,0.0,0.0,reported_directly_in_CRT_Table2(I),Table2(I)
UNFCCC CRT 2025,2025-04-15,2013,2.D.3,Other,206.1096607849397,206.1096607849397,0.0,0.0,0.0,0.0,0.0,reported_directly_in_CRT_Table2(I),Table2(I)
UNFCCC CRT 2025,2025-04-15,2013,2.E,Electronics industry,0.0,0.0,0.0,0.0,0.0,0.0,0.0,reported_directly_in_CRT_Table2(I),Table2(I)
UNFCCC CRT 2025,2025-04-15,2013,2.E.1,Integrated circuit or semiconductor,0.0,0.0,0.0,0.0,0.0,0.0,0.0,reported_directly_in_CRT_Table2(I),Table2(I)
UNFCCC CRT 2025,2025-04-15,2013,2.E.2,TFT flat panel display,0.0,0.0,0.0,0.0,0.0,0.0,0.0,reported_directly_in_CRT_Table2(I),Table2(I)
UNFCCC CRT 2025,2025-04-15,2013,2.E.3,Photovoltaics,0.0,0.0,0.0,0.0,0.0,0.0,0.0,reported_directly_in_CRT_Table2(I),Table2(I)
UNFCCC CRT 2025,2025-04-15,2013,2.E.4,Heat transfer fluid,0.0,0.0,0.0,0.0,0.0,0.0,0.0,reported_directly_in_CRT_Table2(I),Table2(I)
UNFCCC CRT 2025,2025-04-15,2013,2.E.5,Other,0.0,0.0,0.0,0.0,0.0,0.0,0.0,reported_directly_in_CRT_Table2(I),Table2(I)
UNFCCC CRT 2025,2025-04-15,2013,2.F,Product uses as substitutes for ODS,1139.975432131081,0.0,0.0,0.0,1139.975432131081,0.0,0.0,reported_directly_in_CRT_Table2(I),Table2(I)
UNFCCC CRT 2025,2025-04-15,2013,2.F.1,Refrigeration and air conditioning,1134.6304418289046,0.0,0.0,0.0,1134.6304418289046,0.0,0.0,reported_directly_in_CRT_Table2(I),Table2(I)
UNFCCC CRT 2025,2025-04-15,2013,2.F.2,Foam blowing agents,0.0,0.0,0.0,0.0,0.0,0.0,0.0,reported_directly_in_CRT_Table2(I),Table2(I)
UNFCCC CRT 2025,2025-04-15,2013,2.F.3,Fire protection,0.0,0.0,0.0,0.0,0.0,0.0,0.0,reported_directly_in_CRT_Table2(I),Table2(I)
UNFCCC CRT 2025,2025-04-15,2013,2.F.4,Aerosols,5.3449903021765115,0.0,0.0,0.0,5.3449903021765115,0.0,0.0,reported_directly_in_CRT_Table2(I),Table2(I)
UNFCCC CRT 2025,2025-04-15,2013,2.F.5,Solvents,0.0,0.0,0.0,0.0,0.0,0.0,0.0,reported_directly_in_CRT_Table2(I),Table2(I)
UNFCCC CRT 2025,2025-04-15,2013,2.F.6,Other applications,0.0,0.0,0.0,0.0,0.0,0.0,0.0,reported_directly_in_CRT_Table2(I),Table2(I)
UNFCCC CRT 2025,2025-04-15,2013,2.G,Other product manufacture and use,1.9740000000000002,0.0,0.0,0.0,0.0,0.0,8.400000000000001e-05,reported_directly_in_CRT_Table2(I),Table2(I)
UNFCCC CRT 2025,2025-04-15,2013,2.G.1,Electrical equipment,1.9740000000000002,0.0,0.0,0.0,0.0,0.0,8.400000000000001e-05,reported_directly_in_CRT_Table2(I),Table2(I)
UNFCCC CRT 2025,2025-04-15,2013,2.G.2,SF6 and PFCs from other product use,0.0,0.0,0.0,0.0,0.0,0.0,0.0,reported_directly_in_CRT_Table2(I),Table2(I)
UNFCCC CRT 2025,2025-04-15,2013,2.G.3,N2O from product uses,0.0,0.0,0.0,0.0,0.0,0.0,0.0,reported_directly_in_CRT_Table2(I),Table2(I)
UNFCCC CRT 2025,2025-04-15,2013,2.G.4,Other,0.0,0.0,0.0,0.0,0.0,0.0,0.0,reported_directly_in_CRT_Table2(I),Table2(I)
UNFCCC CRT 2025,2025-04-15,2013,2.H,Other (5),0.0,0.0,0.0,0.0,0.0,0.0,0.0,reported_directly_in_CRT_Table2(I),Table2(I)
UNFCCC CRT 2025,2025-04-15,2013,2.H.1,Pulp and paper,0.0,0.0,0.0,0.0,0.0,0.0,0.0,reported_directly_in_CRT_Table2(I),Table2(I)
UNFCCC CRT 2025,2025-04-15,2013,2.H.2,Food and beverages industry,0.0,0.0,0.0,0.0,0.0,0.0,0.0,reported_directly_in_CRT_Table2(I),Table2(I)
UNFCCC CRT 2025,2025-04-15,2013,2.H.3,Other (please specify),0.0,0.0,0.0,0.0,0.0,0.0,0.0,reported_directly_in_CRT_Table2(I),Table2(I)
UNFCCC CRT 2025,2025-04-15,2014,2,Total industrial processes,23933.900702003815,22184.720328701344,0.3903758,0.5441,1412.35466390247,179.640687,8.8e-05,reported_directly_in_CRT_Table2(I),Table2(I)
UNFCCC CRT 2025,2025-04-15,2014,2.A,Mineral industry,6959.113314460001,6959.113314460001,0.0,0.0,0.0,0.0,0.0,reported_directly_in_CRT_Table2(I),Table2(I)
UNFCCC CRT 2025,2025-04-15,2014,2.A.1,Cement production,3237.937,3237.937,0.0,0.0,0.0,0.0,0.0,reported_directly_in_CRT_Table2(I),Table2(I)
UNFCCC CRT 2025,2025-04-15,2014,2.A.2,Lime production,707.72478,707.72478,0.0,0.0,0.0,0.0,0.0,reported_directly_in_CRT_Table2(I),Table2(I)
UNFCCC CRT 2025,2025-04-15,2014,2.A.3,Glass production,9.617,9.617,0.0,0.0,0.0,0.0,0.0,reported_directly_in_CRT_Table2(I),Table2(I)
UNFCCC CRT 2025,2025-04-15,2014,2.A.4,Other process uses of carbonates,3003.83453446,3003.83453446,0.0,0.0,0.0,0.0,0.0,reported_directly_in_CRT_Table2(I),Table2(I)
UNFCCC CRT 2025,2025-04-15,2014,2.B,Chemical industry,492.30295023274664,348.1164502327467,0.0,0.5441,0.0,0.0,0.0,reported_directly_in_CRT_Table2(I),Table2(I)
UNFCCC CRT 2025,2025-04-15,2014,2.B.1,Ammonia production,323.7894502327467,323.7894502327467,0.0,0.0,0.0,0.0,0.0,reported_directly_in_CRT_Table2(I),Table2(I)
UNFCCC CRT 2025,2025-04-15,2014,2.B.2,Nitric acid production,144.1865,0.0,0.0,0.5441,0.0,0.0,0.0,reported_directly_in_CRT_Table2(I),Table2(I)
UNFCCC CRT 2025,2025-04-15,2014,2.B.3,Adipic acid production,0.0,0.0,0.0,0.0,0.0,0.0,0.0,reported_directly_in_CRT_Table2(I),Table2(I)
UNFCCC CRT 2025,2025-04-15,2014,2.B.4,"Caprolactam, glyoxal and glyoxylic acid production",0.0,0.0,0.0,0.0,0.0,0.0,0.0,reported_directly_in_CRT_Table2(I),Table2(I)
UNFCCC CRT 2025,2025-04-15,2014,2.B.5,Carbide production,24.327,24.327,0.0,0.0,0.0,0.0,0.0,reported_directly_in_CRT_Table2(I),Table2(I)
UNFCCC CRT 2025,2025-04-15,2014,2.B.6,Titanium dioxide production,0.0,0.0,0.0,0.0,0.0,0.0,0.0,reported_directly_in_CRT_Table2(I),Table2(I)
UNFCCC CRT 2025,2025-04-15,2014,2.B.7,Soda ash production,0.0,0.0,0.0,0.0,0.0,0.0,0.0,reported_directly_in_CRT_Table2(I),Table2(I)
UNFCCC CRT 2025,2025-04-15,2014,2.B.8,Petrochemical and carbon black production,0.0,0.0,0.0,0.0,0.0,0.0,0.0,reported_directly_in_CRT_Table2(I),Table2(I)
UNFCCC CRT 2025,2025-04-15,2014,2.B.9,Fluorochemical production,0.0,0.0,0.0,0.0,0.0,0.0,0.0,reported_directly_in_CRT_Table2(I),Table2(I)
UNFCCC CRT 2025,2025-04-15,2014,2.B.10,Other,0.0,0.0,0.0,0.0,0.0,0.0,0.0,reported_directly_in_CRT_Table2(I),Table2(I)
UNFCCC CRT 2025,2025-04-15,2014,2.C,Metal industry,14797.81297495043,14607.24176555043,0.3903758,0.0,0.0,179.640687,0.0,reported_directly_in_CRT_Table2(I),Table2(I)
UNFCCC CRT 2025,2025-04-15,2014,2.C.1,Iron and steel production,11184.97668498243,11174.07516498243,0.38934,0.0,0.0,0.0,0.0,reported_directly_in_CRT_Table2(I),Table2(I)
UNFCCC CRT 2025,2025-04-15,2014,2.C.2,Ferroalloys production,2823.9864429679997,2823.9574405679996,0.0010358000000000001,0.0,0.0,0.0,0.0,reported_directly_in_CRT_Table2(I),Table2(I)
UNFCCC CRT 2025,2025-04-15,2014,2.C.3,Aluminium production,491.76468700000004,312.124,0.0,0.0,0.0,179.640687,0.0,reported_directly_in_CRT_Table2(I),Table2(I)
UNFCCC CRT 2025,2025-04-15,2014,2.C.4,Magnesium production,0.0,0.0,0.0,0.0,0.0,0.0,0.0,reported_directly_in_CRT_Table2(I),Table2(I)
UNFCCC CRT 2025,2025-04-15,2014,2.C.5,Lead production,66.07328,66.07328,0.0,0.0,0.0,0.0,0.0,reported_directly_in_CRT_Table2(I),Table2(I)
UNFCCC CRT 2025,2025-04-15,2014,2.C.6,Zinc production,231.01188,231.01188,0.0,0.0,0.0,0.0,0.0,reported_directly_in_CRT_Table2(I),Table2(I)
UNFCCC CRT 2025,2025-04-15,2014,2.C.7,Other,0.0,0.0,0.0,0.0,0.0,0.0,0.0,reported_directly_in_CRT_Table2(I),Table2(I)
UNFCCC CRT 2025,2025-04-15,2014,2.D,Non-energy products from fuels and solvent use (4),270.2487984581622,270.2487984581622,0.0,0.0,0.0,0.0,0.0,reported_directly_in_CRT_Table2(I),Table2(I)
UNFCCC CRT 2025,2025-04-15,2014,2.D.1,Lubricant use,7.9596,7.9596,0.0,0.0,0.0,0.0,0.0,reported_directly_in_CRT_Table2(I),Table2(I)
UNFCCC CRT 2025,2025-04-15,2014,2.D.2,Paraffin wax use,0.06296928005724481,0.06296928005724481,0.0,0.0,0.0,0.0,0.0,reported_directly_in_CRT_Table2(I),Table2(I)
UNFCCC CRT 2025,2025-04-15,2014,2.D.3,Other,262.2262291781049,262.2262291781049,0.0,0.0,0.0,0.0,0.0,reported_directly_in_CRT_Table2(I),Table2(I)
UNFCCC CRT 2025,2025-04-15,2014,2.E,Electronics industry,0.0,0.0,0.0,0.0,0.0,0.0,0.0,reported_directly_in_CRT_Table2(I),Table2(I)
UNFCCC CRT 2025,2025-04-15,2014,2.E.1,Integrated circuit or semiconductor,0.0,0.0,0.0,0.0,0.0,0.0,0.0,reported_directly_in_CRT_Table2(I),Table2(I)
UNFCCC CRT 2025,2025-04-15,2014,2.E.2,TFT flat panel display,0.0,0.0,0.0,0.0,0.0,0.0,0.0,reported_directly_in_CRT_Table2(I),Table2(I)
UNFCCC CRT 2025,2025-04-15,2014,2.E.3,Photovoltaics,0.0,0.0,0.0,0.0,0.0,0.0,0.0,reported_directly_in_CRT_Table2(I),Table2(I)
UNFCCC CRT 2025,2025-04-15,2014,2.E.4,Heat transfer fluid,0.0,0.0,0.0,0.0,0.0,0.0,0.0,reported_directly_in_CRT_Table2(I),Table2(I)
UNFCCC CRT 2025,2025-04-15,2014,2.E.5,Other,0.0,0.0,0.0,0.0,0.0,0.0,0.0,reported_directly_in_CRT_Table2(I),Table2(I)
UNFCCC CRT 2025,2025-04-15,2014,2.F,Product uses as substitutes for ODS,1412.35466390247,0.0,0.0,0.0,1412.35466390247,0.0,0.0,reported_directly_in_CRT_Table2(I),Table2(I)
UNFCCC CRT 2025,2025-04-15,2014,2.F.1,Refrigeration and air conditioning,1406.7283323505299,0.0,0.0,0.0,1406.7283323505299,0.0,0.0,reported_directly_in_CRT_Table2(I),Table2(I)
UNFCCC CRT 2025,2025-04-15,2014,2.F.2,Foam blowing agents,0.0,0.0,0.0,0.0,0.0,0.0,0.0,reported_directly_in_CRT_Table2(I),Table2(I)
UNFCCC CRT 2025,2025-04-15,2014,2.F.3,Fire protection,0.0,0.0,0.0,0.0,0.0,0.0,0.0,reported_directly_in_CRT_Table2(I),Table2(I)
UNFCCC CRT 2025,2025-04-15,2014,2.F.4,Aerosols,5.626331551940371,0.0,0.0,0.0,5.626331551940371,0.0,0.0,reported_directly_in_CRT_Table2(I),Table2(I)
UNFCCC CRT 2025,2025-04-15,2014,2.F.5,Solvents,0.0,0.0,0.0,0.0,0.0,0.0,0.0,reported_directly_in_CRT_Table2(I),Table2(I)
UNFCCC CRT 2025,2025-04-15,2014,2.F.6,Other applications,0.0,0.0,0.0,0.0,0.0,0.0,0.0,reported_directly_in_CRT_Table2(I),Table2(I)
UNFCCC CRT 2025,2025-04-15,2014,2.G,Other product manufacture and use,2.068,0.0,0.0,0.0,0.0,0.0,8.8e-05,reported_directly_in_CRT_Table2(I),Table2(I)
UNFCCC CRT 2025,2025-04-15,2014,2.G.1,Electrical equipment,2.068,0.0,0.0,0.0,0.0,0.0,8.8e-05,reported_directly_in_CRT_Table2(I),Table2(I)
UNFCCC CRT 2025,2025-04-15,2014,2.G.2,SF6 and PFCs from other product use,0.0,0.0,0.0,0.0,0.0,0.0,0.0,reported_directly_in_CRT_Table2(I),Table2(I)
UNFCCC CRT 2025,2025-04-15,2014,2.G.3,N2O from product uses,0.0,0.0,0.0,0.0,0.0,0.0,0.0,reported_directly_in_CRT_Table2(I),Table2(I)
UNFCCC CRT 2025,2025-04-15,2014,2.G.4,Other,0.0,0.0,0.0,0.0,0.0,0.0,0.0,reported_directly_in_CRT_Table2(I),Table2(I)
UNFCCC CRT 2025,2025-04-15,2014,2.H,Other (5),0.0,0.0,0.0,0.0,0.0,0.0,0.0,reported_directly_in_CRT_Table2(I),Table2(I)
UNFCCC CRT 2025,2025-04-15,2014,2.H.1,Pulp and paper,0.0,0.0,0.0,0.0,0.0,0.0,0.0,reported_directly_in_CRT_Table2(I),Table2(I)
UNFCCC CRT 2025,2025-04-15,2014,2.H.2,Food and beverages industry,0.0,0.0,0.0,0.0,0.0,0.0,0.0,reported_directly_in_CRT_Table2(I),Table2(I)
UNFCCC CRT 2025,2025-04-15,2014,2.H.3,Other (please specify),0.0,0.0,0.0,0.0,0.0,0.0,0.0,reported_directly_in_CRT_Table2(I),Table2(I)
UNFCCC CRT 2025,2025-04-15,2015,2,Total industrial processes,24772.261188125893,22953.816082567486,0.38294019999999995,0.6019,1469.2966449584076,176.854635,8.8e-05,reported_directly_in_CRT_Table2(I),Table2(I)
UNFCCC CRT 2025,2025-04-15,2015,2.A,Mineral industry,7883.854276029999,7883.854276029999,0.0,0.0,0.0,0.0,0.0,reported_directly_in_CRT_Table2(I),Table2(I)
UNFCCC CRT 2025,2025-04-15,2015,2.A.1,Cement production,3456.792,3456.792,0.0,0.0,0.0,0.0,0.0,reported_directly_in_CRT_Table2(I),Table2(I)
UNFCCC CRT 2025,2025-04-15,2015,2.A.2,Lime production,667.3562909999999,667.3562909999999,0.0,0.0,0.0,0.0,0.0,reported_directly_in_CRT_Table2(I),Table2(I)
UNFCCC CRT 2025,2025-04-15,2015,2.A.3,Glass production,7.749,7.749,0.0,0.0,0.0,0.0,0.0,reported_directly_in_CRT_Table2(I),Table2(I)
UNFCCC CRT 2025,2025-04-15,2015,2.A.4,Other process uses of carbonates,3751.95698503,3751.95698503,0.0,0.0,0.0,0.0,0.0,reported_directly_in_CRT_Table2(I),Table2(I)
UNFCCC CRT 2025,2025-04-15,2015,2.B,Chemical industry,552.7022870748001,393.19878707480007,0.0,0.6019,0.0,0.0,0.0,reported_directly_in_CRT_Table2(I),Table2(I)
UNFCCC CRT 2025,2025-04-15,2015,2.B.1,Ammonia production,362.78238707480006,362.78238707480006,0.0,0.0,0.0,0.0,0.0,reported_directly_in_CRT_Table2(I),Table2(I)
UNFCCC CRT 2025,2025-04-15,2015,2.B.2,Nitric acid production,159.5035,0.0,0.0,0.6019,0.0,0.0,0.0,reported_directly_in_CRT_Table2(I),Table2(I)
UNFCCC CRT 2025,2025-04-15,2015,2.B.3,Adipic acid production,0.0,0.0,0.0,0.0,0.0,0.0,0.0,reported_directly_in_CRT_Table2(I),Table2(I)
UNFCCC CRT 2025,2025-04-15,2015,2.B.4,"Caprolactam, glyoxal and glyoxylic acid production",0.0,0.0,0.0,0.0,0.0,0.0,0.0,reported_directly_in_CRT_Table2(I),Table2(I)
UNFCCC CRT 2025,2025-04-15,2015,2.B.5,Carbide production,30.4164,30.4164,0.0,0.0,0.0,0.0,0.0,reported_directly_in_CRT_Table2(I),Table2(I)
UNFCCC CRT 2025,2025-04-15,2015,2.B.6,Titanium dioxide production,0.0,0.0,0.0,0.0,0.0,0.0,0.0,reported_directly_in_CRT_Table2(I),Table2(I)
UNFCCC CRT 2025,2025-04-15,2015,2.B.7,Soda ash production,0.0,0.0,0.0,0.0,0.0,0.0,0.0,reported_directly_in_CRT_Table2(I),Table2(I)
UNFCCC CRT 2025,2025-04-15,2015,2.B.8,Petrochemical and carbon black production,0.0,0.0,0.0,0.0,0.0,0.0,0.0,reported_directly_in_CRT_Table2(I),Table2(I)
UNFCCC CRT 2025,2025-04-15,2015,2.B.9,Fluorochemical production,0.0,0.0,0.0,0.0,0.0,0.0,0.0,reported_directly_in_CRT_Table2(I),Table2(I)
UNFCCC CRT 2025,2025-04-15,2015,2.B.10,Other,0.0,0.0,0.0,0.0,0.0,0.0,0.0,reported_directly_in_CRT_Table2(I),Table2(I)
UNFCCC CRT 2025,2025-04-15,2015,2.C,Metal industry,14572.54835936377,14384.97139876377,0.38294019999999995,0.0,0.0,176.854635,0.0,reported_directly_in_CRT_Table2(I),Table2(I)
UNFCCC CRT 2025,2025-04-15,2015,2.C.1,Iron and steel production,10741.164442277772,10731.930042277772,0.3298,0.0,0.0,0.0,0.0,reported_directly_in_CRT_Table2(I),Table2(I)
UNFCCC CRT 2025,2025-04-15,2015,2.C.2,Ferroalloys production,2987.52714,2986.0392144,0.0531402,0.0,0.0,0.0,0.0,reported_directly_in_CRT_Table2(I),Table2(I)
UNFCCC CRT 2025,2025-04-15,2015,2.C.3,Aluminium production,528.4946170859963,351.63998208599634,0.0,0.0,0.0,176.854635,0.0,reported_directly_in_CRT_Table2(I),Table2(I)
UNFCCC CRT 2025,2025-04-15,2015,2.C.4,Magnesium production,0.0,0.0,0.0,0.0,0.0,0.0,0.0,reported_directly_in_CRT_Table2(I),Table2(I)
UNFCCC CRT 2025,2025-04-15,2015,2.C.5,Lead production,62.456160000000004,62.456160000000004,0.0,0.0,0.0,0.0,0.0,reported_directly_in_CRT_Table2(I),Table2(I)
UNFCCC CRT 2025,2025-04-15,2015,2.C.6,Zinc production,252.906,252.906,0.0,0.0,0.0,0.0,0.0,reported_directly_in_CRT_Table2(I),Table2(I)
UNFCCC CRT 2025,2025-04-15,2015,2.C.7,Other,0.0,0.0,0.0,0.0,0.0,0.0,0.0,reported_directly_in_CRT_Table2(I),Table2(I)
UNFCCC CRT 2025,2025-04-15,2015,2.D,Non-energy products from fuels and solvent use (4),291.79162069891686,291.79162069891686,0.0,0.0,0.0,0.0,0.0,reported_directly_in_CRT_Table2(I),Table2(I)
UNFCCC CRT 2025,2025-04-15,2015,2.D.1,Lubricant use,5.9549,5.9549,0.0,0.0,0.0,0.0,0.0,reported_directly_in_CRT_Table2(I),Table2(I)
UNFCCC CRT 2025,2025-04-15,2015,2.D.2,Paraffin wax use,0.030069600027335996,0.030069600027335996,0.0,0.0,0.0,0.0,0.0,reported_directly_in_CRT_Table2(I),Table2(I)
UNFCCC CRT 2025,2025-04-15,2015,2.D.3,Other,285.8066510988895,285.8066510988895,0.0,0.0,0.0,0.0,0.0,reported_directly_in_CRT_Table2(I),Table2(I)
UNFCCC CRT 2025,2025-04-15,2015,2.E,Electronics industry,0.0,0.0,0.0,0.0,0.0,0.0,0.0,reported_directly_in_CRT_Table2(I),Table2(I)
UNFCCC CRT 2025,2025-04-15,2015,2.E.1,Integrated circuit or semiconductor,0.0,0.0,0.0,0.0,0.0,0.0,0.0,reported_directly_in_CRT_Table2(I),Table2(I)
UNFCCC CRT 2025,2025-04-15,2015,2.E.2,TFT flat panel display,0.0,0.0,0.0,0.0,0.0,0.0,0.0,reported_directly_in_CRT_Table2(I),Table2(I)
UNFCCC CRT 2025,2025-04-15,2015,2.E.3,Photovoltaics,0.0,0.0,0.0,0.0,0.0,0.0,0.0,reported_directly_in_CRT_Table2(I),Table2(I)
UNFCCC CRT 2025,2025-04-15,2015,2.E.4,Heat transfer fluid,0.0,0.0,0.0,0.0,0.0,0.0,0.0,reported_directly_in_CRT_Table2(I),Table2(I)
UNFCCC CRT 2025,2025-04-15,2015,2.E.5,Other,0.0,0.0,0.0,0.0,0.0,0.0,0.0,reported_directly_in_CRT_Table2(I),Table2(I)
UNFCCC CRT 2025,2025-04-15,2015,2.F,Product uses as substitutes for ODS,1469.2966449584076,0.0,0.0,0.0,1469.2966449584076,0.0,0.0,reported_directly_in_CRT_Table2(I),Table2(I)
UNFCCC CRT 2025,2025-04-15,2015,2.F.1,Refrigeration and air conditioning,1463.4219018901028,0.0,0.0,0.0,1463.4219018901028,0.0,0.0,reported_directly_in_CRT_Table2(I),Table2(I)
UNFCCC CRT 2025,2025-04-15,2015,2.F.2,Foam blowing agents,0.0,0.0,0.0,0.0,0.0,0.0,0.0,reported_directly_in_CRT_Table2(I),Table2(I)
UNFCCC CRT 2025,2025-04-15,2015,2.F.3,Fire protection,0.0,0.0,0.0,0.0,0.0,0.0,0.0,reported_directly_in_CRT_Table2(I),Table2(I)
UNFCCC CRT 2025,2025-04-15,2015,2.F.4,Aerosols,5.874743068304903,0.0,0.0,0.0,5.874743068304903,0.0,0.0,reported_directly_in_CRT_Table2(I),Table2(I)
UNFCCC CRT 2025,2025-04-15,2015,2.F.5,Solvents,0.0,0.0,0.0,0.0,0.0,0.0,0.0,reported_directly_in_CRT_Table2(I),Table2(I)
UNFCCC CRT 2025,2025-04-15,2015,2.F.6,Other applications,0.0,0.0,0.0,0.0,0.0,0.0,0.0,reported_directly_in_CRT_Table2(I),Table2(I)
UNFCCC CRT 2025,2025-04-15,2015,2.G,Other product manufacture and use,2.068,0.0,0.0,0.0,0.0,0.0,8.8e-05,reported_directly_in_CRT_Table2(I),Table2(I)
UNFCCC CRT 2025,2025-04-15,2015,2.G.1,Electrical equipment,2.068,0.0,0.0,0.0,0.0,0.0,8.8e-05,reported_directly_in_CRT_Table2(I),Table2(I)
UNFCCC CRT 2025,2025-04-15,2015,2.G.2,SF6 and PFCs from other product use,0.0,0.0,0.0,0.0,0.0,0.0,0.0,reported_directly_in_CRT_Table2(I),Table2(I)
UNFCCC CRT 2025,2025-04-15,2015,2.G.3,N2O from product uses,0.0,0.0,0.0,0.0,0.0,0.0,0.0,reported_directly_in_CRT_Table2(I),Table2(I)
UNFCCC CRT 2025,2025-04-15,2015,2.G.4,Other,0.0,0.0,0.0,0.0,0.0,0.0,0.0,reported_directly_in_CRT_Table2(I),Table2(I)
UNFCCC CRT 2025,2025-04-15,2015,2.H,Other (5),0.0,0.0,0.0,0.0,0.0,0.0,0.0,reported_directly_in_CRT_Table2(I),Table2(I)
UNFCCC CRT 2025,2025-04-15,2015,2.H.1,Pulp and paper,0.0,0.0,0.0,0.0,0.0,0.0,0.0,reported_directly_in_CRT_Table2(I),Table2(I)
UNFCCC CRT 2025,2025-04-15,2015,2.H.2,Food and beverages industry,0.0,0.0,0.0,0.0,0.0,0.0,0.0,reported_directly_in_CRT_Table2(I),Table2(I)
UNFCCC CRT 2025,2025-04-15,2015,2.H.3,Other (please specify),0.0,0.0,0.0,0.0,0.0,0.0,0.0,reported_directly_in_CRT_Table2(I),Table2(I)
UNFCCC CRT 2025,2025-04-15,2016,2,Total industrial processes,24701.909312966516,22821.715923705055,0.40897100000000003,0.6606105999999999,1503.5581462614612,188.00724599999998,8.999999999999999e-05,reported_directly_in_CRT_Table2(I),Table2(I)
UNFCCC CRT 2025,2025-04-15,2016,2.A,Mineral industry,7155.68771767,7155.68771767,0.0,0.0,0.0,0.0,0.0,reported_directly_in_CRT_Table2(I),Table2(I)
UNFCCC CRT 2025,2025-04-15,2016,2.A.1,Cement production,3524.569,3524.569,0.0,0.0,0.0,0.0,0.0,reported_directly_in_CRT_Table2(I),Table2(I)
UNFCCC CRT 2025,2025-04-15,2016,2.A.2,Lime production,711.2713755,711.2713755,0.0,0.0,0.0,0.0,0.0,reported_directly_in_CRT_Table2(I),Table2(I)
UNFCCC CRT 2025,2025-04-15,2016,2.A.3,Glass production,13.743,13.743,0.0,0.0,0.0,0.0,0.0,reported_directly_in_CRT_Table2(I),Table2(I)
UNFCCC CRT 2025,2025-04-15,2016,2.A.4,Other process uses of carbonates,2906.1043421699997,2906.1043421699997,0.0,0.0,0.0,0.0,0.0,reported_directly_in_CRT_Table2(I),Table2(I)
UNFCCC CRT 2025,2025-04-15,2016,2.B,Chemical industry,580.6468305088266,405.5850215088266,0.0,0.6606105999999999,0.0,0.0,0.0,reported_directly_in_CRT_Table2(I),Table2(I)
UNFCCC CRT 2025,2025-04-15,2016,2.B.1,Ammonia production,376.70542150882665,376.70542150882665,0.0,0.0,0.0,0.0,0.0,reported_directly_in_CRT_Table2(I),Table2(I)
UNFCCC CRT 2025,2025-04-15,2016,2.B.2,Nitric acid production,175.06180899999998,0.0,0.0,0.6606105999999999,0.0,0.0,0.0,reported_directly_in_CRT_Table2(I),Table2(I)
UNFCCC CRT 2025,2025-04-15,2016,2.B.3,Adipic acid production,0.0,0.0,0.0,0.0,0.0,0.0,0.0,reported_directly_in_CRT_Table2(I),Table2(I)
UNFCCC CRT 2025,2025-04-15,2016,2.B.4,"Caprolactam, glyoxal and glyoxylic acid production",0.0,0.0,0.0,0.0,0.0,0.0,0.0,reported_directly_in_CRT_Table2(I),Table2(I)
UNFCCC CRT 2025,2025-04-15,2016,2.B.5,Carbide production,28.8796,28.8796,0.0,0.0,0.0,0.0,0.0,reported_directly_in_CRT_Table2(I),Table2(I)
UNFCCC CRT 2025,2025-04-15,2016,2.B.6,Titanium dioxide production,0.0,0.0,0.0,0.0,0.0,0.0,0.0,reported_directly_in_CRT_Table2(I),Table2(I)
UNFCCC CRT 2025,2025-04-15,2016,2.B.7,Soda ash production,0.0,0.0,0.0,0.0,0.0,0.0,0.0,reported_directly_in_CRT_Table2(I),Table2(I)
UNFCCC CRT 2025,2025-04-15,2016,2.B.8,Petrochemical and carbon black production,0.0,0.0,0.0,0.0,0.0,0.0,0.0,reported_directly_in_CRT_Table2(I),Table2(I)
UNFCCC CRT 2025,2025-04-15,2016,2.B.9,Fluorochemical production,0.0,0.0,0.0,0.0,0.0,0.0,0.0,reported_directly_in_CRT_Table2(I),Table2(I)
UNFCCC CRT 2025,2025-04-15,2016,2.B.10,Other,0.0,0.0,0.0,0.0,0.0,0.0,0.0,reported_directly_in_CRT_Table2(I),Table2(I)
UNFCCC CRT 2025,2025-04-15,2016,2.C,Metal industry,15148.060590210249,14948.60215621025,0.40897100000000003,0.0,0.0,188.00724599999998,0.0,reported_directly_in_CRT_Table2(I),Table2(I)
UNFCCC CRT 2025,2025-04-15,2016,2.C.1,Iron and steel production,11166.35995633825,11156.03047633825,0.36891,0.0,0.0,0.0,0.0,reported_directly_in_CRT_Table2(I),Table2(I)
UNFCCC CRT 2025,2025-04-15,2016,2.C.2,Ferroalloys production,3098.2512512,3097.1295431999997,0.040061,0.0,0.0,0.0,0.0,reported_directly_in_CRT_Table2(I),Table2(I)
UNFCCC CRT 2025,2025-04-15,2016,2.C.3,Aluminium production,583.8574826720001,395.8502366720001,0.0,0.0,0.0,188.00724599999998,0.0,reported_directly_in_CRT_Table2(I),Table2(I)
UNFCCC CRT 2025,2025-04-15,2016,2.C.4,Magnesium production,0.0,0.0,0.0,0.0,0.0,0.0,0.0,reported_directly_in_CRT_Table2(I),Table2(I)
UNFCCC CRT 2025,2025-04-15,2016,2.C.5,Lead production,69.75488,69.75488,0.0,0.0,0.0,0.0,0.0,reported_directly_in_CRT_Table2(I),Table2(I)
UNFCCC CRT 2025,2025-04-15,2016,2.C.6,Zinc production,229.83702000000002,229.83702000000002,0.0,0.0,0.0,0.0,0.0,reported_directly_in_CRT_Table2(I),Table2(I)
UNFCCC CRT 2025,2025-04-15,2016,2.C.7,Other,0.0,0.0,0.0,0.0,0.0,0.0,0.0,reported_directly_in_CRT_Table2(I),Table2(I)
UNFCCC CRT 2025,2025-04-15,2016,2.D,Non-energy products from fuels and solvent use (4),311.8410283159781,311.8410283159781,0.0,0.0,0.0,0.0,0.0,reported_directly_in_CRT_Table2(I),Table2(I)
UNFCCC CRT 2025,2025-04-15,2016,2.D.1,Lubricant use,31.4257,31.4257,0.0,0.0,0.0,0.0,0.0,reported_directly_in_CRT_Table2(I),Table2(I)
UNFCCC CRT 2025,2025-04-15,2016,2.D.2,Paraffin wax use,0.0317204800288368,0.0317204800288368,0.0,0.0,0.0,0.0,0.0,reported_directly_in_CRT_Table2(I),Table2(I)
UNFCCC CRT 2025,2025-04-15,2016,2.D.3,Other,280.3836078359493,280.3836078359493,0.0,0.0,0.0,0.0,0.0,reported_directly_in_CRT_Table2(I),Table2(I)
UNFCCC CRT 2025,2025-04-15,2016,2.E,Electronics industry,0.0,0.0,0.0,0.0,0.0,0.0,0.0,reported_directly_in_CRT_Table2(I),Table2(I)
UNFCCC CRT 2025,2025-04-15,2016,2.E.1,Integrated circuit or semiconductor,0.0,0.0,0.0,0.0,0.0,0.0,0.0,reported_directly_in_CRT_Table2(I),Table2(I)
UNFCCC CRT 2025,2025-04-15,2016,2.E.2,TFT flat panel display,0.0,0.0,0.0,0.0,0.0,0.0,0.0,reported_directly_in_CRT_Table2(I),Table2(I)
UNFCCC CRT 2025,2025-04-15,2016,2.E.3,Photovoltaics,0.0,0.0,0.0,0.0,0.0,0.0,0.0,reported_directly_in_CRT_Table2(I),Table2(I)
UNFCCC CRT 2025,2025-04-15,2016,2.E.4,Heat transfer fluid,0.0,0.0,0.0,0.0,0.0,0.0,0.0,reported_directly_in_CRT_Table2(I),Table2(I)
UNFCCC CRT 2025,2025-04-15,2016,2.E.5,Other,0.0,0.0,0.0,0.0,0.0,0.0,0.0,reported_directly_in_CRT_Table2(I),Table2(I)
UNFCCC CRT 2025,2025-04-15,2016,2.F,Product uses as substitutes for ODS,1503.5581462614612,0.0,0.0,0.0,1503.5581462614612,0.0,0.0,reported_directly_in_CRT_Table2(I),Table2(I)
UNFCCC CRT 2025,2025-04-15,2016,2.F.1,Refrigeration and air conditioning,1497.510652061531,0.0,0.0,0.0,1497.510652061531,0.0,0.0,reported_directly_in_CRT_Table2(I),Table2(I)
UNFCCC CRT 2025,2025-04-15,2016,2.F.2,Foam blowing agents,0.0,0.0,0.0,0.0,0.0,0.0,0.0,reported_directly_in_CRT_Table2(I),Table2(I)
UNFCCC CRT 2025,2025-04-15,2016,2.F.3,Fire protection,0.0,0.0,0.0,0.0,0.0,0.0,0.0,reported_directly_in_CRT_Table2(I),Table2(I)
UNFCCC CRT 2025,2025-04-15,2016,2.F.4,Aerosols,6.047494199930469,0.0,0.0,0.0,6.047494199930469,0.0,0.0,reported_directly_in_CRT_Table2(I),Table2(I)
UNFCCC CRT 2025,2025-04-15,2016,2.F.5,Solvents,0.0,0.0,0.0,0.0,0.0,0.0,0.0,reported_directly_in_CRT_Table2(I),Table2(I)
UNFCCC CRT 2025,2025-04-15,2016,2.F.6,Other applications,0.0,0.0,0.0,0.0,0.0,0.0,0.0,reported_directly_in_CRT_Table2(I),Table2(I)
UNFCCC CRT 2025,2025-04-15,2016,2.G,Other product manufacture and use,2.1149999999999998,0.0,0.0,0.0,0.0,0.0,8.999999999999999e-05,reported_directly_in_CRT_Table2(I),Table2(I)
UNFCCC CRT 2025,2025-04-15,2016,2.G.1,Electrical equipment,2.1149999999999998,0.0,0.0,0.0,0.0,0.0,8.999999999999999e-05,reported_directly_in_CRT_Table2(I),Table2(I)
UNFCCC CRT 2025,2025-04-15,2016,2.G.2,SF6 and PFCs from other product use,0.0,0.0,0.0,0.0,0.0,0.0,0.0,reported_directly_in_CRT_Table2(I),Table2(I)
UNFCCC CRT 2025,2025-04-15,2016,2.G.3,N2O from product uses,0.0,0.0,0.0,0.0,0.0,0.0,0.0,reported_directly_in_CRT_Table2(I),Table2(I)
UNFCCC CRT 2025,2025-04-15,2016,2.G.4,Other,0.0,0.0,0.0,0.0,0.0,0.0,0.0,reported_directly_in_CRT_Table2(I),Table2(I)
UNFCCC CRT 2025,2025-04-15,2016,2.H,Other (5),0.0,0.0,0.0,0.0,0.0,0.0,0.0,reported_directly_in_CRT_Table2(I),Table2(I)
UNFCCC CRT 2025,2025-04-15,2016,2.H.1,Pulp and paper,0.0,0.0,0.0,0.0,0.0,0.0,0.0,reported_directly_in_CRT_Table2(I),Table2(I)
UNFCCC CRT 2025,2025-04-15,2016,2.H.2,Food and beverages industry,0.0,0.0,0.0,0.0,0.0,0.0,0.0,reported_directly_in_CRT_Table2(I),Table2(I)
UNFCCC CRT 2025,2025-04-15,2016,2.H.3,Other (please specify),0.0,0.0,0.0,0.0,0.0,0.0,0.0,reported_directly_in_CRT_Table2(I),Table2(I)
UNFCCC CRT 2025,2025-04-15,2017,2,Total industrial processes,25360.540698794026,23349.690384934227,0.391419,0.6966055999999999,1737.5376009598012,75.5904969,9.2e-05,reported_directly_in_CRT_Table2(I),Table2(I)
UNFCCC CRT 2025,2025-04-15,2017,2.A,Mineral industry,7514.92245299,7514.92245299,0.0,0.0,0.0,0.0,0.0,reported_directly_in_CRT_Table2(I),Table2(I)
UNFCCC CRT 2025,2025-04-15,2017,2.A.1,Cement production,3818.995,3818.995,0.0,0.0,0.0,0.0,0.0,reported_directly_in_CRT_Table2(I),Table2(I)
UNFCCC CRT 2025,2025-04-15,2017,2.A.2,Lime production,803.514285,803.514285,0.0,0.0,0.0,0.0,0.0,reported_directly_in_CRT_Table2(I),Table2(I)
UNFCCC CRT 2025,2025-04-15,2017,2.A.3,Glass production,20.255,20.255,0.0,0.0,0.0,0.0,0.0,reported_directly_in_CRT_Table2(I),Table2(I)
UNFCCC CRT 2025,2025-04-15,2017,2.A.4,Other process uses of carbonates,2872.15816799,2872.15816799,0.0,0.0,0.0,0.0,0.0,reported_directly_in_CRT_Table2(I),Table2(I)
UNFCCC CRT 2025,2025-04-15,2017,2.B,Chemical industry,605.4310275946934,420.8305435946934,0.0,0.6966055999999999,0.0,0.0,0.0,reported_directly_in_CRT_Table2(I),Table2(I)
UNFCCC CRT 2025,2025-04-15,2017,2.B.1,Ammonia production,398.4670435946934,398.4670435946934,0.0,0.0,0.0,0.0,0.0,reported_directly_in_CRT_Table2(I),Table2(I)
UNFCCC CRT 2025,2025-04-15,2017,2.B.2,Nitric acid production,184.600484,0.0,0.0,0.6966055999999999,0.0,0.0,0.0,reported_directly_in_CRT_Table2(I),Table2(I)
UNFCCC CRT 2025,2025-04-15,2017,2.B.3,Adipic acid production,0.0,0.0,0.0,0.0,0.0,0.0,0.0,reported_directly_in_CRT_Table2(I),Table2(I)
UNFCCC CRT 2025,2025-04-15,2017,2.B.4,"Caprolactam, glyoxal and glyoxylic acid production",0.0,0.0,0.0,0.0,0.0,0.0,0.0,reported_directly_in_CRT_Table2(I),Table2(I)
UNFCCC CRT 2025,2025-04-15,2017,2.B.5,Carbide production,22.3635,22.3635,0.0,0.0,0.0,0.0,0.0,reported_directly_in_CRT_Table2(I),Table2(I)
UNFCCC CRT 2025,2025-04-15,2017,2.B.6,Titanium dioxide production,0.0,0.0,0.0,0.0,0.0,0.0,0.0,reported_directly_in_CRT_Table2(I),Table2(I)
UNFCCC CRT 2025,2025-04-15,2017,2.B.7,Soda ash production,0.0,0.0,0.0,0.0,0.0,0.0,0.0,reported_directly_in_CRT_Table2(I),Table2(I)
UNFCCC CRT 2025,2025-04-15,2017,2.B.8,Petrochemical and carbon black production,0.0,0.0,0.0,0.0,0.0,0.0,0.0,reported_directly_in_CRT_Table2(I),Table2(I)
UNFCCC CRT 2025,2025-04-15,2017,2.B.9,Fluorochemical production,0.0,0.0,0.0,0.0,0.0,0.0,0.0,reported_directly_in_CRT_Table2(I),Table2(I)
UNFCCC CRT 2025,2025-04-15,2017,2.B.10,Other,0.0,0.0,0.0,0.0,0.0,0.0,0.0,reported_directly_in_CRT_Table2(I),Table2(I)
UNFCCC CRT 2025,2025-04-15,2017,2.C,Metal industry,15222.327748187296,15135.777519287296,0.391419,0.0,0.0,75.5904969,0.0,reported_directly_in_CRT_Table2(I),Table2(I)
UNFCCC CRT 2025,2025-04-15,2017,2.C.1,Iron and steel production,11042.082238505878,11031.985718505879,0.36059,0.0,0.0,0.0,0.0,reported_directly_in_CRT_Table2(I),Table2(I)
UNFCCC CRT 2025,2025-04-15,2017,2.C.2,Ferroalloys production,3333.8786322399997,3333.0154202399995,0.030829000000000002,0.0,0.0,0.0,0.0,reported_directly_in_CRT_Table2(I),Table2(I)
UNFCCC CRT 2025,2025-04-15,2017,2.C.3,Aluminium production,476.82133744141737,401.23084054141736,0.0,0.0,0.0,75.5904969,0.0,reported_directly_in_CRT_Table2(I),Table2(I)
UNFCCC CRT 2025,2025-04-15,2017,2.C.4,Magnesium production,0.0,0.0,0.0,0.0,0.0,0.0,0.0,reported_directly_in_CRT_Table2(I),Table2(I)
UNFCCC CRT 2025,2025-04-15,2017,2.C.5,Lead production,77.54708,77.54708,0.0,0.0,0.0,0.0,0.0,reported_directly_in_CRT_Table2(I),Table2(I)
UNFCCC CRT 2025,2025-04-15,2017,2.C.6,Zinc production,291.99846,291.99846,0.0,0.0,0.0,0.0,0.0,reported_directly_in_CRT_Table2(I),Table2(I)
UNFCCC CRT 2025,2025-04-15,2017,2.C.7,Other,0.0,0.0,0.0,0.0,0.0,0.0,0.0,reported_directly_in_CRT_Table2(I),Table2(I)
UNFCCC CRT 2025,2025-04-15,2017,2.D,Non-energy products from fuels and solvent use (4),278.1598690622384,278.1598690622384,0.0,0.0,0.0,0.0,0.0,reported_directly_in_CRT_Table2(I),Table2(I)
UNFCCC CRT 2025,2025-04-15,2017,2.D.1,Lubricant use,14.15,14.15,0.0,0.0,0.0,0.0,0.0,reported_directly_in_CRT_Table2(I),Table2(I)
UNFCCC CRT 2025,2025-04-15,2017,2.D.2,Paraffin wax use,0.0166856800151688,0.0166856800151688,0.0,0.0,0.0,0.0,0.0,reported_directly_in_CRT_Table2(I),Table2(I)
UNFCCC CRT 2025,2025-04-15,2017,2.D.3,Other,263.9931833822232,263.9931833822232,0.0,0.0,0.0,0.0,0.0,reported_directly_in_CRT_Table2(I),Table2(I)
UNFCCC CRT 2025,2025-04-15,2017,2.E,Electronics industry,0.0,0.0,0.0,0.0,0.0,0.0,0.0,reported_directly_in_CRT_Table2(I),Table2(I)
UNFCCC CRT 2025,2025-04-15,2017,2.E.1,Integrated circuit or semiconductor,0.0,0.0,0.0,0.0,0.0,0.0,0.0,reported_directly_in_CRT_Table2(I),Table2(I)
UNFCCC CRT 2025,2025-04-15,2017,2.E.2,TFT flat panel display,0.0,0.0,0.0,0.0,0.0,0.0,0.0,reported_directly_in_CRT_Table2(I),Table2(I)
UNFCCC CRT 2025,2025-04-15,2017,2.E.3,Photovoltaics,0.0,0.0,0.0,0.0,0.0,0.0,0.0,reported_directly_in_CRT_Table2(I),Table2(I)
UNFCCC CRT 2025,2025-04-15,2017,2.E.4,Heat transfer fluid,0.0,0.0,0.0,0.0,0.0,0.0,0.0,reported_directly_in_CRT_Table2(I),Table2(I)
UNFCCC CRT 2025,2025-04-15,2017,2.E.5,Other,0.0,0.0,0.0,0.0,0.0,0.0,0.0,reported_directly_in_CRT_Table2(I),Table2(I)
UNFCCC CRT 2025,2025-04-15,2017,2.F,Product uses as substitutes for ODS,1737.5376009598012,0.0,0.0,0.0,1737.5376009598012,0.0,0.0,reported_directly_in_CRT_Table2(I),Table2(I)
UNFCCC CRT 2025,2025-04-15,2017,2.F.1,Refrigeration and air conditioning,1731.3672573936462,0.0,0.0,0.0,1731.3672573936462,0.0,0.0,reported_directly_in_CRT_Table2(I),Table2(I)
UNFCCC CRT 2025,2025-04-15,2017,2.F.2,Foam blowing agents,0.0,0.0,0.0,0.0,0.0,0.0,0.0,reported_directly_in_CRT_Table2(I),Table2(I)
UNFCCC CRT 2025,2025-04-15,2017,2.F.3,Fire protection,0.0,0.0,0.0,0.0,0.0,0.0,0.0,reported_directly_in_CRT_Table2(I),Table2(I)
UNFCCC CRT 2025,2025-04-15,2017,2.F.4,Aerosols,6.170343566154768,0.0,0.0,0.0,6.170343566154768,0.0,0.0,reported_directly_in_CRT_Table2(I),Table2(I)
UNFCCC CRT 2025,2025-04-15,2017,2.F.5,Solvents,0.0,0.0,0.0,0.0,0.0,0.0,0.0,reported_directly_in_CRT_Table2(I),Table2(I)
UNFCCC CRT 2025,2025-04-15,2017,2.F.6,Other applications,0.0,0.0,0.0,0.0,0.0,0.0,0.0,reported_directly_in_CRT_Table2(I),Table2(I)
UNFCCC CRT 2025,2025-04-15,2017,2.G,Other product manufacture and use,2.162,0.0,0.0,0.0,0.0,0.0,9.2e-05,reported_directly_in_CRT_Table2(I),Table2(I)
UNFCCC CRT 2025,2025-04-15,2017,2.G.1,Electrical equipment,2.162,0.0,0.0,0.0,0.0,0.0,9.2e-05,reported_directly_in_CRT_Table2(I),Table2(I)
UNFCCC CRT 2025,2025-04-15,2017,2.G.2,SF6 and PFCs from other product use,0.0,0.0,0.0,0.0,0.0,0.0,0.0,reported_directly_in_CRT_Table2(I),Table2(I)
UNFCCC CRT 2025,2025-04-15,2017,2.G.3,N2O from product uses,0.0,0.0,0.0,0.0,0.0,0.0,0.0,reported_directly_in_CRT_Table2(I),Table2(I)
UNFCCC CRT 2025,2025-04-15,2017,2.G.4,Other,0.0,0.0,0.0,0.0,0.0,0.0,0.0,reported_directly_in_CRT_Table2(I),Table2(I)
UNFCCC CRT 2025,2025-04-15,2017,2.H,Other (5),0.0,0.0,0.0,0.0,0.0,0.0,0.0,reported_directly_in_CRT_Table2(I),Table2(I)
UNFCCC CRT 2025,2025-04-15,2017,2.H.1,Pulp and paper,0.0,0.0,0.0,0.0,0.0,0.0,0.0,reported_directly_in_CRT_Table2(I),Table2(I)
UNFCCC CRT 2025,2025-04-15,2017,2.H.2,Food and beverages industry,0.0,0.0,0.0,0.0,0.0,0.0,0.0,reported_directly_in_CRT_Table2(I),Table2(I)
UNFCCC CRT 2025,2025-04-15,2017,2.H.3,Other (please specify),0.0,0.0,0.0,0.0,0.0,0.0,0.0,reported_directly_in_CRT_Table2(I),Table2(I)
UNFCCC CRT 2025,2025-04-15,2018,2,Total industrial processes,24456.933960853097,22251.111601417102,0.3635045,0.6783965,1898.7506479359977,114.909513,9.400000000000001e-05,reported_directly_in_CRT_Table2(I),Table2(I)
UNFCCC CRT 2025,2025-04-15,2018,2.A,Mineral industry,7264.83665456,7264.83665456,0.0,0.0,0.0,0.0,0.0,reported_directly_in_CRT_Table2(I),Table2(I)
UNFCCC CRT 2025,2025-04-15,2018,2.A.1,Cement production,3892.541,3892.541,0.0,0.0,0.0,0.0,0.0,reported_directly_in_CRT_Table2(I),Table2(I)
UNFCCC CRT 2025,2025-04-15,2018,2.A.2,Lime production,679.6019,679.6019,0.0,0.0,0.0,0.0,0.0,reported_directly_in_CRT_Table2(I),Table2(I)
UNFCCC CRT 2025,2025-04-15,2018,2.A.3,Glass production,21.443,21.443,0.0,0.0,0.0,0.0,0.0,reported_directly_in_CRT_Table2(I),Table2(I)
UNFCCC CRT 2025,2025-04-15,2018,2.A.4,Other process uses of carbonates,2671.25075456,2671.25075456,0.0,0.0,0.0,0.0,0.0,reported_directly_in_CRT_Table2(I),Table2(I)
UNFCCC CRT 2025,2025-04-15,2018,2.B,Chemical industry,591.4555248918133,411.68045239181333,0.0,0.6783965,0.0,0.0,0.0,reported_directly_in_CRT_Table2(I),Table2(I)
UNFCCC CRT 2025,2025-04-15,2018,2.B.1,Ammonia production,390.38625239181334,390.38625239181334,0.0,0.0,0.0,0.0,0.0,reported_directly_in_CRT_Table2(I),Table2(I)
UNFCCC CRT 2025,2025-04-15,2018,2.B.2,Nitric acid production,179.7750725,0.0,0.0,0.6783965,0.0,0.0,0.0,reported_directly_in_CRT_Table2(I),Table2(I)
UNFCCC CRT 2025,2025-04-15,2018,2.B.3,Adipic acid production,0.0,0.0,0.0,0.0,0.0,0.0,0.0,reported_directly_in_CRT_Table2(I),Table2(I)
UNFCCC CRT 2025,2025-04-15,2018,2.B.4,"Caprolactam, glyoxal and glyoxylic acid production",0.0,0.0,0.0,0.0,0.0,0.0,0.0,reported_directly_in_CRT_Table2(I),Table2(I)
UNFCCC CRT 2025,2025-04-15,2018,2.B.5,Carbide production,21.2942,21.2942,0.0,0.0,0.0,0.0,0.0,reported_directly_in_CRT_Table2(I),Table2(I)
UNFCCC CRT 2025,2025-04-15,2018,2.B.6,Titanium dioxide production,0.0,0.0,0.0,0.0,0.0,0.0,0.0,reported_directly_in_CRT_Table2(I),Table2(I)
UNFCCC CRT 2025,2025-04-15,2018,2.B.7,Soda ash production,0.0,0.0,0.0,0.0,0.0,0.0,0.0,reported_directly_in_CRT_Table2(I),Table2(I)
UNFCCC CRT 2025,2025-04-15,2018,2.B.8,Petrochemical and carbon black production,0.0,0.0,0.0,0.0,0.0,0.0,0.0,reported_directly_in_CRT_Table2(I),Table2(I)
UNFCCC CRT 2025,2025-04-15,2018,2.B.9,Fluorochemical production,0.0,0.0,0.0,0.0,0.0,0.0,0.0,reported_directly_in_CRT_Table2(I),Table2(I)
UNFCCC CRT 2025,2025-04-15,2018,2.B.10,Other,0.0,0.0,0.0,0.0,0.0,0.0,0.0,reported_directly_in_CRT_Table2(I),Table2(I)
UNFCCC CRT 2025,2025-04-15,2018,2.C,Metal industry,14372.018936404662,14246.93129740466,0.3635045,0.0,0.0,114.909513,0.0,reported_directly_in_CRT_Table2(I),Table2(I)
UNFCCC CRT 2025,2025-04-15,2018,2.C.1,Iron and steel production,9733.969901220427,9724.676981220427,0.33189,0.0,0.0,0.0,0.0,reported_directly_in_CRT_Table2(I),Table2(I)
UNFCCC CRT 2025,2025-04-15,2018,2.C.2,Ferroalloys production,3713.8972339999996,3713.0120279999996,0.031614500000000004,0.0,0.0,0.0,0.0,reported_directly_in_CRT_Table2(I),Table2(I)
UNFCCC CRT 2025,2025-04-15,2018,2.C.3,Aluminium production,544.2233011842333,429.31378818423326,0.0,0.0,0.0,114.909513,0.0,reported_directly_in_CRT_Table2(I),Table2(I)
UNFCCC CRT 2025,2025-04-15,2018,2.C.4,Magnesium production,0.0,0.0,0.0,0.0,0.0,0.0,0.0,reported_directly_in_CRT_Table2(I),Table2(I)
UNFCCC CRT 2025,2025-04-15,2018,2.C.5,Lead production,79.43884,79.43884,0.0,0.0,0.0,0.0,0.0,reported_directly_in_CRT_Table2(I),Table2(I)
UNFCCC CRT 2025,2025-04-15,2018,2.C.6,Zinc production,300.48966,300.48966,0.0,0.0,0.0,0.0,0.0,reported_directly_in_CRT_Table2(I),Table2(I)
UNFCCC CRT 2025,2025-04-15,2018,2.C.7,Other,0.0,0.0,0.0,0.0,0.0,0.0,0.0,reported_directly_in_CRT_Table2(I),Table2(I)
UNFCCC CRT 2025,2025-04-15,2018,2.D,Non-energy products from fuels and solvent use (4),327.6631970606278,327.6631970606278,0.0,0.0,0.0,0.0,0.0,reported_directly_in_CRT_Table2(I),Table2(I)
UNFCCC CRT 2025,2025-04-15,2018,2.D.1,Lubricant use,15.2116,15.2116,0.0,0.0,0.0,0.0,0.0,reported_directly_in_CRT_Table2(I),Table2(I)
UNFCCC CRT 2025,2025-04-15,2018,2.D.2,Paraffin wax use,0.07281560006619602,0.07281560006619602,0.0,0.0,0.0,0.0,0.0,reported_directly_in_CRT_Table2(I),Table2(I)
UNFCCC CRT 2025,2025-04-15,2018,2.D.3,Other,312.3787814605616,312.3787814605616,0.0,0.0,0.0,0.0,0.0,reported_directly_in_CRT_Table2(I),Table2(I)
UNFCCC CRT 2025,2025-04-15,2018,2.E,Electronics industry,0.0,0.0,0.0,0.0,0.0,0.0,0.0,reported_directly_in_CRT_Table2(I),Table2(I)
UNFCCC CRT 2025,2025-04-15,2018,2.E.1,Integrated circuit or semiconductor,0.0,0.0,0.0,0.0,0.0,0.0,0.0,reported_directly_in_CRT_Table2(I),Table2(I)
UNFCCC CRT 2025,2025-04-15,2018,2.E.2,TFT flat panel display,0.0,0.0,0.0,0.0,0.0,0.0,0.0,reported_directly_in_CRT_Table2(I),Table2(I)
UNFCCC CRT 2025,2025-04-15,2018,2.E.3,Photovoltaics,0.0,0.0,0.0,0.0,0.0,0.0,0.0,reported_directly_in_CRT_Table2(I),Table2(I)
UNFCCC CRT 2025,2025-04-15,2018,2.E.4,Heat transfer fluid,0.0,0.0,0.0,0.0,0.0,0.0,0.0,reported_directly_in_CRT_Table2(I),Table2(I)
UNFCCC CRT 2025,2025-04-15,2018,2.E.5,Other,0.0,0.0,0.0,0.0,0.0,0.0,0.0,reported_directly_in_CRT_Table2(I),Table2(I)
UNFCCC CRT 2025,2025-04-15,2018,2.F,Product uses as substitutes for ODS,1898.7506479359977,0.0,0.0,0.0,1898.7506479359977,0.0,0.0,reported_directly_in_CRT_Table2(I),Table2(I)
UNFCCC CRT 2025,2025-04-15,2018,2.F.1,Refrigeration and air conditioning,1892.4551002119929,0.0,0.0,0.0,1892.4551002119929,0.0,0.0,reported_directly_in_CRT_Table2(I),Table2(I)
UNFCCC CRT 2025,2025-04-15,2018,2.F.2,Foam blowing agents,0.0,0.0,0.0,0.0,0.0,0.0,0.0,reported_directly_in_CRT_Table2(I),Table2(I)
UNFCCC CRT 2025,2025-04-15,2018,2.F.3,Fire protection,0.0,0.0,0.0,0.0,0.0,0.0,0.0,reported_directly_in_CRT_Table2(I),Table2(I)
UNFCCC CRT 2025,2025-04-15,2018,2.F.4,Aerosols,6.29554772400476,0.0,0.0,0.0,6.29554772400476,0.0,0.0,reported_directly_in_CRT_Table2(I),Table2(I)
UNFCCC CRT 2025,2025-04-15,2018,2.F.5,Solvents,0.0,0.0,0.0,0.0,0.0,0.0,0.0,reported_directly_in_CRT_Table2(I),Table2(I)
UNFCCC CRT 2025,2025-04-15,2018,2.F.6,Other applications,0.0,0.0,0.0,0.0,0.0,0.0,0.0,reported_directly_in_CRT_Table2(I),Table2(I)
UNFCCC CRT 2025,2025-04-15,2018,2.G,Other product manufacture and use,2.209,0.0,0.0,0.0,0.0,0.0,9.400000000000001e-05,reported_directly_in_CRT_Table2(I),Table2(I)
UNFCCC CRT 2025,2025-04-15,2018,2.G.1,Electrical equipment,2.209,0.0,0.0,0.0,0.0,0.0,9.400000000000001e-05,reported_directly_in_CRT_Table2(I),Table2(I)
UNFCCC CRT 2025,2025-04-15,2018,2.G.2,SF6 and PFCs from other product use,0.0,0.0,0.0,0.0,0.0,0.0,0.0,reported_directly_in_CRT_Table2(I),Table2(I)
UNFCCC CRT 2025,2025-04-15,2018,2.G.3,N2O from product uses,0.0,0.0,0.0,0.0,0.0,0.0,0.0,reported_directly_in_CRT_Table2(I),Table2(I)
UNFCCC CRT 2025,2025-04-15,2018,2.G.4,Other,0.0,0.0,0.0,0.0,0.0,0.0,0.0,reported_directly_in_CRT_Table2(I),Table2(I)
UNFCCC CRT 2025,2025-04-15,2018,2.H,Other (5),0.0,0.0,0.0,0.0,0.0,0.0,0.0,reported_directly_in_CRT_Table2(I),Table2(I)
UNFCCC CRT 2025,2025-04-15,2018,2.H.1,Pulp and paper,0.0,0.0,0.0,0.0,0.0,0.0,0.0,reported_directly_in_CRT_Table2(I),Table2(I)
UNFCCC CRT 2025,2025-04-15,2018,2.H.2,Food and beverages industry,0.0,0.0,0.0,0.0,0.0,0.0,0.0,reported_directly_in_CRT_Table2(I),Table2(I)
UNFCCC CRT 2025,2025-04-15,2018,2.H.3,Other (please specify),0.0,0.0,0.0,0.0,0.0,0.0,0.0,reported_directly_in_CRT_Table2(I),Table2(I)
UNFCCC CRT 2025,2025-04-15,2019,2,Total industrial processes,25705.35103763811,23467.091471240386,0.4026,0.6538,2039.9594913977191,11.396775,0.000101,reported_directly_in_CRT_Table2(I),Table2(I)
UNFCCC CRT 2025,2025-04-15,2019,2.A,Mineral industry,7417.873685099999,7417.873685099999,0.0,0.0,0.0,0.0,0.0,reported_directly_in_CRT_Table2(I),Table2(I)
UNFCCC CRT 2025,2025-04-15,2019,2.A.1,Cement production,3801.885,3801.885,0.0,0.0,0.0,0.0,0.0,reported_directly_in_CRT_Table2(I),Table2(I)
UNFCCC CRT 2025,2025-04-15,2019,2.A.2,Lime production,670.3234124999999,670.3234124999999,0.0,0.0,0.0,0.0,0.0,reported_directly_in_CRT_Table2(I),Table2(I)
UNFCCC CRT 2025,2025-04-15,2019,2.A.3,Glass production,19.588,19.588,0.0,0.0,0.0,0.0,0.0,reported_directly_in_CRT_Table2(I),Table2(I)
UNFCCC CRT 2025,2025-04-15,2019,2.A.4,Other process uses of carbonates,2926.0772726,2926.0772726,0.0,0.0,0.0,0.0,0.0,reported_directly_in_CRT_Table2(I),Table2(I)
UNFCCC CRT 2025,2025-04-15,2019,2.B,Chemical industry,547.6631584237866,374.4061584237866,0.0,0.6538,0.0,0.0,0.0,reported_directly_in_CRT_Table2(I),Table2(I)
UNFCCC CRT 2025,2025-04-15,2019,2.B.1,Ammonia production,346.0501584237866,346.0501584237866,0.0,0.0,0.0,0.0,0.0,reported_directly_in_CRT_Table2(I),Table2(I)
UNFCCC CRT 2025,2025-04-15,2019,2.B.2,Nitric acid production,173.257,0.0,0.0,0.6538,0.0,0.0,0.0,reported_directly_in_CRT_Table2(I),Table2(I)
UNFCCC CRT 2025,2025-04-15,2019,2.B.3,Adipic acid production,0.0,0.0,0.0,0.0,0.0,0.0,0.0,reported_directly_in_CRT_Table2(I),Table2(I)
UNFCCC CRT 2025,2025-04-15,2019,2.B.4,"Caprolactam, glyoxal and glyoxylic acid production",0.0,0.0,0.0,0.0,0.0,0.0,0.0,reported_directly_in_CRT_Table2(I),Table2(I)
UNFCCC CRT 2025,2025-04-15,2019,2.B.5,Carbide production,28.355999999999998,28.355999999999998,0.0,0.0,0.0,0.0,0.0,reported_directly_in_CRT_Table2(I),Table2(I)
UNFCCC CRT 2025,2025-04-15,2019,2.B.6,Titanium dioxide production,0.0,0.0,0.0,0.0,0.0,0.0,0.0,reported_directly_in_CRT_Table2(I),Table2(I)
UNFCCC CRT 2025,2025-04-15,2019,2.B.7,Soda ash production,0.0,0.0,0.0,0.0,0.0,0.0,0.0,reported_directly_in_CRT_Table2(I),Table2(I)
UNFCCC CRT 2025,2025-04-15,2019,2.B.8,Petrochemical and carbon black production,0.0,0.0,0.0,0.0,0.0,0.0,0.0,reported_directly_in_CRT_Table2(I),Table2(I)
UNFCCC CRT 2025,2025-04-15,2019,2.B.9,Fluorochemical production,0.0,0.0,0.0,0.0,0.0,0.0,0.0,reported_directly_in_CRT_Table2(I),Table2(I)
UNFCCC CRT 2025,2025-04-15,2019,2.B.10,Other,0.0,0.0,0.0,0.0,0.0,0.0,0.0,reported_directly_in_CRT_Table2(I),Table2(I)
UNFCCC CRT 2025,2025-04-15,2019,2.C,Metal industry,15375.916889632914,15353.247314632914,0.4026,0.0,0.0,11.396775,0.0,reported_directly_in_CRT_Table2(I),Table2(I)
UNFCCC CRT 2025,2025-04-15,2019,2.C.1,Iron and steel production,10946.278296098926,10935.882176098927,0.37129,0.0,0.0,0.0,0.0,reported_directly_in_CRT_Table2(I),Table2(I)
UNFCCC CRT 2025,2025-04-15,2019,2.C.2,Ferroalloys production,3610.920259999999,3610.043579999999,0.03131,0.0,0.0,0.0,0.0,reported_directly_in_CRT_Table2(I),Table2(I)
UNFCCC CRT 2025,2025-04-15,2019,2.C.3,Aluminium production,460.8429935339867,449.4462185339867,0.0,0.0,0.0,11.396775,0.0,reported_directly_in_CRT_Table2(I),Table2(I)
UNFCCC CRT 2025,2025-04-15,2019,2.C.4,Magnesium production,0.0,0.0,0.0,0.0,0.0,0.0,0.0,reported_directly_in_CRT_Table2(I),Table2(I)
UNFCCC CRT 2025,2025-04-15,2019,2.C.5,Lead production,68.98788,68.98788,0.0,0.0,0.0,0.0,0.0,reported_directly_in_CRT_Table2(I),Table2(I)
UNFCCC CRT 2025,2025-04-15,2019,2.C.6,Zinc production,288.88746000000003,288.88746000000003,0.0,0.0,0.0,0.0,0.0,reported_directly_in_CRT_Table2(I),Table2(I)
UNFCCC CRT 2025,2025-04-15,2019,2.C.7,Other,0.0,0.0,0.0,0.0,0.0,0.0,0.0,reported_directly_in_CRT_Table2(I),Table2(I)
UNFCCC CRT 2025,2025-04-15,2019,2.D,Non-energy products from fuels and solvent use (4),321.5643130836883,321.5643130836883,0.0,0.0,0.0,0.0,0.0,reported_directly_in_CRT_Table2(I),Table2(I)
UNFCCC CRT 2025,2025-04-15,2019,2.D.1,Lubricant use,18.8672,18.8672,0.0,0.0,0.0,0.0,0.0,reported_directly_in_CRT_Table2(I),Table2(I)
UNFCCC CRT 2025,2025-04-15,2019,2.D.2,Paraffin wax use,0.016862560015329604,0.016862560015329604,0.0,0.0,0.0,0.0,0.0,reported_directly_in_CRT_Table2(I),Table2(I)
UNFCCC CRT 2025,2025-04-15,2019,2.D.3,Other,302.680250523673,302.680250523673,0.0,0.0,0.0,0.0,0.0,reported_directly_in_CRT_Table2(I),Table2(I)
UNFCCC CRT 2025,2025-04-15,2019,2.E,Electronics industry,0.0,0.0,0.0,0.0,0.0,0.0,0.0,reported_directly_in_CRT_Table2(I),Table2(I)
UNFCCC CRT 2025,2025-04-15,2019,2.E.1,Integrated circuit or semiconductor,0.0,0.0,0.0,0.0,0.0,0.0,0.0,reported_directly_in_CRT_Table2(I),Table2(I)
UNFCCC CRT 2025,2025-04-15,2019,2.E.2,TFT flat panel display,0.0,0.0,0.0,0.0,0.0,0.0,0.0,reported_directly_in_CRT_Table2(I),Table2(I)
UNFCCC CRT 2025,2025-04-15,2019,2.E.3,Photovoltaics,0.0,0.0,0.0,0.0,0.0,0.0,0.0,reported_directly_in_CRT_Table2(I),Table2(I)
UNFCCC CRT 2025,2025-04-15,2019,2.E.4,Heat transfer fluid,0.0,0.0,0.0,0.0,0.0,0.0,0.0,reported_directly_in_CRT_Table2(I),Table2(I)
UNFCCC CRT 2025,2025-04-15,2019,2.E.5,Other,0.0,0.0,0.0,0.0,0.0,0.0,0.0,reported_directly_in_CRT_Table2(I),Table2(I)
UNFCCC CRT 2025,2025-04-15,2019,2.F,Product uses as substitutes for ODS,2039.9594913977191,0.0,0.0,0.0,2039.9594913977191,0.0,0.0,reported_directly_in_CRT_Table2(I),Table2(I)
UNFCCC CRT 2025,2025-04-15,2019,2.F.1,Refrigeration and air conditioning,2033.5817525388904,0.0,0.0,0.0,2033.5817525388904,0.0,0.0,reported_directly_in_CRT_Table2(I),Table2(I)
UNFCCC CRT 2025,2025-04-15,2019,2.F.2,Foam blowing agents,0.0,0.0,0.0,0.0,0.0,0.0,0.0,reported_directly_in_CRT_Table2(I),Table2(I)
UNFCCC CRT 2025,2025-04-15,2019,2.F.3,Fire protection,0.0,0.0,0.0,0.0,0.0,0.0,0.0,reported_directly_in_CRT_Table2(I),Table2(I)
UNFCCC CRT 2025,2025-04-15,2019,2.F.4,Aerosols,6.377738858828987,0.0,0.0,0.0,6.377738858828987,0.0,0.0,reported_directly_in_CRT_Table2(I),Table2(I)
UNFCCC CRT 2025,2025-04-15,2019,2.F.5,Solvents,0.0,0.0,0.0,0.0,0.0,0.0,0.0,reported_directly_in_CRT_Table2(I),Table2(I)
UNFCCC CRT 2025,2025-04-15,2019,2.F.6,Other applications,0.0,0.0,0.0,0.0,0.0,0.0,0.0,reported_directly_in_CRT_Table2(I),Table2(I)
UNFCCC CRT 2025,2025-04-15,2019,2.G,Other product manufacture and use,2.3735,0.0,0.0,0.0,0.0,0.0,0.000101,reported_directly_in_CRT_Table2(I),Table2(I)
UNFCCC CRT 2025,2025-04-15,2019,2.G.1,Electrical equipment,2.3735,0.0,0.0,0.0,0.0,0.0,0.000101,reported_directly_in_CRT_Table2(I),Table2(I)
UNFCCC CRT 2025,2025-04-15,2019,2.G.2,SF6 and PFCs from other product use,0.0,0.0,0.0,0.0,0.0,0.0,0.0,reported_directly_in_CRT_Table2(I),Table2(I)
UNFCCC CRT 2025,2025-04-15,2019,2.G.3,N2O from product uses,0.0,0.0,0.0,0.0,0.0,0.0,0.0,reported_directly_in_CRT_Table2(I),Table2(I)
UNFCCC CRT 2025,2025-04-15,2019,2.G.4,Other,0.0,0.0,0.0,0.0,0.0,0.0,0.0,reported_directly_in_CRT_Table2(I),Table2(I)
UNFCCC CRT 2025,2025-04-15,2019,2.H,Other (5),0.0,0.0,0.0,0.0,0.0,0.0,0.0,reported_directly_in_CRT_Table2(I),Table2(I)
UNFCCC CRT 2025,2025-04-15,2019,2.H.1,Pulp and paper,0.0,0.0,0.0,0.0,0.0,0.0,0.0,reported_directly_in_CRT_Table2(I),Table2(I)
UNFCCC CRT 2025,2025-04-15,2019,2.H.2,Food and beverages industry,0.0,0.0,0.0,0.0,0.0,0.0,0.0,reported_directly_in_CRT_Table2(I),Table2(I)
UNFCCC CRT 2025,2025-04-15,2019,2.H.3,Other (please specify),0.0,0.0,0.0,0.0,0.0,0.0,0.0,reported_directly_in_CRT_Table2(I),Table2(I)
UNFCCC CRT 2025,2025-04-15,2020,2,Total industrial processes,26999.455690006787,24493.382077415565,0.43984999999999996,0.6572939999999999,2307.529069591223,9.672333,0.000101,reported_directly_in_CRT_Table2(I),Table2(I)
UNFCCC CRT 2025,2025-04-15,2020,2.A,Mineral industry,8129.53117932,8129.53117932,0.0,0.0,0.0,0.0,0.0,reported_directly_in_CRT_Table2(I),Table2(I)
UNFCCC CRT 2025,2025-04-15,2020,2.A.1,Cement production,4450.168,4450.168,0.0,0.0,0.0,0.0,0.0,reported_directly_in_CRT_Table2(I),Table2(I)
UNFCCC CRT 2025,2025-04-15,2020,2.A.2,Lime production,636.88485,636.88485,0.0,0.0,0.0,0.0,0.0,reported_directly_in_CRT_Table2(I),Table2(I)
UNFCCC CRT 2025,2025-04-15,2020,2.A.3,Glass production,11.699,11.699,0.0,0.0,0.0,0.0,0.0,reported_directly_in_CRT_Table2(I),Table2(I)
UNFCCC CRT 2025,2025-04-15,2020,2.A.4,Other process uses of carbonates,3030.7793293199998,3030.7793293199998,0.0,0.0,0.0,0.0,0.0,reported_directly_in_CRT_Table2(I),Table2(I)
UNFCCC CRT 2025,2025-04-15,2020,2.B,Chemical industry,564.4481087376532,390.2651987376533,0.0,0.6572939999999999,0.0,0.0,0.0,reported_directly_in_CRT_Table2(I),Table2(I)
UNFCCC CRT 2025,2025-04-15,2020,2.B.1,Ammonia production,365.3346987376533,365.3346987376533,0.0,0.0,0.0,0.0,0.0,reported_directly_in_CRT_Table2(I),Table2(I)
UNFCCC CRT 2025,2025-04-15,2020,2.B.2,Nitric acid production,174.18291,0.0,0.0,0.6572939999999999,0.0,0.0,0.0,reported_directly_in_CRT_Table2(I),Table2(I)
UNFCCC CRT 2025,2025-04-15,2020,2.B.3,Adipic acid production,0.0,0.0,0.0,0.0,0.0,0.0,0.0,reported_directly_in_CRT_Table2(I),Table2(I)
UNFCCC CRT 2025,2025-04-15,2020,2.B.4,"Caprolactam, glyoxal and glyoxylic acid production",0.0,0.0,0.0,0.0,0.0,0.0,0.0,reported_directly_in_CRT_Table2(I),Table2(I)
UNFCCC CRT 2025,2025-04-15,2020,2.B.5,Carbide production,24.9305,24.9305,0.0,0.0,0.0,0.0,0.0,reported_directly_in_CRT_Table2(I),Table2(I)
UNFCCC CRT 2025,2025-04-15,2020,2.B.6,Titanium dioxide production,0.0,0.0,0.0,0.0,0.0,0.0,0.0,reported_directly_in_CRT_Table2(I),Table2(I)
UNFCCC CRT 2025,2025-04-15,2020,2.B.7,Soda ash production,0.0,0.0,0.0,0.0,0.0,0.0,0.0,reported_directly_in_CRT_Table2(I),Table2(I)
UNFCCC CRT 2025,2025-04-15,2020,2.B.8,Petrochemical and carbon black production,0.0,0.0,0.0,0.0,0.0,0.0,0.0,reported_directly_in_CRT_Table2(I),Table2(I)
UNFCCC CRT 2025,2025-04-15,2020,2.B.9,Fluorochemical production,0.0,0.0,0.0,0.0,0.0,0.0,0.0,reported_directly_in_CRT_Table2(I),Table2(I)
UNFCCC CRT 2025,2025-04-15,2020,2.B.10,Other,0.0,0.0,0.0,0.0,0.0,0.0,0.0,reported_directly_in_CRT_Table2(I),Table2(I)
UNFCCC CRT 2025,2025-04-15,2020,2.C,Metal industry,15626.133704731115,15604.145571731115,0.43984999999999996,0.0,0.0,9.672333,0.0,reported_directly_in_CRT_Table2(I),Table2(I)
UNFCCC CRT 2025,2025-04-15,2020,2.C.1,Iron and steel production,10965.382902095853,10954.588062095852,0.38553,0.0,0.0,0.0,0.0,reported_directly_in_CRT_Table2(I),Table2(I)
UNFCCC CRT 2025,2025-04-15,2020,2.C.2,Ferroalloys production,3856.811959999999,3855.2909999999993,0.05432,0.0,0.0,0.0,0.0,reported_directly_in_CRT_Table2(I),Table2(I)
UNFCCC CRT 2025,2025-04-15,2020,2.C.3,Aluminium production,459.88130263526295,450.208969635263,0.0,0.0,0.0,9.672333,0.0,reported_directly_in_CRT_Table2(I),Table2(I)
UNFCCC CRT 2025,2025-04-15,2020,2.C.4,Magnesium production,0.0,0.0,0.0,0.0,0.0,0.0,0.0,reported_directly_in_CRT_Table2(I),Table2(I)
UNFCCC CRT 2025,2025-04-15,2020,2.C.5,Lead production,66.56,66.56,0.0,0.0,0.0,0.0,0.0,reported_directly_in_CRT_Table2(I),Table2(I)
UNFCCC CRT 2025,2025-04-15,2020,2.C.6,Zinc production,277.49754,277.49754,0.0,0.0,0.0,0.0,0.0,reported_directly_in_CRT_Table2(I),Table2(I)
UNFCCC CRT 2025,2025-04-15,2020,2.C.7,Other,0.0,0.0,0.0,0.0,0.0,0.0,0.0,reported_directly_in_CRT_Table2(I),Table2(I)
UNFCCC CRT 2025,2025-04-15,2020,2.D,Non-energy products from fuels and solvent use (4),369.44012762679745,369.44012762679745,0.0,0.0,0.0,0.0,0.0,reported_directly_in_CRT_Table2(I),Table2(I)
UNFCCC CRT 2025,2025-04-15,2020,2.D.1,Lubricant use,30.5413,30.5413,0.0,0.0,0.0,0.0,0.0,reported_directly_in_CRT_Table2(I),Table2(I)
UNFCCC CRT 2025,2025-04-15,2020,2.D.2,Paraffin wax use,0.06792192006174722,0.06792192006174722,0.0,0.0,0.0,0.0,0.0,reported_directly_in_CRT_Table2(I),Table2(I)
UNFCCC CRT 2025,2025-04-15,2020,2.D.3,Other,338.8309057067357,338.8309057067357,0.0,0.0,0.0,0.0,0.0,reported_directly_in_CRT_Table2(I),Table2(I)
UNFCCC CRT 2025,2025-04-15,2020,2.E,Electronics industry,0.0,0.0,0.0,0.0,0.0,0.0,0.0,reported_directly_in_CRT_Table2(I),Table2(I)
UNFCCC CRT 2025,2025-04-15,2020,2.E.1,Integrated circuit or semiconductor,0.0,0.0,0.0,0.0,0.0,0.0,0.0,reported_directly_in_CRT_Table2(I),Table2(I)
UNFCCC CRT 2025,2025-04-15,2020,2.E.2,TFT flat panel display,0.0,0.0,0.0,0.0,0.0,0.0,0.0,reported_directly_in_CRT_Table2(I),Table2(I)
UNFCCC CRT 2025,2025-04-15,2020,2.E.3,Photovoltaics,0.0,0.0,0.0,0.0,0.0,0.0,0.0,reported_directly_in_CRT_Table2(I),Table2(I)
UNFCCC CRT 2025,2025-04-15,2020,2.E.4,Heat transfer fluid,0.0,0.0,0.0,0.0,0.0,0.0,0.0,reported_directly_in_CRT_Table2(I),Table2(I)
UNFCCC CRT 2025,2025-04-15,2020,2.E.5,Other,0.0,0.0,0.0,0.0,0.0,0.0,0.0,reported_directly_in_CRT_Table2(I),Table2(I)
UNFCCC CRT 2025,2025-04-15,2020,2.F,Product uses as substitutes for ODS,2307.529069591223,0.0,0.0,0.0,2307.529069591223,0.0,0.0,reported_directly_in_CRT_Table2(I),Table2(I)
UNFCCC CRT 2025,2025-04-15,2020,2.F.1,Refrigeration and air conditioning,2301.070920435011,0.0,0.0,0.0,2301.070920435011,0.0,0.0,reported_directly_in_CRT_Table2(I),Table2(I)
UNFCCC CRT 2025,2025-04-15,2020,2.F.2,Foam blowing agents,0.0,0.0,0.0,0.0,0.0,0.0,0.0,reported_directly_in_CRT_Table2(I),Table2(I)
UNFCCC CRT 2025,2025-04-15,2020,2.F.3,Fire protection,0.0,0.0,0.0,0.0,0.0,0.0,0.0,reported_directly_in_CRT_Table2(I),Table2(I)
UNFCCC CRT 2025,2025-04-15,2020,2.F.4,Aerosols,6.4581491562122215,0.0,0.0,0.0,6.4581491562122215,0.0,0.0,reported_directly_in_CRT_Table2(I),Table2(I)
UNFCCC CRT 2025,2025-04-15,2020,2.F.5,Solvents,0.0,0.0,0.0,0.0,0.0,0.0,0.0,reported_directly_in_CRT_Table2(I),Table2(I)
UNFCCC CRT 2025,2025-04-15,2020,2.F.6,Other applications,0.0,0.0,0.0,0.0,0.0,0.0,0.0,reported_directly_in_CRT_Table2(I),Table2(I)
UNFCCC CRT 2025,2025-04-15,2020,2.G,Other product manufacture and use,2.3735,0.0,0.0,0.0,0.0,0.0,0.000101,reported_directly_in_CRT_Table2(I),Table2(I)
UNFCCC CRT 2025,2025-04-15,2020,2.G.1,Electrical equipment,2.3735,0.0,0.0,0.0,0.0,0.0,0.000101,reported_directly_in_CRT_Table2(I),Table2(I)
UNFCCC CRT 2025,2025-04-15,2020,2.G.2,SF6 and PFCs from other product use,0.0,0.0,0.0,0.0,0.0,0.0,0.0,reported_directly_in_CRT_Table2(I),Table2(I)
UNFCCC CRT 2025,2025-04-15,2020,2.G.3,N2O from product uses,0.0,0.0,0.0,0.0,0.0,0.0,0.0,reported_directly_in_CRT_Table2(I),Table2(I)
UNFCCC CRT 2025,2025-04-15,2020,2.G.4,Other,0.0,0.0,0.0,0.0,0.0,0.0,0.0,reported_directly_in_CRT_Table2(I),Table2(I)
UNFCCC CRT 2025,2025-04-15,2020,2.H,Other (5),0.0,0.0,0.0,0.0,0.0,0.0,0.0,reported_directly_in_CRT_Table2(I),Table2(I)
UNFCCC CRT 2025,2025-04-15,2020,2.H.1,Pulp and paper,0.0,0.0,0.0,0.0,0.0,0.0,0.0,reported_directly_in_CRT_Table2(I),Table2(I)
UNFCCC CRT 2025,2025-04-15,2020,2.H.2,Food and beverages industry,0.0,0.0,0.0,0.0,0.0,0.0,0.0,reported_directly_in_CRT_Table2(I),Table2(I)
UNFCCC CRT 2025,2025-04-15,2020,2.H.3,Other (please specify),0.0,0.0,0.0,0.0,0.0,0.0,0.0,reported_directly_in_CRT_Table2(I),Table2(I)
UNFCCC CRT 2025,2025-04-15,2021,2,Total industrial processes,26553.65214594794,23828.78038507106,0.41337999999999997,0.7691982,2498.3178978768847,8.6742,0.000105,reported_directly_in_CRT_Table2(I),Table2(I)
UNFCCC CRT 2025,2025-04-15,2021,2.A,Mineral industry,8158.442230386,8158.442230386,0.0,0.0,0.0,0.0,0.0,reported_directly_in_CRT_Table2(I),Table2(I)
UNFCCC CRT 2025,2025-04-15,2021,2.A.1,Cement production,3840.896,3840.896,0.0,0.0,0.0,0.0,0.0,reported_directly_in_CRT_Table2(I),Table2(I)
UNFCCC CRT 2025,2025-04-15,2021,2.A.2,Lime production,715.6220295,715.6220295,0.0,0.0,0.0,0.0,0.0,reported_directly_in_CRT_Table2(I),Table2(I)
UNFCCC CRT 2025,2025-04-15,2021,2.A.3,Glass production,20.64,20.64,0.0,0.0,0.0,0.0,0.0,reported_directly_in_CRT_Table2(I),Table2(I)
UNFCCC CRT 2025,2025-04-15,2021,2.A.4,Other process uses of carbonates,3581.284200886,3581.284200886,0.0,0.0,0.0,0.0,0.0,reported_directly_in_CRT_Table2(I),Table2(I)
UNFCCC CRT 2025,2025-04-15,2021,2.B,Chemical industry,654.8372429232,450.9997199232,0.0,0.7691982,0.0,0.0,0.0,reported_directly_in_CRT_Table2(I),Table2(I)
UNFCCC CRT 2025,2025-04-15,2021,2.B.1,Ammonia production,426.71861992320004,426.71861992320004,0.0,0.0,0.0,0.0,0.0,reported_directly_in_CRT_Table2(I),Table2(I)
UNFCCC CRT 2025,2025-04-15,2021,2.B.2,Nitric acid production,203.837523,0.0,0.0,0.7691982,0.0,0.0,0.0,reported_directly_in_CRT_Table2(I),Table2(I)
UNFCCC CRT 2025,2025-04-15,2021,2.B.3,Adipic acid production,0.0,0.0,0.0,0.0,0.0,0.0,0.0,reported_directly_in_CRT_Table2(I),Table2(I)
UNFCCC CRT 2025,2025-04-15,2021,2.B.4,"Caprolactam, glyoxal and glyoxylic acid production",0.0,0.0,0.0,0.0,0.0,0.0,0.0,reported_directly_in_CRT_Table2(I),Table2(I)
UNFCCC CRT 2025,2025-04-15,2021,2.B.5,Carbide production,24.2811,24.2811,0.0,0.0,0.0,0.0,0.0,reported_directly_in_CRT_Table2(I),Table2(I)
UNFCCC CRT 2025,2025-04-15,2021,2.B.6,Titanium dioxide production,0.0,0.0,0.0,0.0,0.0,0.0,0.0,reported_directly_in_CRT_Table2(I),Table2(I)
UNFCCC CRT 2025,2025-04-15,2021,2.B.7,Soda ash production,0.0,0.0,0.0,0.0,0.0,0.0,0.0,reported_directly_in_CRT_Table2(I),Table2(I)
UNFCCC CRT 2025,2025-04-15,2021,2.B.8,Petrochemical and carbon black production,0.0,0.0,0.0,0.0,0.0,0.0,0.0,reported_directly_in_CRT_Table2(I),Table2(I)
UNFCCC CRT 2025,2025-04-15,2021,2.B.9,Fluorochemical production,0.0,0.0,0.0,0.0,0.0,0.0,0.0,reported_directly_in_CRT_Table2(I),Table2(I)
UNFCCC CRT 2025,2025-04-15,2021,2.B.10,Other,0.0,0.0,0.0,0.0,0.0,0.0,0.0,reported_directly_in_CRT_Table2(I),Table2(I)
UNFCCC CRT 2025,2025-04-15,2021,2.C,Metal industry,14893.622277624307,14873.373437624306,0.41337999999999997,0.0,0.0,8.6742,0.0,reported_directly_in_CRT_Table2(I),Table2(I)
UNFCCC CRT 2025,2025-04-15,2021,2.C.1,Iron and steel production,10569.551309660532,10558.974309660533,0.37775,0.0,0.0,0.0,0.0,reported_directly_in_CRT_Table2(I),Table2(I)
UNFCCC CRT 2025,2025-04-15,2021,2.C.2,Ferroalloys production,3523.444206320001,3522.446566320001,0.03563,0.0,0.0,0.0,0.0,reported_directly_in_CRT_Table2(I),Table2(I)
UNFCCC CRT 2025,2025-04-15,2021,2.C.3,Aluminium production,439.23950164377334,430.56530164377335,0.0,0.0,0.0,8.6742,0.0,reported_directly_in_CRT_Table2(I),Table2(I)
UNFCCC CRT 2025,2025-04-15,2021,2.C.4,Magnesium production,0.0,0.0,0.0,0.0,0.0,0.0,0.0,reported_directly_in_CRT_Table2(I),Table2(I)
UNFCCC CRT 2025,2025-04-15,2021,2.C.5,Lead production,61.776,61.776,0.0,0.0,0.0,0.0,0.0,reported_directly_in_CRT_Table2(I),Table2(I)
UNFCCC CRT 2025,2025-04-15,2021,2.C.6,Zinc production,299.61126,299.61126,0.0,0.0,0.0,0.0,0.0,reported_directly_in_CRT_Table2(I),Table2(I)
UNFCCC CRT 2025,2025-04-15,2021,2.C.7,Other,0.0,0.0,0.0,0.0,0.0,0.0,0.0,reported_directly_in_CRT_Table2(I),Table2(I)
UNFCCC CRT 2025,2025-04-15,2021,2.D,Non-energy products from fuels and solvent use (4),345.96499713754935,345.96499713754935,0.0,0.0,0.0,0.0,0.0,reported_directly_in_CRT_Table2(I),Table2(I)
UNFCCC CRT 2025,2025-04-15,2021,2.D.1,Lubricant use,36.1425,36.1425,0.0,0.0,0.0,0.0,0.0,reported_directly_in_CRT_Table2(I),Table2(I)
UNFCCC CRT 2025,2025-04-15,2021,2.D.2,Paraffin wax use,0.08224920007477202,0.08224920007477202,0.0,0.0,0.0,0.0,0.0,reported_directly_in_CRT_Table2(I),Table2(I)
UNFCCC CRT 2025,2025-04-15,2021,2.D.3,Other,309.7402479374746,309.7402479374746,0.0,0.0,0.0,0.0,0.0,reported_directly_in_CRT_Table2(I),Table2(I)
UNFCCC CRT 2025,2025-04-15,2021,2.E,Electronics industry,0.0,0.0,0.0,0.0,0.0,0.0,0.0,reported_directly_in_CRT_Table2(I),Table2(I)
UNFCCC CRT 2025,2025-04-15,2021,2.E.1,Integrated circuit or semiconductor,0.0,0.0,0.0,0.0,0.0,0.0,0.0,reported_directly_in_CRT_Table2(I),Table2(I)
UNFCCC CRT 2025,2025-04-15,2021,2.E.2,TFT flat panel display,0.0,0.0,0.0,0.0,0.0,0.0,0.0,reported_directly_in_CRT_Table2(I),Table2(I)
UNFCCC CRT 2025,2025-04-15,2021,2.E.3,Photovoltaics,0.0,0.0,0.0,0.0,0.0,0.0,0.0,reported_directly_in_CRT_Table2(I),Table2(I)
UNFCCC CRT 2025,2025-04-15,2021,2.E.4,Heat transfer fluid,0.0,0.0,0.0,0.0,0.0,0.0,0.0,reported_directly_in_CRT_Table2(I),Table2(I)
UNFCCC CRT 2025,2025-04-15,2021,2.E.5,Other,0.0,0.0,0.0,0.0,0.0,0.0,0.0,reported_directly_in_CRT_Table2(I),Table2(I)
UNFCCC CRT 2025,2025-04-15,2021,2.F,Product uses as substitutes for ODS,2498.3178978768847,0.0,0.0,0.0,2498.3178978768847,0.0,0.0,reported_directly_in_CRT_Table2(I),Table2(I)
UNFCCC CRT 2025,2025-04-15,2021,2.F.1,Refrigeration and air conditioning,2491.6906601742717,0.0,0.0,0.0,2491.6906601742717,0.0,0.0,reported_directly_in_CRT_Table2(I),Table2(I)
UNFCCC CRT 2025,2025-04-15,2021,2.F.2,Foam blowing agents,0.0,0.0,0.0,0.0,0.0,0.0,0.0,reported_directly_in_CRT_Table2(I),Table2(I)
UNFCCC CRT 2025,2025-04-15,2021,2.F.3,Fire protection,0.0,0.0,0.0,0.0,0.0,0.0,0.0,reported_directly_in_CRT_Table2(I),Table2(I)
UNFCCC CRT 2025,2025-04-15,2021,2.F.4,Aerosols,6.627237702613528,0.0,0.0,0.0,6.627237702613528,0.0,0.0,reported_directly_in_CRT_Table2(I),Table2(I)
UNFCCC CRT 2025,2025-04-15,2021,2.F.5,Solvents,0.0,0.0,0.0,0.0,0.0,0.0,0.0,reported_directly_in_CRT_Table2(I),Table2(I)
UNFCCC CRT 2025,2025-04-15,2021,2.F.6,Other applications,0.0,0.0,0.0,0.0,0.0,0.0,0.0,reported_directly_in_CRT_Table2(I),Table2(I)
UNFCCC CRT 2025,2025-04-15,2021,2.G,Other product manufacture and use,2.4675000000000002,0.0,0.0,0.0,0.0,0.0,0.000105,reported_directly_in_CRT_Table2(I),Table2(I)
UNFCCC CRT 2025,2025-04-15,2021,2.G.1,Electrical equipment,2.4675000000000002,0.0,0.0,0.0,0.0,0.0,0.000105,reported_directly_in_CRT_Table2(I),Table2(I)
UNFCCC CRT 2025,2025-04-15,2021,2.G.2,SF6 and PFCs from other product use,0.0,0.0,0.0,0.0,0.0,0.0,0.0,reported_directly_in_CRT_Table2(I),Table2(I)
UNFCCC CRT 2025,2025-04-15,2021,2.G.3,N2O from product uses,0.0,0.0,0.0,0.0,0.0,0.0,0.0,reported_directly_in_CRT_Table2(I),Table2(I)
UNFCCC CRT 2025,2025-04-15,2021,2.G.4,Other,0.0,0.0,0.0,0.0,0.0,0.0,0.0,reported_directly_in_CRT_Table2(I),Table2(I)
UNFCCC CRT 2025,2025-04-15,2021,2.H,Other (5),0.0,0.0,0.0,0.0,0.0,0.0,0.0,reported_directly_in_CRT_Table2(I),Table2(I)
UNFCCC CRT 2025,2025-04-15,2021,2.H.1,Pulp and paper,0.0,0.0,0.0,0.0,0.0,0.0,0.0,reported_directly_in_CRT_Table2(I),Table2(I)
UNFCCC CRT 2025,2025-04-15,2021,2.H.2,Food and beverages industry,0.0,0.0,0.0,0.0,0.0,0.0,0.0,reported_directly_in_CRT_Table2(I),Table2(I)
UNFCCC CRT 2025,2025-04-15,2021,2.H.3,Other (please specify),0.0,0.0,0.0,0.0,0.0,0.0,0.0,reported_directly_in_CRT_Table2(I),Table2(I)
UNFCCC CRT 2025,2025-04-15,2022,2,Total industrial processes,26723.220516796115,23808.926093076803,0.38293,0.6504492000000001,2721.279666719312,7.3856790000000005,0.000108,reported_directly_in_CRT_Table2(I),Table2(I)
UNFCCC CRT 2025,2025-04-15,2022,2.A,Mineral industry,9054.624532079,9054.624532079,0.0,0.0,0.0,0.0,0.0,reported_directly_in_CRT_Table2(I),Table2(I)
UNFCCC CRT 2025,2025-04-15,2022,2.A.1,Cement production,4458.223,4458.223,0.0,0.0,0.0,0.0,0.0,reported_directly_in_CRT_Table2(I),Table2(I)
UNFCCC CRT 2025,2025-04-15,2022,2.A.2,Lime production,725.3473815000001,725.3473815000001,0.0,0.0,0.0,0.0,0.0,reported_directly_in_CRT_Table2(I),Table2(I)
UNFCCC CRT 2025,2025-04-15,2022,2.A.3,Glass production,28.3277,28.3277,0.0,0.0,0.0,0.0,0.0,reported_directly_in_CRT_Table2(I),Table2(I)
UNFCCC CRT 2025,2025-04-15,2022,2.A.4,Other process uses of carbonates,3842.726450579,3842.726450579,0.0,0.0,0.0,0.0,0.0,reported_directly_in_CRT_Table2(I),Table2(I)
UNFCCC CRT 2025,2025-04-15,2022,2.B,Chemical industry,549.0344194565067,376.6653814565067,0.0,0.6504492000000001,0.0,0.0,0.0,reported_directly_in_CRT_Table2(I),Table2(I)
UNFCCC CRT 2025,2025-04-15,2022,2.B.1,Ammonia production,349.1712814565067,349.1712814565067,0.0,0.0,0.0,0.0,0.0,reported_directly_in_CRT_Table2(I),Table2(I)
UNFCCC CRT 2025,2025-04-15,2022,2.B.2,Nitric acid production,172.36903800000002,0.0,0.0,0.6504492000000001,0.0,0.0,0.0,reported_directly_in_CRT_Table2(I),Table2(I)
UNFCCC CRT 2025,2025-04-15,2022,2.B.3,Adipic acid production,0.0,0.0,0.0,0.0,0.0,0.0,0.0,reported_directly_in_CRT_Table2(I),Table2(I)
UNFCCC CRT 2025,2025-04-15,2022,2.B.4,"Caprolactam, glyoxal and glyoxylic acid production",0.0,0.0,0.0,0.0,0.0,0.0,0.0,reported_directly_in_CRT_Table2(I),Table2(I)
UNFCCC CRT 2025,2025-04-15,2022,2.B.5,Carbide production,27.494099999999996,27.494099999999996,0.0,0.0,0.0,0.0,0.0,reported_directly_in_CRT_Table2(I),Table2(I)
UNFCCC CRT 2025,2025-04-15,2022,2.B.6,Titanium dioxide production,0.0,0.0,0.0,0.0,0.0,0.0,0.0,reported_directly_in_CRT_Table2(I),Table2(I)
UNFCCC CRT 2025,2025-04-15,2022,2.B.7,Soda ash production,0.0,0.0,0.0,0.0,0.0,0.0,0.0,reported_directly_in_CRT_Table2(I),Table2(I)
UNFCCC CRT 2025,2025-04-15,2022,2.B.8,Petrochemical and carbon black production,0.0,0.0,0.0,0.0,0.0,0.0,0.0,reported_directly_in_CRT_Table2(I),Table2(I)
UNFCCC CRT 2025,2025-04-15,2022,2.B.9,Fluorochemical production,0.0,0.0,0.0,0.0,0.0,0.0,0.0,reported_directly_in_CRT_Table2(I),Table2(I)
UNFCCC CRT 2025,2025-04-15,2022,2.B.10,Other,0.0,0.0,0.0,0.0,0.0,0.0,0.0,reported_directly_in_CRT_Table2(I),Table2(I)
UNFCCC CRT 2025,2025-04-15,2022,2.C,Metal industry,13958.42326454257,13940.31554554257,0.38293,0.0,0.0,7.3856790000000005,0.0,reported_directly_in_CRT_Table2(I),Table2(I)
UNFCCC CRT 2025,2025-04-15,2022,2.C.1,Iron and steel production,9414.783360403428,9405.302280403428,0.33861,0.0,0.0,0.0,0.0,reported_directly_in_CRT_Table2(I),Table2(I)
UNFCCC CRT 2025,2025-04-15,2022,2.C.2,Ferroalloys production,3784.55436,3783.3134,0.04432,0.0,0.0,0.0,0.0,reported_directly_in_CRT_Table2(I),Table2(I)
UNFCCC CRT 2025,2025-04-15,2022,2.C.3,Aluminium production,403.56022413914036,396.1745451391404,0.0,0.0,0.0,7.3856790000000005,0.0,reported_directly_in_CRT_Table2(I),Table2(I)
UNFCCC CRT 2025,2025-04-15,2022,2.C.4,Magnesium production,0.0,0.0,0.0,0.0,0.0,0.0,0.0,reported_directly_in_CRT_Table2(I),Table2(I)
UNFCCC CRT 2025,2025-04-15,2022,2.C.5,Lead production,61.620000000000005,61.620000000000005,0.0,0.0,0.0,0.0,0.0,reported_directly_in_CRT_Table2(I),Table2(I)
UNFCCC CRT 2025,2025-04-15,2022,2.C.6,Zinc production,293.90532,293.90532,0.0,0.0,0.0,0.0,0.0,reported_directly_in_CRT_Table2(I),Table2(I)
UNFCCC CRT 2025,2025-04-15,2022,2.C.7,Other,0.0,0.0,0.0,0.0,0.0,0.0,0.0,reported_directly_in_CRT_Table2(I),Table2(I)
UNFCCC CRT 2025,2025-04-15,2022,2.D,Non-energy products from fuels and solvent use (4),437.3206339987256,437.3206339987256,0.0,0.0,0.0,0.0,0.0,reported_directly_in_CRT_Table2(I),Table2(I)
UNFCCC CRT 2025,2025-04-15,2022,2.D.1,Lubricant use,40.2107,40.2107,0.0,0.0,0.0,0.0,0.0,reported_directly_in_CRT_Table2(I),Table2(I)
UNFCCC CRT 2025,2025-04-15,2022,2.D.2,Paraffin wax use,0.08696600007906001,0.08696600007906001,0.0,0.0,0.0,0.0,0.0,reported_directly_in_CRT_Table2(I),Table2(I)
UNFCCC CRT 2025,2025-04-15,2022,2.D.3,Other,397.02296799864655,397.02296799864655,0.0,0.0,0.0,0.0,0.0,reported_directly_in_CRT_Table2(I),Table2(I)
UNFCCC CRT 2025,2025-04-15,2022,2.E,Electronics industry,0.0,0.0,0.0,0.0,0.0,0.0,0.0,reported_directly_in_CRT_Table2(I),Table2(I)
UNFCCC CRT 2025,2025-04-15,2022,2.E.1,Integrated circuit or semiconductor,0.0,0.0,0.0,0.0,0.0,0.0,0.0,reported_directly_in_CRT_Table2(I),Table2(I)
UNFCCC CRT 2025,2025-04-15,2022,2.E.2,TFT flat panel display,0.0,0.0,0.0,0.0,0.0,0.0,0.0,reported_directly_in_CRT_Table2(I),Table2(I)
UNFCCC CRT 2025,2025-04-15,2022,2.E.3,Photovoltaics,0.0,0.0,0.0,0.0,0.0,0.0,0.0,reported_directly_in_CRT_Table2(I),Table2(I)
UNFCCC CRT 2025,2025-04-15,2022,2.E.4,Heat transfer fluid,0.0,0.0,0.0,0.0,0.0,0.0,0.0,reported_directly_in_CRT_Table2(I),Table2(I)
UNFCCC CRT 2025,2025-04-15,2022,2.E.5,Other,0.0,0.0,0.0,0.0,0.0,0.0,0.0,reported_directly_in_CRT_Table2(I),Table2(I)
UNFCCC CRT 2025,2025-04-15,2022,2.F,Product uses as substitutes for ODS,2721.279666719312,0.0,0.0,0.0,2721.279666719312,0.0,0.0,reported_directly_in_CRT_Table2(I),Table2(I)
UNFCCC CRT 2025,2025-04-15,2022,2.F.1,Refrigeration and air conditioning,2714.5028196162543,0.0,0.0,0.0,2714.5028196162543,0.0,0.0,reported_directly_in_CRT_Table2(I),Table2(I)
UNFCCC CRT 2025,2025-04-15,2022,2.F.2,Foam blowing agents,0.0,0.0,0.0,0.0,0.0,0.0,0.0,reported_directly_in_CRT_Table2(I),Table2(I)
UNFCCC CRT 2025,2025-04-15,2022,2.F.3,Fire protection,0.0,0.0,0.0,0.0,0.0,0.0,0.0,reported_directly_in_CRT_Table2(I),Table2(I)
UNFCCC CRT 2025,2025-04-15,2022,2.F.4,Aerosols,6.776847103057174,0.0,0.0,0.0,6.776847103057174,0.0,0.0,reported_directly_in_CRT_Table2(I),Table2(I)
UNFCCC CRT 2025,2025-04-15,2022,2.F.5,Solvents,0.0,0.0,0.0,0.0,0.0,0.0,0.0,reported_directly_in_CRT_Table2(I),Table2(I)
UNFCCC CRT 2025,2025-04-15,2022,2.F.6,Other applications,0.0,0.0,0.0,0.0,0.0,0.0,0.0,reported_directly_in_CRT_Table2(I),Table2(I)
UNFCCC CRT 2025,2025-04-15,2022,2.G,Other product manufacture and use,2.538,0.0,0.0,0.0,0.0,0.0,0.000108,reported_directly_in_CRT_Table2(I),Table2(I)
UNFCCC CRT 2025,2025-04-15,2022,2.G.1,Electrical equipment,2.538,0.0,0.0,0.0,0.0,0.0,0.000108,reported_directly_in_CRT_Table2(I),Table2(I)
UNFCCC CRT 2025,2025-04-15,2022,2.G.2,SF6 and PFCs from other product use,0.0,0.0,0.0,0.0,0.0,0.0,0.0,reported_directly_in_CRT_Table2(I),Table2(I)
UNFCCC CRT 2025,2025-04-15,2022,2.G.3,N2O from product uses,0.0,0.0,0.0,0.0,0.0,0.0,0.0,reported_directly_in_CRT_Table2(I),Table2(I)
UNFCCC CRT 2025,2025-04-15,2022,2.G.4,Other,0.0,0.0,0.0,0.0,0.0,0.0,0.0,reported_directly_in_CRT_Table2(I),Table2(I)
UNFCCC CRT 2025,2025-04-15,2022,2.H,Other (5),0.0,0.0,0.0,0.0,0.0,0.0,0.0,reported_directly_in_CRT_Table2(I),Table2(I)
UNFCCC CRT 2025,2025-04-15,2022,2.H.1,Pulp and paper,0.0,0.0,0.0,0.0,0.0,0.0,0.0,reported_directly_in_CRT_Table2(I),Table2(I)
UNFCCC CRT 2025,2025-04-15,2022,2.H.2,Food and beverages industry,0.0,0.0,0.0,0.0,0.0,0.0,0.0,reported_directly_in_CRT_Table2(I),Table2(I)
UNFCCC CRT 2025,2025-04-15,2022,2.H.3,Other (please specify),0.0,0.0,0.0,0.0,0.0,0.0,0.0,reported_directly_in_CRT_Table2(I),Table2(I)
UNFCCC CRT 2025,2025-04-15,2023,2,Total industrial processes,26772.703796981103,23871.776681531224,0.376434,0.5924,2722.440888449873,8.328075,0.000112,reported_directly_in_CRT_Table2(I),Table2(I)
UNFCCC CRT 2025,2025-04-15,2023,2.A,Mineral industry,9636.6663,9636.6663,0.0,0.0,0.0,0.0,0.0,reported_directly_in_CRT_Table2(I),Table2(I)
UNFCCC CRT 2025,2025-04-15,2023,2.A.1,Cement production,4345.666,4345.666,0.0,0.0,0.0,0.0,0.0,reported_directly_in_CRT_Table2(I),Table2(I)
UNFCCC CRT 2025,2025-04-15,2023,2.A.2,Lime production,721.506,721.506,0.0,0.0,0.0,0.0,0.0,reported_directly_in_CRT_Table2(I),Table2(I)
UNFCCC CRT 2025,2025-04-15,2023,2.A.3,Glass production,24.48,24.48,0.0,0.0,0.0,0.0,0.0,reported_directly_in_CRT_Table2(I),Table2(I)
UNFCCC CRT 2025,2025-04-15,2023,2.A.4,Other process uses of carbonates,4545.0143,4545.0143,0.0,0.0,0.0,0.0,0.0,reported_directly_in_CRT_Table2(I),Table2(I)
UNFCCC CRT 2025,2025-04-15,2023,2.B,Chemical industry,510.4299,353.4439,0.0,0.5924,0.0,0.0,0.0,reported_directly_in_CRT_Table2(I),Table2(I)
UNFCCC CRT 2025,2025-04-15,2023,2.B.1,Ammonia production,326.0179,326.0179,0.0,0.0,0.0,0.0,0.0,reported_directly_in_CRT_Table2(I),Table2(I)
UNFCCC CRT 2025,2025-04-15,2023,2.B.2,Nitric acid production,156.98600000000002,0.0,0.0,0.5924,0.0,0.0,0.0,reported_directly_in_CRT_Table2(I),Table2(I)
UNFCCC CRT 2025,2025-04-15,2023,2.B.3,Adipic acid production,0.0,0.0,0.0,0.0,0.0,0.0,0.0,reported_directly_in_CRT_Table2(I),Table2(I)
UNFCCC CRT 2025,2025-04-15,2023,2.B.4,"Caprolactam, glyoxal and glyoxylic acid production",0.0,0.0,0.0,0.0,0.0,0.0,0.0,reported_directly_in_CRT_Table2(I),Table2(I)
UNFCCC CRT 2025,2025-04-15,2023,2.B.5,Carbide production,27.426,27.426,0.0,0.0,0.0,0.0,0.0,reported_directly_in_CRT_Table2(I),Table2(I)
UNFCCC CRT 2025,2025-04-15,2023,2.B.6,Titanium dioxide production,0.0,0.0,0.0,0.0,0.0,0.0,0.0,reported_directly_in_CRT_Table2(I),Table2(I)
UNFCCC CRT 2025,2025-04-15,2023,2.B.7,Soda ash production,0.0,0.0,0.0,0.0,0.0,0.0,0.0,reported_directly_in_CRT_Table2(I),Table2(I)
UNFCCC CRT 2025,2025-04-15,2023,2.B.8,Petrochemical and carbon black production,0.0,0.0,0.0,0.0,0.0,0.0,0.0,reported_directly_in_CRT_Table2(I),Table2(I)
UNFCCC CRT 2025,2025-04-15,2023,2.B.9,Fluorochemical production,0.0,0.0,0.0,0.0,0.0,0.0,0.0,reported_directly_in_CRT_Table2(I),Table2(I)
UNFCCC CRT 2025,2025-04-15,2023,2.B.10,Other,0.0,0.0,0.0,0.0,0.0,0.0,0.0,reported_directly_in_CRT_Table2(I),Table2(I)
UNFCCC CRT 2025,2025-04-15,2023,2.C,Metal industry,13485.784866999998,13466.91664,0.376434,0.0,0.0,8.328075,0.0,reported_directly_in_CRT_Table2(I),Table2(I)
UNFCCC CRT 2025,2025-04-15,2023,2.C.1,Iron and steel production,9309.36422,9299.8571,0.33954,0.0,0.0,0.0,0.0,reported_directly_in_CRT_Table2(I),Table2(I)
UNFCCC CRT 2025,2025-04-15,2023,2.C.2,Ferroalloys production,3426.581312,3425.54828,0.036894,0.0,0.0,0.0,0.0,reported_directly_in_CRT_Table2(I),Table2(I)
UNFCCC CRT 2025,2025-04-15,2023,2.C.3,Aluminium production,412.064835,403.73676,0.0,0.0,0.0,8.328075,0.0,reported_directly_in_CRT_Table2(I),Table2(I)
UNFCCC CRT 2025,2025-04-15,2023,2.C.4,Magnesium production,0.0,0.0,0.0,0.0,0.0,0.0,0.0,reported_directly_in_CRT_Table2(I),Table2(I)
UNFCCC CRT 2025,2025-04-15,2023,2.C.5,Lead production,63.1124,63.1124,0.0,0.0,0.0,0.0,0.0,reported_directly_in_CRT_Table2(I),Table2(I)
UNFCCC CRT 2025,2025-04-15,2023,2.C.6,Zinc production,274.6621,274.6621,0.0,0.0,0.0,0.0,0.0,reported_directly_in_CRT_Table2(I),Table2(I)
UNFCCC CRT 2025,2025-04-15,2023,2.C.7,Other,0.0,0.0,0.0,0.0,0.0,0.0,0.0,reported_directly_in_CRT_Table2(I),Table2(I)
UNFCCC CRT 2025,2025-04-15,2023,2.D,Non-energy products from fuels and solvent use (4),414.7498415312247,414.7498415312247,0.0,0.0,0.0,0.0,0.0,reported_directly_in_CRT_Table2(I),Table2(I)
UNFCCC CRT 2025,2025-04-15,2023,2.D.1,Lubricant use,35.4349,35.4349,0.0,0.0,0.0,0.0,0.0,reported_directly_in_CRT_Table2(I),Table2(I)
UNFCCC CRT 2025,2025-04-15,2023,2.D.2,Paraffin wax use,0.0689,0.0689,0.0,0.0,0.0,0.0,0.0,reported_directly_in_CRT_Table2(I),Table2(I)
UNFCCC CRT 2025,2025-04-15,2023,2.D.3,Other,379.2460415312247,379.2460415312247,0.0,0.0,0.0,0.0,0.0,reported_directly_in_CRT_Table2(I),Table2(I)
UNFCCC CRT 2025,2025-04-15,2023,2.E,Electronics industry,0.0,0.0,0.0,0.0,0.0,0.0,0.0,reported_directly_in_CRT_Table2(I),Table2(I)
UNFCCC CRT 2025,2025-04-15,2023,2.E.1,Integrated circuit or semiconductor,0.0,0.0,0.0,0.0,0.0,0.0,0.0,reported_directly_in_CRT_Table2(I),Table2(I)
UNFCCC CRT 2025,2025-04-15,2023,2.E.2,TFT flat panel display,0.0,0.0,0.0,0.0,0.0,0.0,0.0,reported_directly_in_CRT_Table2(I),Table2(I)
UNFCCC CRT 2025,2025-04-15,2023,2.E.3,Photovoltaics,0.0,0.0,0.0,0.0,0.0,0.0,0.0,reported_directly_in_CRT_Table2(I),Table2(I)
UNFCCC CRT 2025,2025-04-15,2023,2.E.4,Heat transfer fluid,0.0,0.0,0.0,0.0,0.0,0.0,0.0,reported_directly_in_CRT_Table2(I),Table2(I)
UNFCCC CRT 2025,2025-04-15,2023,2.E.5,Other,0.0,0.0,0.0,0.0,0.0,0.0,0.0,reported_directly_in_CRT_Table2(I),Table2(I)
UNFCCC CRT 2025,2025-04-15,2023,2.F,Product uses as substitutes for ODS,2722.440888449873,0.0,0.0,0.0,2722.440888449873,0.0,0.0,reported_directly_in_CRT_Table2(I),Table2(I)
UNFCCC CRT 2025,2025-04-15,2023,2.F.1,Refrigeration and air conditioning,2715.5100405675603,0.0,0.0,0.0,2715.5100405675603,0.0,0.0,reported_directly_in_CRT_Table2(I),Table2(I)
UNFCCC CRT 2025,2025-04-15,2023,2.F.2,Foam blowing agents,0.0,0.0,0.0,0.0,0.0,0.0,0.0,reported_directly_in_CRT_Table2(I),Table2(I)
UNFCCC CRT 2025,2025-04-15,2023,2.F.3,Fire protection,0.0,0.0,0.0,0.0,0.0,0.0,0.0,reported_directly_in_CRT_Table2(I),Table2(I)
UNFCCC CRT 2025,2025-04-15,2023,2.F.4,Aerosols,6.930847882312588,0.0,0.0,0.0,6.930847882312588,0.0,0.0,reported_directly_in_CRT_Table2(I),Table2(I)
UNFCCC CRT 2025,2025-04-15,2023,2.F.5,Solvents,0.0,0.0,0.0,0.0,0.0,0.0,0.0,reported_directly_in_CRT_Table2(I),Table2(I)
UNFCCC CRT 2025,2025-04-15,2023,2.F.6,Other applications,0.0,0.0,0.0,0.0,0.0,0.0,0.0,reported_directly_in_CRT_Table2(I),Table2(I)
UNFCCC CRT 2025,2025-04-15,2023,2.G,Other product manufacture and use,2.632,0.0,0.0,0.0,0.0,0.0,0.000112,reported_directly_in_CRT_Table2(I),Table2(I)
UNFCCC CRT 2025,2025-04-15,2023,2.G.1,Electrical equipment,2.632,0.0,0.0,0.0,0.0,0.0,0.000112,reported_directly_in_CRT_Table2(I),Table2(I)
UNFCCC CRT 2025,2025-04-15,2023,2.G.2,SF6 and PFCs from other product use,0.0,0.0,0.0,0.0,0.0,0.0,0.0,reported_directly_in_CRT_Table2(I),Table2(I)
UNFCCC CRT 2025,2025-04-15,2023,2.G.3,N2O from product uses,0.0,0.0,0.0,0.0,0.0,0.0,0.0,reported_directly_in_CRT_Table2(I),Table2(I)
UNFCCC CRT 2025,2025-04-15,2023,2.G.4,Other,0.0,0.0,0.0,0.0,0.0,0.0,0.0,reported_directly_in_CRT_Table2(I),Table2(I)
UNFCCC CRT 2025,2025-04-15,2023,2.H,Other (5),0.0,0.0,0.0,0.0,0.0,0.0,0.0,reported_directly_in_CRT_Table2(I),Table2(I)
UNFCCC CRT 2025,2025-04-15,2023,2.H.1,Pulp and paper,0.0,0.0,0.0,0.0,0.0,0.0,0.0,reported_directly_in_CRT_Table2(I),Table2(I)
UNFCCC CRT 2025,2025-04-15,2023,2.H.2,Food and beverages industry,0.0,0.0,0.0,0.0,0.0,0.0,0.0,reported_directly_in_CRT_Table2(I),Table2(I)
UNFCCC CRT 2025,2025-04-15,2023,2.H.3,Other (please specify),0.0,0.0,0.0,0.0,0.0,0.0,0.0,reported_directly_in_CRT_Table2(I),Table2(I)
